{
	"editor": {
		"allAngles": false,
		"entityTextureMode": false
	},
	"textureWidth": 16,
	"textureHeight": 16,
	"textureSizes": {
	},
	"textures": {
		"hazelnut": "items/fruit/hazelnut"
	},
	"elements": [
		{
			"name": "Cube11",
			"from": [ 6.75, 1.0, 8.0 ], 
			"to": [ 9.25, 3.5, 10.5 ], 
			"rotationOrigin": [ 8.0, 1.8, 8.0 ],
			"rotationX": -67.5,
			"faces": {
				"north": { "texture": "#hazelnut", "uv": [ 0.0, 6.0, 5.0, 11.0 ], "autoUv": false },
				"east": { "texture": "#hazelnut", "uv": [ 6.0, 0.0, 11.0, 5.0 ], "rotation": 270, "autoUv": false },
				"south": { "texture": "#hazelnut", "uv": [ 0.0, 0.0, 5.0, 5.0 ], "autoUv": false },
				"west": { "texture": "#hazelnut", "uv": [ 6.0, 0.0, 11.0, 5.0 ], "rotation": 90, "autoUv": false },
				"up": { "texture": "#hazelnut", "uv": [ 6.0, 0.0, 11.0, 5.0 ], "rotation": 180, "autoUv": false },
				"down": { "texture": "#hazelnut", "uv": [ 6.0, 0.0, 11.0, 5.0 ], "rotation": 180, "autoUv": false }
			},
			"children": [
				{
					"name": "Cube1",
					"from": [ 0.0, 0.0, 1.5 ], 
					"to": [ 0.0, 2.5, 2.5 ], 
					"shade": false,
					"rotationOrigin": [ 0.0, 0.0, 1.5 ],
					"rotationY": -35.0,
					"faces": {
						"north": { "texture": "#hazelnut", "uv": [ 0.0, 0.0, 1.0, 2.0 ], "enabled": false },
						"east": { "texture": "#hazelnut", "uv": [ 6.0, 9.0, 11.0, 11.0 ], "rotation": 270, "autoUv": false },
						"south": { "texture": "#hazelnut", "uv": [ 0.0, 0.0, 1.0, 2.0 ], "enabled": false },
						"west": { "texture": "#hazelnut", "uv": [ 0.0, 0.0, 1.0, 2.0 ], "enabled": false },
						"up": { "texture": "#hazelnut", "uv": [ 0.0, 0.0, 1.0, 1.0 ], "enabled": false },
						"down": { "texture": "#hazelnut", "uv": [ 0.0, 0.0, 1.0, 1.0 ], "enabled": false }
					}
				},
				{
					"name": "Cube3",
					"from": [ 2.5, 0.0, 1.5 ], 
					"to": [ 2.5, 2.5, 2.5 ], 
					"shade": false,
					"rotationOrigin": [ 2.5, 0.0, 1.5 ],
					"rotationY": 35.0,
					"faces": {
						"north": { "texture": "#hazelnut", "uv": [ 0.0, 0.0, 1.0, 2.0 ], "enabled": false },
						"east": { "texture": "#hazelnut", "uv": [ 6.0, 9.0, 11.0, 11.0 ], "rotation": 270, "enabled": false, "autoUv": false },
						"south": { "texture": "#hazelnut", "uv": [ 0.0, 0.0, 1.0, 2.0 ], "enabled": false },
						"west": { "texture": "#hazelnut", "uv": [ 6.0, 9.0, 11.0, 11.0 ], "rotation": 90, "autoUv": false, "windMode": [-1,-1,-1,-1] },
						"up": { "texture": "#hazelnut", "uv": [ 0.0, 0.0, 1.0, 1.0 ], "enabled": false },
						"down": { "texture": "#hazelnut", "uv": [ 0.0, 0.0, 1.0, 1.0 ], "enabled": false }
					}
				},
				{
					"name": "Cube4",
					"from": [ 0.0, 0.0, 1.5 ], 
					"to": [ 2.5, 0.0, 2.5 ], 
					"shade": false,
					"rotationOrigin": [ 0.0, 0.0, 1.5 ],
					"rotationX": 35.0,
					"faces": {
						"north": { "texture": "#hazelnut", "uv": [ 0.0, 0.0, 2.0, 1.0 ], "enabled": false },
						"east": { "texture": "#hazelnut", "uv": [ 6.0, 9.0, 11.0, 11.0 ], "rotation": 270, "enabled": false, "autoUv": false, "windMode": [-1,-1,-1,-1] },
						"south": { "texture": "#hazelnut", "uv": [ 8.0, 10.0, 10.0, 11.0 ], "enabled": false, "windMode": [-1,-1,-1,-1] },
						"west": { "texture": "#hazelnut", "uv": [ 6.0, 9.0, 11.0, 11.0 ], "rotation": 90, "enabled": false, "autoUv": false },
						"up": { "texture": "#hazelnut", "uv": [ 6.0, 9.0, 11.0, 11.0 ], "rotation": 180, "autoUv": false, "windMode": [-1,-1,-1,-1] },
						"down": { "texture": "#hazelnut", "uv": [ 0.0, 0.0, 2.0, 1.0 ], "enabled": false }
					}
				},
				{
					"name": "Cube5",
					"from": [ 0.0, 2.5, 1.5 ], 
					"to": [ 2.5, 2.5, 2.5 ], 
					"shade": false,
					"rotationOrigin": [ 0.0, 2.5, 1.5 ],
					"rotationX": -35.0,
					"faces": {
						"north": { "texture": "#hazelnut", "uv": [ 0.0, 0.0, 2.0, 1.0 ], "enabled": false },
						"east": { "texture": "#hazelnut", "uv": [ 6.0, 9.0, 11.0, 11.0 ], "rotation": 270, "enabled": false, "autoUv": false },
						"south": { "texture": "#hazelnut", "uv": [ 8.0, 10.0, 10.0, 11.0 ], "enabled": false },
						"west": { "texture": "#hazelnut", "uv": [ 6.0, 9.0, 11.0, 11.0 ], "rotation": 90, "enabled": false, "autoUv": false },
						"up": { "texture": "#hazelnut", "uv": [ 6.0, 9.0, 11.0, 11.0 ], "rotation": 180, "enabled": false, "autoUv": false },
						"down": { "texture": "#hazelnut", "uv": [ 6.0, 9.0, 11.0, 11.0 ], "rotation": 180, "autoUv": false, "windMode": [-1,-1,-1,-1] }
					}
				}
			]
		},
		{
			"name": "Cube6",
			"from": [ 6.9, -1.0, 8.1 ], 
			"to": [ 9.4, 1.5, 10.6 ], 
			"rotationOrigin": [ 9.0, -0.2, 8.0 ],
			"rotationY": 35.0,
			"rotationZ": -55.0,
			"faces": {
				"north": { "texture": "#hazelnut", "uv": [ 0.0, 6.0, 5.0, 11.0 ], "autoUv": false },
				"east": { "texture": "#hazelnut", "uv": [ 6.0, 0.0, 11.0, 5.0 ], "rotation": 270, "autoUv": false },
				"south": { "texture": "#hazelnut", "uv": [ 0.0, 0.0, 5.0, 5.0 ], "autoUv": false },
				"west": { "texture": "#hazelnut", "uv": [ 6.0, 0.0, 11.0, 5.0 ], "rotation": 90, "autoUv": false },
				"up": { "texture": "#hazelnut", "uv": [ 6.0, 0.0, 11.0, 5.0 ], "rotation": 180, "autoUv": false },
				"down": { "texture": "#hazelnut", "uv": [ 6.0, 0.0, 11.0, 5.0 ], "rotation": 180, "autoUv": false }
			},
			"children": [
				{
					"name": "Cube7",
					"from": [ 0.0, 0.0, 1.5 ], 
					"to": [ 0.0, 2.5, 2.5 ], 
					"shade": false,
					"rotationOrigin": [ 0.0, 0.0, 1.5 ],
					"rotationY": -35.0,
					"faces": {
						"north": { "texture": "#hazelnut", "uv": [ 0.0, 0.0, 1.0, 2.0 ], "enabled": false },
						"east": { "texture": "#hazelnut", "uv": [ 6.0, 9.0, 11.0, 11.0 ], "rotation": 270, "autoUv": false },
						"south": { "texture": "#hazelnut", "uv": [ 0.0, 0.0, 1.0, 2.0 ], "enabled": false },
						"west": { "texture": "#hazelnut", "uv": [ 0.0, 0.0, 1.0, 2.0 ], "enabled": false },
						"up": { "texture": "#hazelnut", "uv": [ 0.0, 0.0, 1.0, 1.0 ], "enabled": false },
						"down": { "texture": "#hazelnut", "uv": [ 0.0, 0.0, 1.0, 1.0 ], "enabled": false }
					}
				},
				{
					"name": "Cube8",
					"from": [ 2.5, 0.0, 1.5 ], 
					"to": [ 2.5, 2.5, 2.5 ], 
					"shade": false,
					"rotationOrigin": [ 2.5, 0.0, 1.5 ],
					"rotationY": 35.0,
					"faces": {
						"north": { "texture": "#hazelnut", "uv": [ 0.0, 0.0, 1.0, 2.0 ], "enabled": false },
						"east": { "texture": "#hazelnut", "uv": [ 6.0, 9.0, 11.0, 11.0 ], "rotation": 270, "enabled": false, "autoUv": false },
						"south": { "texture": "#hazelnut", "uv": [ 0.0, 0.0, 1.0, 2.0 ], "enabled": false },
						"west": { "texture": "#hazelnut", "uv": [ 6.0, 9.0, 11.0, 11.0 ], "rotation": 90, "autoUv": false },
						"up": { "texture": "#hazelnut", "uv": [ 0.0, 0.0, 1.0, 1.0 ], "enabled": false },
						"down": { "texture": "#hazelnut", "uv": [ 0.0, 0.0, 1.0, 1.0 ], "enabled": false }
					}
				},
				{
					"name": "Cube9",
					"from": [ 0.0, 0.0, 1.5 ], 
					"to": [ 2.5, 0.0, 2.5 ], 
					"shade": false,
					"rotationOrigin": [ 0.0, 0.0, 1.5 ],
					"rotationX": 35.0,
					"faces": {
						"north": { "texture": "#hazelnut", "uv": [ 0.0, 0.0, 2.0, 1.0 ], "enabled": false },
						"east": { "texture": "#hazelnut", "uv": [ 6.0, 9.0, 11.0, 11.0 ], "rotation": 270, "enabled": false, "autoUv": false },
						"south": { "texture": "#hazelnut", "uv": [ 8.0, 10.0, 10.0, 11.0 ], "enabled": false },
						"west": { "texture": "#hazelnut", "uv": [ 6.0, 9.0, 11.0, 11.0 ], "rotation": 90, "enabled": false, "autoUv": false },
						"up": { "texture": "#hazelnut", "uv": [ 6.0, 9.0, 11.0, 11.0 ], "rotation": 180, "autoUv": false },
						"down": { "texture": "#hazelnut", "uv": [ 0.0, 0.0, 2.0, 1.0 ], "enabled": false }
					}
				},
				{
					"name": "Cube10",
					"from": [ 0.0, 2.5, 1.5 ], 
					"to": [ 2.5, 2.5, 2.5 ], 
					"shade": false,
					"rotationOrigin": [ 0.0, 2.5, 1.5 ],
					"rotationX": -35.0,
					"faces": {
						"north": { "texture": "#hazelnut", "uv": [ 0.0, 0.0, 2.0, 1.0 ], "enabled": false },
						"east": { "texture": "#hazelnut", "uv": [ 6.0, 9.0, 11.0, 11.0 ], "rotation": 270, "enabled": false, "autoUv": false },
						"south": { "texture": "#hazelnut", "uv": [ 8.0, 10.0, 10.0, 11.0 ], "enabled": false },
						"west": { "texture": "#hazelnut", "uv": [ 6.0, 9.0, 11.0, 11.0 ], "rotation": 90, "enabled": false, "autoUv": false },
						"up": { "texture": "#hazelnut", "uv": [ 6.0, 9.0, 11.0, 11.0 ], "rotation": 180, "enabled": false, "autoUv": false },
						"down": { "texture": "#hazelnut", "uv": [ 6.0, 9.0, 11.0, 11.0 ], "rotation": 180, "autoUv": false }
					}
				}
			]
		},
		{
			"name": "Cube12",
			"from": [ 6.6, -1.0, 8.1 ], 
			"to": [ 9.1, 1.5, 10.6 ], 
			"rotationOrigin": [ 7.0, -0.2, 8.0 ],
			"rotationY": -35.0,
			"rotationZ": 55.0,
			"faces": {
				"north": { "texture": "#hazelnut", "uv": [ 0.0, 6.0, 5.0, 11.0 ], "autoUv": false },
				"east": { "texture": "#hazelnut", "uv": [ 6.0, 0.0, 11.0, 5.0 ], "rotation": 270, "autoUv": false },
				"south": { "texture": "#hazelnut", "uv": [ 0.0, 0.0, 5.0, 5.0 ], "autoUv": false },
				"west": { "texture": "#hazelnut", "uv": [ 6.0, 0.0, 11.0, 5.0 ], "rotation": 90, "autoUv": false },
				"up": { "texture": "#hazelnut", "uv": [ 6.0, 0.0, 11.0, 5.0 ], "rotation": 180, "autoUv": false },
				"down": { "texture": "#hazelnut", "uv": [ 6.0, 0.0, 11.0, 5.0 ], "rotation": 180, "autoUv": false }
			},
			"children": [
				{
					"name": "Cube12",
					"from": [ 0.0, 0.0, 1.5 ], 
					"to": [ 0.0, 2.5, 2.5 ], 
					"shade": false,
					"rotationOrigin": [ 0.0, 0.0, 1.5 ],
					"rotationY": -35.0,
					"faces": {
						"north": { "texture": "#hazelnut", "uv": [ 0.0, 0.0, 1.0, 2.0 ], "enabled": false },
						"east": { "texture": "#hazelnut", "uv": [ 6.0, 9.0, 11.0, 11.0 ], "rotation": 270, "autoUv": false },
						"south": { "texture": "#hazelnut", "uv": [ 0.0, 0.0, 1.0, 2.0 ], "enabled": false },
						"west": { "texture": "#hazelnut", "uv": [ 0.0, 0.0, 1.0, 2.0 ], "enabled": false },
						"up": { "texture": "#hazelnut", "uv": [ 0.0, 0.0, 1.0, 1.0 ], "enabled": false },
						"down": { "texture": "#hazelnut", "uv": [ 0.0, 0.0, 1.0, 1.0 ], "enabled": false }
					}
				},
				{
					"name": "Cube13",
					"from": [ 2.5, 0.0, 1.5 ], 
					"to": [ 2.5, 2.5, 2.5 ], 
					"shade": false,
					"rotationOrigin": [ 2.5, 0.0, 1.5 ],
					"rotationY": 35.0,
					"faces": {
						"north": { "texture": "#hazelnut", "uv": [ 0.0, 0.0, 1.0, 2.0 ], "enabled": false },
						"east": { "texture": "#hazelnut", "uv": [ 6.0, 9.0, 11.0, 11.0 ], "rotation": 270, "enabled": false, "autoUv": false },
						"south": { "texture": "#hazelnut", "uv": [ 0.0, 0.0, 1.0, 2.0 ], "enabled": false },
						"west": { "texture": "#hazelnut", "uv": [ 6.0, 9.0, 11.0, 11.0 ], "rotation": 90, "autoUv": false },
						"up": { "texture": "#hazelnut", "uv": [ 0.0, 0.0, 1.0, 1.0 ], "enabled": false },
						"down": { "texture": "#hazelnut", "uv": [ 0.0, 0.0, 1.0, 1.0 ], "enabled": false }
					}
				},
				{
					"name": "Cube14",
					"from": [ 0.0, 0.0, 1.5 ], 
					"to": [ 2.5, 0.0, 2.5 ], 
					"shade": false,
					"rotationOrigin": [ 0.0, 0.0, 1.5 ],
					"rotationX": 35.0,
					"faces": {
						"north": { "texture": "#hazelnut", "uv": [ 0.0, 0.0, 2.0, 1.0 ], "enabled": false },
						"east": { "texture": "#hazelnut", "uv": [ 6.0, 9.0, 11.0, 11.0 ], "rotation": 270, "enabled": false, "autoUv": false },
						"south": { "texture": "#hazelnut", "uv": [ 8.0, 10.0, 10.0, 11.0 ], "enabled": false },
						"west": { "texture": "#hazelnut", "uv": [ 6.0, 9.0, 11.0, 11.0 ], "rotation": 90, "enabled": false, "autoUv": false },
						"up": { "texture": "#hazelnut", "uv": [ 6.0, 9.0, 11.0, 11.0 ], "rotation": 180, "autoUv": false },
						"down": { "texture": "#hazelnut", "uv": [ 0.0, 0.0, 2.0, 1.0 ], "enabled": false }
					}
				},
				{
					"name": "Cube15",
					"from": [ 0.0, 2.5, 1.5 ], 
					"to": [ 2.5, 2.5, 2.5 ], 
					"shade": false,
					"rotationOrigin": [ 0.0, 2.5, 1.5 ],
					"rotationX": -35.0,
					"faces": {
						"north": { "texture": "#hazelnut", "uv": [ 0.0, 0.0, 2.0, 1.0 ], "enabled": false },
						"east": { "texture": "#hazelnut", "uv": [ 6.0, 9.0, 11.0, 11.0 ], "rotation": 270, "enabled": false, "autoUv": false },
						"south": { "texture": "#hazelnut", "uv": [ 8.0, 10.0, 10.0, 11.0 ], "enabled": false },
						"west": { "texture": "#hazelnut", "uv": [ 6.0, 9.0, 11.0, 11.0 ], "rotation": 90, "enabled": false, "autoUv": false },
						"up": { "texture": "#hazelnut", "uv": [ 6.0, 9.0, 11.0, 11.0 ], "rotation": 180, "enabled": false, "autoUv": false },
						"down": { "texture": "#hazelnut", "uv": [ 6.0, 9.0, 11.0, 11.0 ], "rotation": 180, "autoUv": false }
					}
				}
			]
		}
	]}