{
	"editor": {
		"allAngles": false,
		"entityTextureMode": false
	},
	"textureWidth": 8,
	"textureHeight": 8,
	"textureSizes": {
	},
	"textures": {
		"kumquat": "items/fruit/kumquat"
	},
	"elements": [
		{
			"name": "origin",
			"from": [ 8.0, 0.0, 8.0 ], 
			"to": [ 8.0, 0.0, 8.0 ], 
			"rotationOrigin": [ 8.0, 0.0, 8.0 ],
			"faces": {
				"north": { "texture": "#cherryplum", "uv": [ 0.0, 0.0, 0.5, 0.5 ], "enabled": false },
				"east": { "texture": "#cherryplum", "uv": [ 0.0, 0.0, 0.5, 0.5 ], "enabled": false },
				"south": { "texture": "#cherryplum", "uv": [ 0.0, 0.0, 0.5, 0.5 ], "enabled": false },
				"west": { "texture": "#cherryplum", "uv": [ 0.0, 0.0, 0.5, 0.5 ], "enabled": false },
				"up": { "texture": "#cherryplum", "uv": [ 0.0, 0.0, 0.5, 0.5 ], "enabled": false },
				"down": { "texture": "#cherryplum", "uv": [ 0.0, 0.0, 0.5, 0.5 ], "enabled": false }
			},
			"children": [
				{
					"name": "bottom3",
					"from": [ -2.4, 0.0, -2.0 ], 
					"to": [ 0.6, 4.0, 1.0 ], 
					"faces": {
						"north": { "texture": "#kumquat", "uv": [ 0.0, 0.0, 3.0, 4.0 ] },
						"east": { "texture": "#kumquat", "uv": [ 0.0, 0.0, 3.0, 4.0 ] },
						"south": { "texture": "#kumquat", "uv": [ 0.0, 0.0, 3.0, 4.0 ] },
						"west": { "texture": "#kumquat", "uv": [ 0.0, 0.0, 3.0, 4.0 ] },
						"up": { "texture": "#kumquat", "uv": [ 3.0, 0.0, 6.0, 3.0 ] },
						"down": { "texture": "#kumquat", "uv": [ 3.0, 0.0, 6.0, 3.0 ] }
					},
					"children": [
						{
							"name": "Cube6",
							"from": [ 1.25, 4.0, 1.25 ], 
							"to": [ 1.75, 5.0, 1.75 ], 
							"rotationOrigin": [ 1.0, 4.0, 1.0 ],
							"rotationX": 9.0,
							"faces": {
								"north": { "texture": "#kumquat", "uv": [ 4.5, 5.0, 5.0, 6.0 ] },
								"east": { "texture": "#kumquat", "uv": [ 4.5, 4.5, 5.0, 5.5 ] },
								"south": { "texture": "#kumquat", "uv": [ 4.5, 4.0, 5.0, 5.0 ] },
								"west": { "texture": "#kumquat", "uv": [ 4.5, 4.5, 5.0, 5.5 ] },
								"up": { "texture": "#kumquat", "uv": [ 4.0, 5.0, 4.5, 5.5 ] },
								"down": { "texture": "#cherryplum", "uv": [ 0.0, 0.0, 0.5, 0.5 ], "enabled": false }
							},
							"children": [
								{
									"name": "Cube1",
									"from": [ 0.5, 1.0, 0.0 ], 
									"to": [ 3.0, 1.0, 3.0 ], 
									"rotationOrigin": [ 0.5, 1.0, 0.0 ],
									"rotationX": 21.0,
									"rotationZ": 167.0,
									"faces": {
										"north": { "texture": "#kumquat", "uv": [ 0.0, 0.0, 2.5, 0.5 ], "enabled": false },
										"east": { "texture": "#kumquat", "uv": [ 0.0, 0.0, 3.0, 0.5 ], "enabled": false },
										"south": { "texture": "#kumquat", "uv": [ 0.0, 0.0, 2.5, 0.5 ], "enabled": false },
										"west": { "texture": "#kumquat", "uv": [ 0.0, 0.0, 3.0, 0.5 ], "enabled": false },
										"up": { "texture": "#kumquat", "uv": [ 0.0, 5.0, 3.0, 7.5 ], "rotation": 90, "enabled": false, "autoUv": false },
										"down": { "texture": "#kumquat", "uv": [ 0.0, 5.0, 3.0, 7.5 ], "rotation": 270, "windMode": [-1,-1,-1,-1] }
									}
								}
							]
						}
					]
				},
				{
					"name": "bottom4",
					"from": [ 0.0, -0.6, 0.0 ], 
					"to": [ 3.0, 3.4, 3.0 ], 
					"rotationOrigin": [ 0.0, 1.0, 2.0 ],
					"rotationX": 90.0,
					"rotationY": -22.5,
					"rotationZ": 45.0,
					"faces": {
						"north": { "texture": "#kumquat", "uv": [ 0.0, 0.0, 3.0, 4.0 ] },
						"east": { "texture": "#kumquat", "uv": [ 0.0, 0.0, 3.0, 4.0 ] },
						"south": { "texture": "#kumquat", "uv": [ 0.0, 0.0, 3.0, 4.0 ] },
						"west": { "texture": "#kumquat", "uv": [ 0.0, 0.0, 3.0, 4.0 ] },
						"up": { "texture": "#kumquat", "uv": [ 3.0, 0.0, 6.0, 3.0 ] },
						"down": { "texture": "#kumquat", "uv": [ 3.0, 0.0, 6.0, 3.0 ] }
					},
					"children": [
						{
							"name": "Cube5",
							"from": [ 1.25, -0.8, 1.25 ], 
							"to": [ 1.75, 0.2, 1.75 ], 
							"rotationOrigin": [ 1.0, -1.0, 1.0 ],
							"rotationX": 9.0,
							"faces": {
								"north": { "texture": "#kumquat", "uv": [ 4.5, 5.0, 5.0, 6.0 ] },
								"east": { "texture": "#kumquat", "uv": [ 4.0, 5.0, 4.5, 6.0 ] },
								"south": { "texture": "#kumquat", "uv": [ 4.5, 4.0, 5.0, 5.0 ] },
								"west": { "texture": "#kumquat", "uv": [ 4.5, 4.5, 5.0, 5.5 ] },
								"up": { "texture": "#kumquat", "uv": [ 4.0, 5.0, 4.5, 5.5 ], "enabled": false },
								"down": { "texture": "#kumquat", "uv": [ 4.0, 5.0, 4.5, 5.5 ], "windMode": [-1,-1,-1,-1] }
							}
						}
					]
				}
			]
		}
	]}