{
	"editor": {
		"allAngles": false,
		"entityTextureMode": false
	},
	"textureWidth": 16,
	"textureHeight": 16,
	"textureSizes": {
	},
	"textures": {
		"pomelo": "items/fruit/pomelo"
	},
	"elements": [
		{
			"name": "Cube1",
			"from": [ 5.75, 1.0, 5.75 ], 
			"to": [ 10.25, 3.5, 10.25 ], 
			"rotationOrigin": [ 8.0, 0.0, 8.0 ],
			"faces": {
				"north": { "texture": "#pomelo", "uv": [ 0.0, 8.0, 9.0, 13.0 ], "autoUv": false },
				"east": { "texture": "#pomelo", "uv": [ 0.0, 8.0, 9.0, 13.0 ], "autoUv": false },
				"south": { "texture": "#pomelo", "uv": [ 0.0, 8.0, 9.0, 13.0 ], "autoUv": false },
				"west": { "texture": "#pomelo", "uv": [ 0.0, 8.0, 9.0, 13.0 ], "autoUv": false },
				"up": { "texture": "#pomelo", "uv": [ 0.0, 0.0, 9.0, 9.0 ], "autoUv": false },
				"down": { "texture": "#pomelo", "uv": [ 0.0, 0.0, 9.0, 9.0 ], "autoUv": false }
			},
			"children": [
				{
					"name": "Cube2",
					"from": [ 0.5, 2.5, 0.5 ], 
					"to": [ 4.0, 4.0, 4.0 ], 
					"rotationOrigin": [ 2.0, 3.0, 2.0 ],
					"faces": {
						"north": { "texture": "#pomelo", "uv": [ 9.0, 8.0, 16.0, 11.0 ], "autoUv": false },
						"east": { "texture": "#pomelo", "uv": [ 9.0, 8.0, 16.0, 11.0 ], "autoUv": false },
						"south": { "texture": "#pomelo", "uv": [ 9.0, 8.0, 16.0, 11.0 ], "autoUv": false },
						"west": { "texture": "#pomelo", "uv": [ 9.0, 8.0, 16.0, 11.0 ], "autoUv": false },
						"up": { "texture": "#pomelo", "uv": [ 9.0, 0.0, 16.0, 7.0 ], "autoUv": false },
						"down": { "texture": "#pomelo", "uv": [ 9.0, 0.0, 17.0, 8.0 ], "enabled": false, "autoUv": false }
					},
					"children": [
						{
							"name": "Cube3",
							"from": [ 1.05, 1.5, 1.9 ], 
							"to": [ 2.55, 5.0, 1.9 ], 
							"rotationOrigin": [ 1.75, 1.7, 1.7 ],
							"rotationX": 45.0,
							"rotationZ": -22.5,
							"faces": {
								"north": { "texture": "#pomelo", "uv": [ 9.0, 13.0, 16.0, 16.0 ], "rotation": 90, "autoUv": false },
								"east": { "texture": "#pomelo", "uv": [ 0.0, 0.0, 1.0, 3.0 ], "enabled": false },
								"south": { "texture": "#pomelo", "uv": [ 0.0, 0.0, 1.0, 3.0 ], "enabled": false },
								"west": { "texture": "#pomelo", "uv": [ 0.0, 0.0, 1.0, 3.0 ], "enabled": false },
								"up": { "texture": "#pomelo", "uv": [ 0.0, 0.0, 1.0, 1.0 ], "enabled": false },
								"down": { "texture": "#pomelo", "uv": [ 0.0, 0.0, 1.0, 1.0 ], "enabled": false }
							}
						}
					]
				},
				{
					"name": "Cube4",
					"from": [ 0.25, -1.0, 0.25 ], 
					"to": [ 4.25, 0.0, 4.25 ], 
					"rotationOrigin": [ 0.0, -1.0, 0.0 ],
					"faces": {
						"north": { "texture": "#pomelo", "uv": [ 1.0, 6.0, 9.0, 8.0 ], "autoUv": false },
						"east": { "texture": "#pomelo", "uv": [ 0.0, 2.0, 8.0, 4.0 ], "autoUv": false },
						"south": { "texture": "#pomelo", "uv": [ 0.0, 0.0, 8.0, 2.0 ], "autoUv": false },
						"west": { "texture": "#pomelo", "uv": [ 0.0, 2.0, 8.0, 4.0 ], "autoUv": false },
						"up": { "texture": "#pomelo", "uv": [ 0.0, 0.0, 8.0, 8.0 ], "autoUv": false },
						"down": { "texture": "#pomelo", "uv": [ 0.0, 0.0, 8.0, 8.0 ], "autoUv": false }
					}
				}
			]
		}
	]}