[
  {
    "comment": "Add Tree Heath flower to config.",
    "side": "Server",
    "op": "add",
    "path": "/variants/0",
    "file": "game:worldproperties/block/flower.json",
    "value": { "code": "treeheath" }
  },
  {
    "comment": "Configure Tree Heath like existing heather.",
    "side": "Server",
    "op": "add",
    "path": "/attributes/overrideRandomDrawOffsetByType/*-treeheath-*",
    "file": "game:blocktypes/plant/flower.json",
    "value": 3
  },
  {
    "comment": "Add Tree Heath flower shape same as heather.",
    "op": "move",
    "path": "/tmp",
    "frompath": "/shapeByType/*",
    "file": "game:blocktypes/plant/flower.json"
  },
  {
    "comment": "Add Tree Heath flower shape same as heather.",
    "op": "add",
    "path": "/shapeByType/*-treeheath-*",
    "file": "game:blocktypes/plant/flower.json",
    "value": { "base": "block/plant/flower/1patch-dense-24x24" }
  },
  {
    "comment": "Add Tree Heath flower shape same as heather.",
    "op": "move",
    "frompath": "/tmp",
    "path": "/shapeByType/*",
    "file": "game:blocktypes/plant/flower.json",
    "value": { "base": "block/plant/flower/1patch-cross-24x24" }
  },
  {
    "comment": "Add Tree Heath flower shape same as heather.",
    "op": "move",
    "path": "/tmp",
    "frompath": "/texturesByType/*",
    "file": "game:blocktypes/plant/flower.json"
  },
  {
    "comment": "Add Tree Heath flower to config.",
    "op": "add",
    "path": "/texturesByType/*-treeheath-*",
    "file": "game:blocktypes/plant/flower.json",
    "value": {
      "north1": { "base": "pipeleaf:block/plant/flower/petal/treeheath*" },
      "south1": { "base": "pipeleaf:block/plant/flower/petal/treeheath*" },
      "northTinted1": { "base": "pipeleaf:block/plant/flower/stem/treeheath*" },
      "southTinted1": { "base": "pipeleaf:block/plant/flower/stem/treeheath*" },
      "north2": { "base": "pipeleaf:block/plant/flower/petal/treeheath*" },
      "south2": { "base": "pipeleaf:block/plant/flower/petal/treeheath*" },
      "northTinted2": { "base": "pipeleaf:block/plant/flower/stem/treeheath*" },
      "southTinted2": { "base": "pipeleaf:block/plant/flower/stem/treeheath*" },
      "north3": { "base": "pipeleaf:block/plant/flower/petal/treeheath*" },
      "south3": { "base": "pipeleaf:block/plant/flower/petal/treeheath*" },
      "northTinted3": { "base": "pipeleaf:block/plant/flower/stem/treeheath*" },
      "southTinted3": { "base": "pipeleaf:block/plant/flower/stem/treeheath*" },
      "flower2": { "base": "pipeleaf:block/plant/flower/petal/treeheath*" },
      "flower2Tinted": { "base": "pipeleaf:block/plant/flower/stem/treeheath*" }
    }
  },
  {
    "comment": "Add texture wildcard back in.",
    "op": "move",
    "frompath": "/tmp",
    "path": "/texturesByType/*",
    "file": "game:blocktypes/plant/flower.json"
  },
  {
    "comment": "Add rare burl drop to Tree Heath flower block only when broken with shovel.",
    "side": "Server",
    "op": "add",
    "path": "/dropsByType",
    "file": "game:blocktypes/plant/flower.json",
    "value": {
      "*-treeheath-*": [
        {
          "type": "item",
          "code": "pipeleaf:briarburl-raw",
          "quantity": {
            "avg": 0.05
          },
          "tool": "shovel"
        },
        {
          "type": "block",
          "code": "flower-treeheath-free",
          "quantity": {
            "avg": 1
          },
          "tool": "knife"
        },
        {
          "type": "block",
          "code": "flower-treeheath-free",
          "quantity": {
            "avg": 1
          },
          "tool": "axe"
        },
        {
          "type": "block",
          "code": "flower-treeheath-free",
          "quantity": {
            "avg": 1
          },
          "tool": "pickaxe"
        },
        {
          "type": "block",
          "code": "flower-treeheath-free",
          "quantity": {
            "avg": 1
          },
          "tool": "scythe"
        },
        {
          "type": "block",
          "code": "flower-treeheath-free",
          "quantity": {
            "avg": 1
          },
          "tool": "shears"
        }
      ],
      "*": [
        {
          "type": "block",
          "code": "flower-{flower}-{cover}",
          "quantity": {
            "avg": 1
          }
        }
      ]
    }
  },
  {
    "op": "add",
    "path": "/patches/-",
    "value": {
      "comment": "Rare small patches of Tree Heath",
      "blockCodes": [ "flower-treeheath-free" ],
      "minTemp": 2,
      "maxTemp": 15,
      "minForest": 0,
      "maxForest": 0.35,
      "minRain": 0.4,
      "maxRain": 1,
      "maxFertility": 0.4,
      "chance": 0.03,
      "maxY": 0.72,
      "quantity": {
        "avg": 6,
        "var": 3
      }
    },
    "file": "game:worldgen/blockpatches.json",
    "side": "server"
  }
]