{
	"code": "pricklyberrybush",
	"class": "PricklyBerryBush",
	"attributes": {
		"stackable": true,
		"forageStatAffected": true,
		"reinforcable": true,
		"butterflyFeedByType": {
			"*-flowering": true
		},
		"beeFeedByType": {
			"*-flowering": true
		},
                "handbook": {
                   "groupBy": ["pricklyberrybush-*"]
                },
		"stopBelowTemperatureByType":{
			"*-brambleberry-*": -2,
			"*-raspberry-*": -2,
			"*-blueraspberry-*": -2,
			"*-dogrose-*": 2,
			"*-gooseberry-*": 0,
			"*-deserthackberry-*": 10,
			"*-fingerlime-*": 12,
			"*-sallowthorn-*": -4
		},
		"resetBelowTemperatureByType":{
			"*-brambleberry-*": -4,
			"*-raspberry-*": -4,
			"*-blueraspberry-*": -4,
			"*-dogrose-*": 0,
			"*-gooseberry-*": -2,
			"*-deserthackberry-*": 8,
			"*-fingerlime-*": 8,
			"*-sallowthorn-*": -8
		},
		"revertBlockBelowTemperatureByType":{
			"*-brambleberry-*": -8,
			"*-raspberry-*": -8,
			"*-blueraspberry-*": -8,
			"*-dogrose-*": -4,
			"*-gooseberry-*": -6,
			"*-deserthackberry-*": 4,
			"*-fingerlime-*": 6,
			"*-sallowthorn-*": -10
		},
		"stopAboveTemperatureByType":{
			"*-brambleberry-*": 28,
			"*-raspberry-*": 28,
			"*-blueraspberry-*": 28,
			"*-dogrose-*": 40,
			"*-gooseberry-*": 30,
			"*-deserthackberry-*": 42,
			"*-fingerlime-*": 42,
			"*-sallowthorn-*": 20
		},
		"resetAboveTemperatureByType":{
			"*-brambleberry-*": 30,
			"*-raspberry-*": 30,
			"*-blueraspberry-*": 30,
			"*-dogrose-*": 42,
			"*-gooseberry-*": 32,
			"*-deserthackberry-*": 44,
			"*-fingerlime-*": 46,
			"*-sallowthorn-*": 24
		},
		"revertBlockAboveTemperatureByType":{
			"*-brambleberry-*": 34,
			"*-raspberry-*": 34,
			"*-blueraspberry-*": 34,
			"*-dogrose-*": 46,
			"*-gooseberry-*": 36,
			"*-deserthackberry-*": 48,
			"*-fingerlime-*": 48,
			"*-sallowthorn-*": 26
		},
		"growthBlockByType":{
			"*-dogrose-*": "wildcraftfruit:growth-dogrose-alive",
			"*-deserthackberry-*": "wildcraftfruit:growth-deserthackberry-alive",
			"*-gooseberry-*": "wildcraftfruit:growth-gooseberry-alive",
			"*-brambleberry-*": "wildcraftfruit:growth-brambleberry-alive",
			"*-fingerlime-*": "wildcraftfruit:growth-fingerlime-alive",
			"*-sallowthorn-*": "wildcraftfruit:growth-sallowthorn-alive"
		},
		"pruneItemByType":{
			"*": "wildcraftfruit:clipping-{type}-green"
		},
		"floweringDaysByType":{
			"*-fingerlime-*": { avg: 14.8, var: 0.8 },
			"*-deserthackberry-*": { avg: 12.8, var: 0.8 },
			"*-blueraspberry-*": { avg: 10.8, var: 0.8 },
			"*": { avg: 8.8, var: 0.8 },
		},
		"ripeningDaysByType":{
			"*-fingerlime-*": { avg: 14.8, var: 0.8 },
			"*-deserthackberry-*": { avg: 12.8, var: 0.8 },
			"*-blueraspberry-*": { avg: 10.8, var: 0.8 },
			"*": { avg: 8.8, var: 0.8 },
		},
		"sheddingDaysByType":{
			"*-deserthackberry-*": { avg: 45.2, var: 3.2 },
			"*-fingerlime-*": { avg: 25.2, var: 3.2 },
			"*-gooseberry-*": { avg: 25.2, var: 3.2 },
			"*-raspberry-*": { avg: 15.2, var: 3.2 },
			"*-blueraspberry-*": { avg: 15.2, var: 3.2 },
			"*-brambleberry-*": { avg: 15.2, var: 3.2 },
			"*": { avg: 35.2, var: 3.2 },
		},
		"prunedMeshFaces": [ "branchesN", "branchesS", "Leaves", "Berries" ],
		"fruitingFaces": [ "Berries" ],
                "isBottomBlock": false
	},
	"walkspeedmultiplier": 0.55,
	"entityclassByType": {
		"*-dogrose-*": "BETallBerryBush",
		"*-deserthackberry-*": "BETallBerryBush",
		"*-gooseberry-*": "BETallBerryBush",
		"*-sallowthorn-*": "BETallBerryBush",
		"*-brambleberry-*": "BETallBerryBush",
		"*-fingerlime-*": "BETallBerryBush",
		"*": "BEHerbariumBerryBush"
	},
	"entityBehaviorsbyType":{
		"*-dogrose-*": [ { name: "RootSuckers", properties: { suckerBlock: "wildcraftfruit:rootsucker-dogrose-alive" } } ],
		"*-brambleberry-*": [ { name: "RootSuckers", properties: { suckerBlock: "wildcraftfruit:rootsucker-brambleberry-alive" } } ],
		"*-raspberry-*": [ { name: "RootSuckers", properties: { suckerBlock: "wildcraftfruit:rootsucker-raspberry-alive" } } ],
		"*-blueraspberry-*": [ { name: "RootSuckers", properties: { suckerBlock: "wildcraftfruit:rootsucker-blueraspberry-alive" } } ]
	},
	"behaviorsByType": {
		"*-gooseberry-flowering": [ {"name": "Harvestable", "properties": { 
			"harvestTime": 0.6, 
			"harvestedStack": { "type": "item", "code": "wildcraftfruit:flower-currant", "quantity": { "avg": 6.4 }  },
			"harvestedBlockCode": "wildcraftfruit:pricklyberrybush-gooseberry-empty",
			"exchangeBlock": true
		}} ],
		"*-dogrose-flowering": [ {"name": "Harvestable", "properties": { 
			"harvestTime": 0.6, 
			"harvestedStack": { "type": "item", "code": "wildcraftfruit:flower-rose", "quantity": { "avg": 6.4 }  },
			"harvestedBlockCode": "wildcraftfruit:pricklyberrybush-dogrose-empty",
			"exchangeBlock": true
		}} ],
		"*-deserthackberry-ripe": [ {"name": "Harvestable", "properties": { 
			"harvestTime": 0.6, 
			"harvestedStack": { "type": "item", "code": "wildcraftfruit:nut-deserthackberry", "quantity": { "avg": 6.4 }  },
			"harvestedBlockCode": "wildcraftfruit:pricklyberrybush-deserthackberry-empty",
			"exchangeBlock": true
		}} ],
		"*-dogrose-ripe": [ {"name": "Harvestable", "properties": { 
			"harvestTime": 0.6, 
			"harvestedStack": { "type": "item", "code": "wildcraftfruit:fruit-dogrose", "quantity": { "avg": 6.4 }  },
			"harvestedBlockCode": "wildcraftfruit:pricklyberrybush-dogrose-empty",
			"exchangeBlock": true
		}} ],
		"*-sallowthorn-ripe": [ {"name": "Harvestable", "properties": { 
			"harvestTime": 0.6, 
			"harvestedStack": { "type": "item", "code": "wildcraftfruit:fruit-sallowthorn", "quantity": { "avg": 6.4 }  },
			"harvestedBlockCode": "wildcraftfruit:pricklyberrybush-sallowthorn-empty",
			"exchangeBlock": true
		}} ],
		"*-ripe": [ {"name": "Harvestable", "properties": { 
			"harvestTime": 0.6, 
			"harvestedStack": { "type": "item", "code": "wildcraftfruit:fruit-{type}", "quantity": { "avg": 4.4 }  },
			"harvestedBlockCode": "wildcraftfruit:pricklyberrybush-{type}-empty",
			"exchangeBlock": true
		}} ]
	},
	"variantgroups": [
		{ "code": "type", "states": ["gooseberry", "raspberry", "blueraspberry", "brambleberry", "dogrose", "sallowthorn", "deserthackberry", "fingerlime"] },
		{ "code": "state", "states": ["empty", "flowering", "ripe"] }
	],
	"creativeinventory": { "general": ["*"], "flora": ["*"], "wildcraftfruit": ["*"] },
	"renderpass": "OpaqueNoCull",
	"renderAlphaTest": 0.4,
	"shapeByType": {
		"*-sallowthorn-empty": { "base": "wildcraftfruit:block/plant/berrybush/sallowthornbush*", "selectiveElements": ["branchesN", "branchesS", "Leaves", "Largeleaves/*"] },
		"*-sallowthorn-flowering": { "base": "wildcraftfruit:block/plant/berrybush/sallowthornbush*" },
		"*-sallowthorn-ripe": { "base": "wildcraftfruit:block/plant/berrybush/sallowthornbush*" },
		"*-fingerlime-empty": { "base": "wildcraftfruit:block/plant/berrybush/fingerlimebush*", "selectiveElements": ["branchesN", "branchesS", "Leaves", "Largeleaves/*"] },
		"*-fingerlime-flowering": { "base": "wildcraftfruit:block/plant/berrybush/fingerlimebush*" },
		"*-fingerlime-ripe": { "base": "wildcraftfruit:block/plant/berrybush/fingerlimebush*" },
		"*-empty": { "base": "game:block/plant/berrybush/large*", "selectiveElements": ["branchesN", "branchesS", "Leaves", "Largeleaves/*"] },
		"*": { "base": "game:block/plant/berrybush/large*" }
	},
	"blockmaterial": "Plant",
	"textures": {
		"leavessmall": { "base": "wildcraftfruit:block/plant/berrybush/small/leaves/{type}*" },
		"leaveslarge": { "base": "wildcraftfruit:block/plant/berrybush/large/leaves/{type}large" }
	},
	"texturesByType": {
		"*-flowering": {
			"flowerberrysmalltop": { "base": "wildcraftfruit:block/plant/berrybush/small/flower/{type}*", "alternates": [{"base": "wildcraftfruit:block/plant/berrybush/small/flower/{type}*"}] },
			"flowerberrysmall": { "base": "wildcraftfruit:block/plant/berrybush/small/flower/{type}*", "alternates": [{"base": "wildcraftfruit:block/plant/berrybush/small/flower/{type}*"}] },
			"flowerberrylarge": { "base": "wildcraftfruit:block/plant/berrybush/large/flower/{type}large" }
		},
		"*-ripe": {
			"flowerberrysmalltop": { "base": "wildcraftfruit:block/plant/berrybush/small/fruit/{type}*" },
			"flowerberrysmall": { "base": "wildcraftfruit:block/plant/berrybush/small/fruit/{type}*", "alternates": [{"base": "wildcraftfruit:block/plant/berrybush/small/fruit/{type}*"}] },
			"flowerberrylarge": { "base": "wildcraftfruit:block/plant/berrybush/large/fruit/{type}large" }
		}
	},
	"sideopaque": {
		"all": false
	},
	"sidesolid": {
		"all": false
	},
	"replaceable": 3000,
	"lightAbsorption": 0,
	"resistance": 0.5,
	"collisionbox": null,
	"sounds": {
		"place": "game:block/plant",
		"break": "game:block/plant",
		"hit": "game:block/plant",
		"inside": "game:walk/inside/leafy/bushrustle*"
	},
	"rainPermeable": false,
	"dropsByType": {
		"*-gooseberry-flowering": [
			{ "type": "item", "code": "wildcraftfruit:flower-currant", "quantity": { "avg": 6.4 }  },
			{ "type": "item", "code": "game:stick", "quantity": { "avg": 1.4 } }
		],
		"*-dogrose-flowering": [
			{ "type": "item", "code": "wildcraftfruit:flower-rose", "quantity": { "avg": 6.4 }  },
			{ "type": "item", "code": "game:stick", "quantity": { "avg": 1.4 } }
		],
		"*-deserthackberry-ripe": [
			{ "type": "item", "code": "wildcraftfruit:nut-deserthackberry", "quantity": { "avg": 6.4 }  },
			{ "type": "item", "code": "game:stick", "quantity": { "avg": 1.4 } }
		],
		"*-dogrose-ripe": [
			{ "type": "item", "code": "wildcraftfruit:fruit-dogrose", "quantity": { "avg": 6.4 }  },
			{ "type": "item", "code": "game:stick", "quantity": { "avg": 1.4 } }
		],
		"*-sallowthorn-ripe": [
			{ "type": "item", "code": "wildcraftfruit:fruit-sallowthorn", "quantity": { "avg": 6.4 }  },
			{ "type": "item", "code": "game:stick", "quantity": { "avg": 1.4 } }
		],
		"*-ripe": [
			{ "type": "item", "code": "wildcraftfruit:fruit-{type}", "quantity": { "avg": 4.4 }  },
			{ "type": "item", "code": "game:stick", "quantity": { "avg": 1.4 } }
		],
		"*": [
			{ "type": "item", "code": "game:stick", "quantity": { "avg": 1.4 } }
		]
	},
	"materialDensity": 400,
	"vertexFlags": {
		"zOffset": 2
	},
	"combustibleProps": {
		"burnTemperature": 600,
		"burnDuration": 10
	},
	"frostable": true
}