{
	code: "shrubberrybush",
	class: "ShrubBerryBush",
	attributes: {
		foodTags: ["sweetBerryBush"],
		stackable: false,
		forageStatAffected: true,
		reinforcable: true,
                overrideRandomDrawOffset: 5,
		butterflyFeedByType: {
			"*-flowering": true
		},
		beeFeedByType: {
			"*-flowering": true
		},
                "handbook": {
                   "groupBy": ["shrubberrybush-*"]
                },
		"stopBelowTemperatureByType":{
			"*-elderberry-*": 0,
			"*-husktomato-*": 4,
			"*-pokeberry-*": 8,
			"*-turkscap-*": 10,
			"*-fractureberry-*": -20,
			"*-naranjilla-*": 12,
			"*-blacknightshade-*": 0,
			"*-bitternightshade-*": 6,
			"*-oldmansaltbush-*": 14,
		},
		"resetBelowTemperatureByType":{
			"*-elderberry-*": -2,
			"*-husktomato-*": 2,
			"*-pokeberry-*": 4,
			"*-turkscap-*": 8,
			"*-fractureberry-*": -24,
			"*-naranjilla-*": 10,
			"*-blacknightshade-*": -2,
			"*-bitternightshade-*": 2,
			"*-oldmansaltbush-*": 12,
		},
		"revertBlockBelowTemperatureByType":{
			"*-elderberry-*": -6,
			"*-husktomato-*": -2,
			"*-pokeberry-*": 2,
			"*-turkscap-*": 6,
			"*-fractureberry-*": -26,
			"*-naranjilla-*": 6,
			"*-blacknightshade-*": -6,
			"*-bitternightshade-*": 0,
			"*-oldmansaltbush-*": 10,
		},
		"stopAboveTemperatureByType":{
			"*-elderberry-*": 26,
			"*-husktomato-*": 34,
			"*-pokeberry-*": 40,
			"*-turkscap-*": 44,
			"*-fractureberry-*": 46,
			"*-naranjilla-*": 44,
			"*-blacknightshade-*": 26,
			"*-bitternightshade-*": 42,
			"*-oldmansaltbush-*": 46,
		},
		"resetAboveTemperatureByType":{
			"*-elderberry-*": 28,
			"*-husktomato-*": 36,
			"*-pokeberry-*": 44,
			"*-turkscap-*": 48,
			"*-fractureberry-*": 48,
			"*-naranjilla-*": 48,
			"*-blacknightshade-*": 28,
			"*-bitternightshade-*": 44,
			"*-oldmansaltbush-*": 48,
		},
		"revertBlockAboveTemperatureByType":{
			"*-elderberry-*": 32,
			"*-husktomato-*": 40,
			"*-pokeberry-*": 46,
			"*-turkscap-*": 50,
			"*-fractureberry-*": 50,
			"*-naranjilla-*": 50,
			"*-blacknightshade-*": 32,
			"*-bitternightshade-*": 46,
			"*-oldmansaltbush-*": 50,
		},
		"pruneItemByType":{
			"*": "wildcraftfruit:clipping-{type}-green"
		},
		"floweringDaysByType":{
			"*-fractureberry-*": { avg: 14.8, var: 0.8 },
			"*-oldmansaltbush-*": { avg: 12.8, var: 0.8 },
			"*-naranjilla-*": { avg: 12.8, var: 0.8 },
			"*-turkscap-*": { avg: 10.8, var: 0.8 },
			"*": { avg: 8.8, var: 0.8 },
		},
		"ripeningDaysByType":{
			"*-fractureberry-*": { avg: 14.8, var: 0.8 },
			"*-oldmansaltbush-*": { avg: 12.8, var: 0.8 },
			"*-naranjilla-*": { avg: 12.8, var: 0.8 },
			"*-turkscap-*": { avg: 10.8, var: 0.8 },
			"*": { avg: 8.8, var: 0.8 },
		},
		"sheddingDaysByType":{
			"*-fractureberry-*": { avg: 45.2, var: 3.2 },
			"*-pokeberry-*": { avg: 25.2, var: 3.2 },
			"*-bitternightshade-*": { avg: 25.2, var: 3.2 },
			"*-blacknightshade-*": { avg: 25.2, var: 3.2 },
			"*-naranjilla-*": { avg: 15.2, var: 3.2 },
			"*": { avg: 35.2, var: 3.2 },
		},
		"prunedMeshFaces": ["Stem1/Leaves", "Stem1/Leaves2", "Stem1/Leaf", "Stem1/Leaf2", "Stem1/Leaf3", "Stem2/Leaves3", "Stem2/Leaves4", "Stem2/Leaf4", "Stem2/Leaf5", "Stem2/Leaf6", "Stem1/Berries", "Stem1/Berries2", "Stem2/Berries3", "Stem2/Berries4"],
		"fruitingFaces": ["Stem1/Berries", "Stem1/Berries2", "Stem2/Berries3", "Stem2/Berries4"],
	},
	entityclass: "BEShrubBerryBush",
	classByType: {
           "*-fractureberry-*": "StoneBerryPlant",
           "*": "ShrubBerryBush",
        },
	behaviorsByType: {
		"*-turkscap-flowering": [ {name: "Harvestable", properties: { 
			harvestTime: 0.6, 
			harvestedStack: { type: "item", code: "wildcraftfruit:flower-hibiscus", quantity: { avg: 3.4 }  },
			harvestedBlockCode: "wildcraftfruit:shrubberrybush-turkscap-empty",
			exchangeBlock: true
		}} ],
		"*-elderberry-flowering": [ {name: "Harvestable", properties: { 
			harvestTime: 0.6, 
			harvestedStack: { type: "item", code: "wildcraftfruit:flower-elder", quantity: { avg: 4.4 }  },
			harvestedBlockCode: "wildcraftfruit:shrubberrybush-elderberry-empty",
			exchangeBlock: true
		}} ],
		"*-blacknightshade-ripe": [ {name: "BlockBehaviorHarvestMultiple", properties: { 
			harvestTime: 0.6, 
			harvestedStacks: [ { type: "item", code: "wildcraftfruit:fruit-blacknightshade", quantity: { avg: 3.4 }  },
					{ type: "item", code: "wildcraftfruit:fruit-blacknightshadeunripe", quantity: { avg: 0.6 }  },
			],
			harvestedBlockCode: "wildcraftfruit:shrubberrybush-blacknightshade-empty",
			exchangeBlock: true
		}} ],
		"*-oldmansaltbush-ripe": [ {name: "Harvestable", properties: { 
			harvestTime: 0.6, 
			harvestedStack: { type: "item", code: "wildcraftfruit:nut-oldmansaltbush", quantity: { avg: 4.4 }  },
			harvestedBlockCode: "wildcraftfruit:shrubberrybush-{type}-empty",
			exchangeBlock: true
		}} ],
		"*-bitternightshade-ripe": [ {name: "Harvestable", properties: { 
			harvestTime: 0.6, 
			harvestedStack: { type: "item", code: "wildcraftfruit:fruit-bitternightshade", quantity: { avg: 4.4 }  },
			harvestedBlockCode: "wildcraftfruit:shrubberrybush-bitternightshade-empty",
			exchangeBlock: true
		}} ],
		"*-husktomato-ripe": [ {name: "Harvestable", properties: { 
			harvestTime: 0.6, 
			harvestedStack: { type: "item", code: "wildcraftfruit:fruit-husktomato", quantity: { avg: 4.4 }  },
			harvestedBlockCode: "wildcraftfruit:shrubberrybush-husktomato-empty",
			exchangeBlock: true
		}} ],
		"*-ripe": [ {name: "Harvestable", properties: { 
			harvestTime: 0.6, 
			harvestedStack: { type: "item", code: "wildcraftfruit:fruit-{type}", quantity: { avg: 3.4 }  },
			harvestedBlockCode: "wildcraftfruit:shrubberrybush-{type}-empty",
			exchangeBlock: true
		}} ]
	},
	variantgroups: [
		{ code: "type", states: ["fractureberry", "turkscap", "oldmansaltbush", "pokeberry", "elderberry", "blacknightshade", "bitternightshade", "naranjilla", "husktomato"] },
		{ code: "state", states: ["empty", "flowering", "ripe"] }
	],
	creativeinventory: { "general": ["*"], "flora": ["*"], "wildcraftfruit": ["*"] },
	drawtypeByType: {
		"*": "JSON"
	},
	renderpass: "OpaqueNoCull",
	faceCullMode: "NeverCull",
	matterstate: "solid",
	randomDrawOffset: true,
	randomizeRotations: true,
	shapeByType: {
		"*-elderberry-empty": { "base": "wildcraftfruit:block/plant/berrybush/elderberrybush*", selectiveElements: ["Stem1/Leaves", "Stem1/Leaves2", "Stem1/Leaf", "Stem1/Leaf2", "Stem1/Leaf3", "Stem2/Leaves3", "Stem2/Leaves4", "Stem2/Leaf4", "Stem2/Leaf5", "Stem2/Leaf6", "Stem3/Leaves5", "Stem3/Leaves6", "Stem3/Leaf7", "Stem3/Leaf8", "Stem3/Leaf9"] },
		"*-elderberry-flowering": { "base": "wildcraftfruit:block/plant/berrybush/elderberrybush*" },
		"*-elderberry-ripe": { "base": "wildcraftfruit:block/plant/berrybush/elderberrybush*" },
		"*-turkscap-empty": { "base": "wildcraftfruit:block/plant/berrybush/turkscapbush*", selectiveElements: ["Stem1/Leaves", "Stem1/Leaves2", "Stem1/Leaf", "Stem1/Leaf2", "Stem1/Leaf3", "Stem2/Leaves3", "Stem2/Leaves4", "Stem2/Leaf4", "Stem2/Leaf5", "Stem2/Leaf6", "Stem3/Leaves5", "Stem3/Leaves6", "Stem3/Leaf7", "Stem3/Leaf8", "Stem3/Leaf9"] },
		"*-turkscap-flowering": { "base": "wildcraftfruit:block/plant/berrybush/turkscapbush*" },
		"*-turkscap-ripe": { "base": "wildcraftfruit:block/plant/berrybush/turkscapbush*" },
		"*-fractureberry-empty": { "base": "wildcraftfruit:block/plant/berrybush/fractureberrybush*", selectiveElements: ["Stem1/Leaves", "Stem1/Leaves2", "Stem1/Leaf", "Stem1/Leaf2", "Stem1/Leaf3", "Stem2/Leaves3", "Stem2/Leaves4", "Stem2/Leaf4", "Stem2/Leaf5", "Stem2/Leaf6", "Stem3/Leaves5", "Stem3/Leaves6", "Stem3/Leaf7", "Stem3/Leaf8", "Stem3/Leaf9"] },
		"*-fractureberry-flowering": { "base": "wildcraftfruit:block/plant/berrybush/fractureberrybush*" },
		"*-fractureberry-ripe": { "base": "wildcraftfruit:block/plant/berrybush/fractureberrybush*" },
		"*-naranjilla-empty": { "base": "wildcraftfruit:block/plant/berrybush/naranjillabush*", selectiveElements: ["Stem1/Leaves", "Stem1/Leaves2", "Stem1/Leaf", "Stem1/Leaf2", "Stem1/Leaf3", "Stem2/Leaves3", "Stem2/Leaves4", "Stem2/Leaf4", "Stem2/Leaf5", "Stem2/Leaf6", "Stem3/Leaves5", "Stem3/Leaves6", "Stem3/Leaf7", "Stem3/Leaf8", "Stem3/Leaf9"] },
		"*-naranjilla-flowering": { "base": "wildcraftfruit:block/plant/berrybush/naranjillabush*" },
		"*-naranjilla-ripe": { "base": "wildcraftfruit:block/plant/berrybush/naranjillabush*" },
		"*-pokeberry-empty": { "base": "wildcraftfruit:block/plant/berrybush/pokeberrybush*", selectiveElements: ["Stem1/Leaves", "Stem1/Leaves2", "Stem1/Leaf", "Stem1/Leaf2", "Stem1/Leaf3", "Stem2/Leaves3", "Stem2/Leaves4", "Stem2/Leaf4", "Stem2/Leaf5", "Stem2/Leaf6", "Stem3/Leaves5", "Stem3/Leaves6", "Stem3/Leaf7", "Stem3/Leaf8", "Stem3/Leaf9"] },
		"*-pokeberry-flowering": { "base": "wildcraftfruit:block/plant/berrybush/pokeberrybush*" },
		"*-pokeberry-ripe": { "base": "wildcraftfruit:block/plant/berrybush/pokeberrybush*" },
		"*-oldmansaltbush-empty": { "base": "wildcraftfruit:block/plant/berrybush/oldmansaltbushbush*", selectiveElements: ["Stem1/Leaves", "Stem1/Leaves2", "Stem1/Leaf", "Stem1/Leaf2", "Stem1/Leaf3", "Stem2/Leaves3", "Stem2/Leaves4", "Stem2/Leaf4", "Stem2/Leaf5", "Stem2/Leaf6", "Stem3/Leaves5", "Stem3/Leaves6", "Stem3/Leaf7", "Stem3/Leaf8", "Stem3/Leaf9"] },
		"*-oldmansaltbush-flowering": { "base": "wildcraftfruit:block/plant/berrybush/oldmansaltbushbush*" },
		"*-oldmansaltbush-ripe": { "base": "wildcraftfruit:block/plant/berrybush/oldmansaltbushbush*" },
		"*-empty": { base: "wildcraftfruit:block/plant/berrybush/shrubberrybush*", selectiveElements: ["Stem1/Leaves", "Stem1/Leaves2", "Stem1/Leaf", "Stem1/Leaf2", "Stem1/Leaf3", "Stem2/Leaves3", "Stem2/Leaves4", "Stem2/Leaf4", "Stem2/Leaf5", "Stem2/Leaf6", "Stem3/Leaves5", "Stem3/Leaves6", "Stem3/Leaf7", "Stem3/Leaf8", "Stem3/Leaf9"] },
		"*-flowering": { base: "wildcraftfruit:block/plant/berrybush/shrubberrybush*" },
		"*-ripe": { base: "wildcraftfruit:block/plant/berrybush/shrubberrybush*" }
	},
	blockmaterialByType: {
           "*-fractureberry-*": "Metal",
           "*": "Plant"
        },
	texturesByType: {
		"*-empty": {
			"leaves": { base: "wildcraftfruit:block/plant/berrybush/small/leaves/{type}2" },
			"stems": { base: "wildcraftfruit:block/plant/berrybush/small/leaves/{type}1" }
		},
		"*-flowering": {
			"berries": { base: "wildcraftfruit:block/plant/berrybush/small/flower/{type}*" },
			"stems": { base: "wildcraftfruit:block/plant/berrybush/small/leaves/{type}1" },
			"leaves": { base: "wildcraftfruit:block/plant/berrybush/small/leaves/{type}2" }
		},
		"*-ripe": {
			"berries": { base: "wildcraftfruit:block/plant/berrybush/small/fruit/{type}*" },
			"stems": { base: "wildcraftfruit:block/plant/berrybush/small/leaves/{type}1" },
			"leaves": { base: "wildcraftfruit:block/plant/berrybush/small/leaves/{type}2" }
		}
	},
	sideopaque: {
		all: false
	},
	sidesolid: {
		all: false
	},
	replaceable: 3000,
	lightAbsorption: 0,
	resistance: 0.5,
	collisionbox: null,
	selectionbox: { x1: 0.1, y1: 0, z1: 0.1, x2: 0.9, y2: 0.9, z2: 0.9 },
	sounds: {
		place: "game:block/plant",
		break: "game:block/plant",
		hit: "game:block/plant",
	},
	rainPermeable: false,
	dropsByType: {
		"*-turkscap-flowering": [
			{ type: "item", code: "wildcraftfruit:flower-hibiscus", quantity: { avg: 3.4 }  },
			{ type: "item", code: "game:drygrass", quantity: { avg: 1.2 }  }
		],
		"*-elderberry-flowering": [
			{ type: "item", code: "wildcraftfruit:flower-elder", quantity: { avg: 4.4 }  },
			{ type: "item", code: "game:drygrass", quantity: { avg: 1.2 }  }
		],
		"*-fractureberry-ripe": [
			{ type: "item", code: "wildcraftfruit:fruit-fractureberry", quantity: { avg: 3.4 }  },
			{ type: "item", code: "game:stick", quantity: { avg: 1.2 }  }
		],
		"*-fractureberry-flowering": [
			{ type: "item", code: "game:stick", quantity: { avg: 1.2 }  }
		],
		"*-fractureberry-empty": [
			{ type: "item", code: "game:stick", quantity: { avg: 1.2 }  }
		],
		"*-blacknightshade-ripe": [
			{ type: "item", code: "wildcraftfruit:fruit-blacknightshade", quantity: { avg: 3.4 }  },
			{ type: "item", code: "wildcraftfruit:fruit-blacknightshadeunripe", quantity: { avg: 0.6 }  },
			{ type: "item", code: "game:drygrass", quantity: { avg: 1.2 }  }
		],
		"*-oldmansaltbush-ripe": [
			{ type: "item", code: "wildcraftfruit:nut-oldmansaltbush", quantity: { avg: 4.4 }  },
			{ type: "item", code: "game:drygrass", quantity: { avg: 1.2 }  }
		],
		"*-bitternightshade-ripe": [
			{ type: "item", code: "wildcraftfruit:fruit-bitternightshade", quantity: { avg: 4.4 }  },
			{ type: "item", code: "game:drygrass", quantity: { avg: 1.2 }  }
		],
		"*-husktomato-ripe": [
			{ type: "item", code: "wildcraftfruit:fruit-husktomato", quantity: { avg: 4.4 }  },
			{ type: "item", code: "game:drygrass", quantity: { avg: 1.2 }  }
		],
		"*-ripe": [
			{ type: "item", code: "wildcraftfruit:fruit-{type}", quantity: { avg: 3.4 }  },
			{ type: "item", code: "game:drygrass", quantity: { avg: 1.2 }  }
		],
		"*": [
			{ type: "item", code: "game:drygrass", quantity: { avg: 1.2 }  }
		]
	},
	materialDensity: 400,
	vertexFlags: {
		zOffset: 2
	},
	combustiblePropsByType: {
           "*-fractureberry-*": null,
           "*": {
		burnTemperature: 600,
		burnDuration: 10,
                }
	},
	guiTransform: {
		origin: { x: 0.5, y: 0.6, z: 0.5 },
	},
	tpHandTransform: {
		rotation: { x: 36, y: -6, z: -128 },
		origin: { x: 0.5, y: 0.5, z: 0.4 },
	},
	frostable: true,
}