{
	"editor": {
		"allAngles": false,
		"entityTextureMode": false
	},
	"textureWidth": 16,
	"textureHeight": 16,
	"textureSizes": {
	},
	"textures": {
		"soaked": "game:item/resource/hide/soaked",
		"string": "game:item/tool/material/string"
	},
	"elements": [
		{
			"name": "Origin",
			"from": [ 8.0, 0.0, 8.0 ], 
			"to": [ 9.0, 1.0, 9.0 ], 
			"rotationOrigin": [ 8.0, 0.0, 8.0 ],
			"faces": {
				"north": { "texture": "#string", "uv": [ 8.5, 14.0, 9.5, 15.0 ], "enabled": false },
				"east": { "texture": "#string", "uv": [ 0.0, 11.0, 1.0, 12.0 ], "enabled": false },
				"south": { "texture": "#string", "uv": [ 14.5, 3.5, 15.5, 4.5 ], "enabled": false },
				"west": { "texture": "#string", "uv": [ 1.0, 1.0, 2.0, 2.0 ], "enabled": false },
				"up": { "texture": "#string", "uv": [ 0.0, 6.0, 1.0, 7.0 ], "enabled": false },
				"down": { "texture": "#string", "uv": [ 12.5, 8.5, 13.5, 9.5 ], "enabled": false }
			},
			"children": [
				{
					"name": "XLHidePlane",
					"from": [ -4.5, 4.0, 6.0 ], 
					"to": [ 4.5, 13.0, 6.05 ], 
					"rotationOrigin": [ -1.0, 2.0, 5.9 ],
					"rotationX": -42.99999337277033,
					"faces": {
						"north": { "texture": "#soaked", "uv": [ 0.0, 0.0, 16.0, 16.0 ], "autoUv": false },
						"east": { "texture": "#soaked", "uv": [ 15.0, 1.0, 15.5, 10.0 ], "enabled": false },
						"south": { "texture": "#soaked", "uv": [ 0.0, 0.0, 16.0, 16.0 ], "autoUv": false },
						"west": { "texture": "#soaked", "uv": [ 1.0, 1.5, 1.5, 10.5 ], "enabled": false },
						"up": { "texture": "#soaked", "uv": [ 1.0, 0.0, 10.0, 0.5 ], "enabled": false },
						"down": { "texture": "#soaked", "uv": [ 1.5, 15.5, 10.5, 16.0 ], "enabled": false }
					},
					"children": [
						{
							"name": "stringloop54",
							"from": [ 1.5, -2.07, -0.13 ], 
							"to": [ 2.0, 0.43, 0.37 ], 
							"rotationOrigin": [ 2.75, -0.2387, 0.056 ],
							"rotationX": -5.0,
							"faces": {
								"north": { "texture": "#string", "uv": [ 10.5, 6.0, 11.0, 8.5 ] },
								"east": { "texture": "#string", "uv": [ 2.5, 0.5, 3.0, 3.0 ] },
								"south": { "texture": "#string", "uv": [ 9.5, 10.5, 10.0, 13.0 ] },
								"west": { "texture": "#string", "uv": [ 13.5, 10.0, 14.0, 12.5 ] },
								"up": { "texture": "#string", "uv": [ 7.0, 11.0, 7.5, 11.5 ] },
								"down": { "texture": "#string", "uv": [ 4.0, 14.0, 4.5, 14.5 ] }
							},
							"children": [
								{
									"name": "Cube57",
									"from": [ 0.02, 2.5, 0.0 ], 
									"to": [ 0.47, 3.5, 0.25 ], 
									"rotationOrigin": [ 0.25, 2.5, 0.25 ],
									"rotationX": -22.5,
									"faces": {
										"north": { "texture": "#string", "uv": [ 2.0, 0.0, 2.5, 1.0 ] },
										"east": { "texture": "#string", "uv": [ 0.5, 14.5, 1.0, 15.5 ] },
										"south": { "texture": "#string", "uv": [ 14.0, 6.0, 14.5, 7.0 ] },
										"west": { "texture": "#string", "uv": [ 1.0, 1.0, 1.5, 2.0 ] },
										"up": { "texture": "#string", "uv": [ 8.0, 15.0, 8.5, 15.5 ] },
										"down": { "texture": "#string", "uv": [ 7.5, 3.0, 8.0, 3.5 ] }
									}
								},
								{
									"name": "Cube57",
									"from": [ 0.02, 2.5, 0.25 ], 
									"to": [ 0.47, 3.5, 0.5 ], 
									"rotationOrigin": [ 0.25, 2.5, 0.25 ],
									"rotationX": 22.5,
									"faces": {
										"north": { "texture": "#string", "uv": [ 5.5, 7.0, 6.0, 8.0 ] },
										"east": { "texture": "#string", "uv": [ 13.5, 11.5, 14.0, 12.5 ] },
										"south": { "texture": "#string", "uv": [ 13.5, 10.5, 14.0, 11.5 ] },
										"west": { "texture": "#string", "uv": [ 9.5, 5.5, 10.0, 6.5 ] },
										"up": { "texture": "#string", "uv": [ 3.0, 8.5, 3.5, 9.0 ] },
										"down": { "texture": "#string", "uv": [ 1.5, 4.0, 2.0, 4.5 ] }
									}
								},
								{
									"name": "Cube57",
									"from": [ 0.03, 3.2, -0.4 ], 
									"to": [ 0.46, 3.7, -0.15 ], 
									"rotationOrigin": [ 0.25, 3.2, -0.15 ],
									"rotationX": 45.0,
									"faces": {
										"north": { "texture": "#string", "uv": [ 1.0, 0.0, 1.5, 0.5 ] },
										"east": { "texture": "#string", "uv": [ 4.5, 15.0, 5.0, 15.5 ] },
										"south": { "texture": "#string", "uv": [ 5.0, 1.0, 5.5, 1.5 ] },
										"west": { "texture": "#string", "uv": [ 11.0, 10.5, 11.5, 11.0 ] },
										"up": { "texture": "#string", "uv": [ 13.0, 8.0, 13.5, 8.5 ] },
										"down": { "texture": "#string", "uv": [ 9.5, 4.0, 10.0, 4.5 ] }
									}
								},
								{
									"name": "Cube58",
									"from": [ 0.03, 3.2, 0.65 ], 
									"to": [ 0.46, 3.7, 0.9 ], 
									"rotationOrigin": [ 0.25, 3.2, 0.65 ],
									"rotationX": -45.0,
									"faces": {
										"north": { "texture": "#string", "uv": [ 7.0, 13.5, 7.5, 14.0 ] },
										"east": { "texture": "#string", "uv": [ 11.0, 5.0, 11.5, 5.5 ] },
										"south": { "texture": "#string", "uv": [ 9.0, 9.5, 9.5, 10.0 ] },
										"west": { "texture": "#string", "uv": [ 6.0, 12.5, 6.5, 13.0 ] },
										"up": { "texture": "#string", "uv": [ 1.5, 13.0, 2.0, 13.5 ] },
										"down": { "texture": "#string", "uv": [ 0.5, 11.0, 1.0, 11.5 ] }
									}
								},
								{
									"name": "Cube59",
									"from": [ 0.05, 3.5, 0.45 ], 
									"to": [ 0.45, 3.9, 0.7 ], 
									"rotationOrigin": [ 0.25, 3.5, 0.45 ],
									"rotationX": -90.0,
									"faces": {
										"north": { "texture": "#string", "uv": [ 2.5, 2.5, 3.0, 3.0 ] },
										"east": { "texture": "#string", "uv": [ 7.0, 6.0, 7.5, 6.5 ] },
										"south": { "texture": "#string", "uv": [ 0.5, 5.0, 1.0, 5.5 ] },
										"west": { "texture": "#string", "uv": [ 5.0, 10.5, 5.5, 11.0 ] },
										"up": { "texture": "#string", "uv": [ 3.5, 6.0, 4.0, 6.5 ] },
										"down": { "texture": "#string", "uv": [ 7.0, 14.5, 7.5, 15.0 ] }
									}
								}
							]
						},
						{
							"name": "stringloop60",
							"from": [ 7.0, -2.07, -0.13 ], 
							"to": [ 7.5, 0.43, 0.37 ], 
							"rotationOrigin": [ 10.75, -0.2387, 0.056 ],
							"rotationX": -5.0,
							"faces": {
								"north": { "texture": "#string", "uv": [ 5.0, 1.0, 5.5, 3.5 ] },
								"east": { "texture": "#string", "uv": [ 11.0, 11.5, 11.5, 14.0 ] },
								"south": { "texture": "#string", "uv": [ 14.0, 7.0, 14.5, 9.5 ] },
								"west": { "texture": "#string", "uv": [ 1.5, 6.0, 2.0, 8.5 ] },
								"up": { "texture": "#string", "uv": [ 14.0, 4.0, 14.5, 4.5 ] },
								"down": { "texture": "#string", "uv": [ 10.0, 2.0, 10.5, 2.5 ] }
							},
							"children": [
								{
									"name": "Cube61",
									"from": [ 0.02, 2.5, 0.0 ], 
									"to": [ 0.47, 3.5, 0.25 ], 
									"rotationOrigin": [ 0.25, 2.5, 0.25 ],
									"rotationX": -22.5,
									"faces": {
										"north": { "texture": "#string", "uv": [ 2.0, 9.5, 2.5, 10.5 ] },
										"east": { "texture": "#string", "uv": [ 13.5, 13.5, 14.0, 14.5 ] },
										"south": { "texture": "#string", "uv": [ 14.5, 7.5, 15.0, 8.5 ] },
										"west": { "texture": "#string", "uv": [ 5.0, 11.0, 5.5, 12.0 ] },
										"up": { "texture": "#string", "uv": [ 4.0, 2.5, 4.5, 3.0 ] },
										"down": { "texture": "#string", "uv": [ 8.0, 11.0, 8.5, 11.5 ] }
									}
								},
								{
									"name": "Cube62",
									"from": [ 0.02, 2.5, 0.25 ], 
									"to": [ 0.47, 3.5, 0.5 ], 
									"rotationOrigin": [ 0.25, 2.5, 0.25 ],
									"rotationX": 22.5,
									"faces": {
										"north": { "texture": "#string", "uv": [ 2.0, 9.0, 2.5, 10.0 ] },
										"east": { "texture": "#string", "uv": [ 9.5, 5.0, 10.0, 6.0 ] },
										"south": { "texture": "#string", "uv": [ 9.0, 12.5, 9.5, 13.5 ] },
										"west": { "texture": "#string", "uv": [ 4.0, 2.5, 4.5, 3.5 ] },
										"up": { "texture": "#string", "uv": [ 15.0, 8.5, 15.5, 9.0 ] },
										"down": { "texture": "#string", "uv": [ 4.5, 4.0, 5.0, 4.5 ] }
									}
								},
								{
									"name": "Cube63",
									"from": [ 0.03, 3.2, -0.4 ], 
									"to": [ 0.46, 3.7, -0.15 ], 
									"rotationOrigin": [ 0.25, 3.2, -0.15 ],
									"rotationX": 45.0,
									"faces": {
										"north": { "texture": "#string", "uv": [ 10.5, 11.0, 11.0, 11.5 ] },
										"east": { "texture": "#string", "uv": [ 4.5, 3.5, 5.0, 4.0 ] },
										"south": { "texture": "#string", "uv": [ 11.5, 10.5, 12.0, 11.0 ] },
										"west": { "texture": "#string", "uv": [ 10.5, 2.0, 11.0, 2.5 ] },
										"up": { "texture": "#string", "uv": [ 6.0, 2.5, 6.5, 3.0 ] },
										"down": { "texture": "#string", "uv": [ 6.5, 4.0, 7.0, 4.5 ] }
									}
								},
								{
									"name": "Cube64",
									"from": [ 0.03, 3.2, 0.65 ], 
									"to": [ 0.46, 3.7, 0.9 ], 
									"rotationOrigin": [ 0.25, 3.2, 0.65 ],
									"rotationX": -45.0,
									"faces": {
										"north": { "texture": "#string", "uv": [ 2.0, 12.5, 2.5, 13.0 ] },
										"east": { "texture": "#string", "uv": [ 3.0, 3.5, 3.5, 4.0 ] },
										"south": { "texture": "#string", "uv": [ 7.0, 0.5, 7.5, 1.0 ] },
										"west": { "texture": "#string", "uv": [ 3.5, 6.5, 4.0, 7.0 ] },
										"up": { "texture": "#string", "uv": [ 2.0, 8.0, 2.5, 8.5 ] },
										"down": { "texture": "#string", "uv": [ 9.5, 1.5, 10.0, 2.0 ] }
									}
								},
								{
									"name": "Cube65",
									"from": [ 0.05, 3.5, 0.45 ], 
									"to": [ 0.45, 3.9, 0.7 ], 
									"rotationOrigin": [ 0.25, 3.5, 0.45 ],
									"rotationX": -90.0,
									"faces": {
										"north": { "texture": "#string", "uv": [ 5.5, 12.0, 6.0, 12.5 ] },
										"east": { "texture": "#string", "uv": [ 5.0, 3.5, 5.5, 4.0 ] },
										"south": { "texture": "#string", "uv": [ 2.0, 8.5, 2.5, 9.0 ] },
										"west": { "texture": "#string", "uv": [ 12.5, 11.0, 13.0, 11.5 ] },
										"up": { "texture": "#string", "uv": [ 7.5, 6.0, 8.0, 6.5 ] },
										"down": { "texture": "#string", "uv": [ 15.0, 6.0, 15.5, 6.5 ] }
									}
								}
							]
						},
						{
							"name": "stringloop66",
							"from": [ 14.0, 14.93, -0.6 ], 
							"to": [ 14.5, 17.43, -0.1 ], 
							"rotationOrigin": [ 10.75, 12.7613, 0.156 ],
							"rotationX": -5.0,
							"rotationZ": -180.0,
							"faces": {
								"north": { "texture": "#string", "uv": [ 3.5, 2.5, 4.0, 5.0 ] },
								"east": { "texture": "#string", "uv": [ 5.0, 7.5, 5.5, 10.0 ] },
								"south": { "texture": "#string", "uv": [ 0.0, 13.0, 0.5, 15.5 ] },
								"west": { "texture": "#string", "uv": [ 11.5, 8.5, 12.0, 11.0 ] },
								"up": { "texture": "#string", "uv": [ 11.0, 12.0, 11.5, 12.5 ] },
								"down": { "texture": "#string", "uv": [ 2.5, 11.0, 3.0, 11.5 ] }
							},
							"children": [
								{
									"name": "Cube67",
									"from": [ 0.02, 2.5, 0.0 ], 
									"to": [ 0.47, 3.5, 0.25 ], 
									"rotationOrigin": [ 0.25, 2.5, 0.25 ],
									"rotationX": -22.5,
									"faces": {
										"north": { "texture": "#string", "uv": [ 12.0, 13.5, 12.5, 14.5 ] },
										"east": { "texture": "#string", "uv": [ 2.0, 1.5, 2.5, 2.5 ] },
										"south": { "texture": "#string", "uv": [ 12.0, 11.5, 12.5, 12.5 ] },
										"west": { "texture": "#string", "uv": [ 13.5, 1.5, 14.0, 2.5 ] },
										"up": { "texture": "#string", "uv": [ 9.5, 2.0, 10.0, 2.5 ] },
										"down": { "texture": "#string", "uv": [ 7.5, 6.5, 8.0, 7.0 ] }
									}
								},
								{
									"name": "Cube68",
									"from": [ 0.02, 2.5, 0.25 ], 
									"to": [ 0.47, 3.5, 0.5 ], 
									"rotationOrigin": [ 0.25, 2.5, 0.25 ],
									"rotationX": 22.5,
									"faces": {
										"north": { "texture": "#string", "uv": [ 4.0, 8.5, 4.5, 9.5 ] },
										"east": { "texture": "#string", "uv": [ 8.5, 11.5, 9.0, 12.5 ] },
										"south": { "texture": "#string", "uv": [ 10.5, 5.0, 11.0, 6.0 ] },
										"west": { "texture": "#string", "uv": [ 13.5, 12.0, 14.0, 13.0 ] },
										"up": { "texture": "#string", "uv": [ 12.0, 12.5, 12.5, 13.0 ] },
										"down": { "texture": "#string", "uv": [ 7.5, 4.0, 8.0, 4.5 ] }
									}
								},
								{
									"name": "Cube69",
									"from": [ 0.03, 3.2, -0.4 ], 
									"to": [ 0.46, 3.7, -0.15 ], 
									"rotationOrigin": [ 0.25, 3.2, -0.15 ],
									"rotationX": 45.0,
									"faces": {
										"north": { "texture": "#string", "uv": [ 6.0, 10.5, 6.5, 11.0 ] },
										"east": { "texture": "#string", "uv": [ 5.5, 1.0, 6.0, 1.5 ] },
										"south": { "texture": "#string", "uv": [ 9.0, 3.5, 9.5, 4.0 ] },
										"west": { "texture": "#string", "uv": [ 12.0, 11.5, 12.5, 12.0 ] },
										"up": { "texture": "#string", "uv": [ 14.0, 0.0, 14.5, 0.5 ] },
										"down": { "texture": "#string", "uv": [ 14.0, 3.5, 14.5, 4.0 ] }
									}
								},
								{
									"name": "Cube70",
									"from": [ 0.03, 3.2, 0.65 ], 
									"to": [ 0.46, 3.7, 0.9 ], 
									"rotationOrigin": [ 0.25, 3.2, 0.65 ],
									"rotationX": -45.0,
									"faces": {
										"north": { "texture": "#string", "uv": [ 8.5, 0.0, 9.0, 0.5 ] },
										"east": { "texture": "#string", "uv": [ 5.0, 0.5, 5.5, 1.0 ] },
										"south": { "texture": "#string", "uv": [ 3.0, 13.0, 3.5, 13.5 ] },
										"west": { "texture": "#string", "uv": [ 9.0, 7.0, 9.5, 7.5 ] },
										"up": { "texture": "#string", "uv": [ 14.0, 4.5, 14.5, 5.0 ] },
										"down": { "texture": "#string", "uv": [ 7.5, 12.0, 8.0, 12.5 ] }
									}
								},
								{
									"name": "Cube71",
									"from": [ 0.05, 3.5, 0.45 ], 
									"to": [ 0.45, 3.9, 0.7 ], 
									"rotationOrigin": [ 0.25, 3.5, 0.45 ],
									"rotationX": -90.0,
									"faces": {
										"north": { "texture": "#string", "uv": [ 12.5, 5.5, 13.0, 6.0 ] },
										"east": { "texture": "#string", "uv": [ 10.0, 6.0, 10.5, 6.5 ] },
										"south": { "texture": "#string", "uv": [ 6.0, 6.0, 6.5, 6.5 ] },
										"west": { "texture": "#string", "uv": [ 1.5, 8.0, 2.0, 8.5 ] },
										"up": { "texture": "#string", "uv": [ 4.0, 11.5, 4.5, 12.0 ] },
										"down": { "texture": "#string", "uv": [ 11.0, 8.0, 11.5, 8.5 ] }
									}
								}
							]
						},
						{
							"name": "stringloop72",
							"from": [ 5.5, 14.93, -0.6 ], 
							"to": [ 6.0, 17.43, -0.1 ], 
							"rotationOrigin": [ 3.75, 12.7613, 0.056 ],
							"rotationX": -5.0,
							"rotationZ": -180.0,
							"faces": {
								"north": { "texture": "#string", "uv": [ 0.5, 2.0, 1.0, 4.5 ] },
								"east": { "texture": "#string", "uv": [ 13.5, 10.0, 14.0, 12.5 ] },
								"south": { "texture": "#string", "uv": [ 8.0, 6.5, 8.5, 9.0 ] },
								"west": { "texture": "#string", "uv": [ 13.5, 10.5, 14.0, 13.0 ] },
								"up": { "texture": "#string", "uv": [ 14.5, 4.0, 15.0, 4.5 ] },
								"down": { "texture": "#string", "uv": [ 1.5, 6.0, 2.0, 6.5 ] }
							},
							"children": [
								{
									"name": "Cube73",
									"from": [ 0.02, 2.5, 0.0 ], 
									"to": [ 0.47, 3.5, 0.25 ], 
									"rotationOrigin": [ 0.25, 2.5, 0.25 ],
									"rotationX": -22.5,
									"faces": {
										"north": { "texture": "#string", "uv": [ 13.0, 8.0, 13.5, 9.0 ] },
										"east": { "texture": "#string", "uv": [ 14.0, 8.0, 14.5, 9.0 ] },
										"south": { "texture": "#string", "uv": [ 1.0, 3.0, 1.5, 4.0 ] },
										"west": { "texture": "#string", "uv": [ 15.0, 4.5, 15.5, 5.5 ] },
										"up": { "texture": "#string", "uv": [ 15.0, 12.0, 15.5, 12.5 ] },
										"down": { "texture": "#string", "uv": [ 13.5, 2.0, 14.0, 2.5 ] }
									}
								},
								{
									"name": "Cube74",
									"from": [ 0.02, 2.5, 0.25 ], 
									"to": [ 0.47, 3.5, 0.5 ], 
									"rotationOrigin": [ 0.25, 2.5, 0.25 ],
									"rotationX": 22.5,
									"faces": {
										"north": { "texture": "#string", "uv": [ 6.5, 0.5, 7.0, 1.5 ] },
										"east": { "texture": "#string", "uv": [ 15.0, 0.0, 15.5, 1.0 ] },
										"south": { "texture": "#string", "uv": [ 9.5, 0.0, 10.0, 1.0 ] },
										"west": { "texture": "#string", "uv": [ 13.5, 11.0, 14.0, 12.0 ] },
										"up": { "texture": "#string", "uv": [ 6.5, 13.0, 7.0, 13.5 ] },
										"down": { "texture": "#string", "uv": [ 13.5, 0.0, 14.0, 0.5 ] }
									}
								},
								{
									"name": "Cube75",
									"from": [ 0.03, 3.2, -0.4 ], 
									"to": [ 0.46, 3.7, -0.15 ], 
									"rotationOrigin": [ 0.25, 3.2, -0.15 ],
									"rotationX": 45.0,
									"faces": {
										"north": { "texture": "#string", "uv": [ 14.0, 1.5, 14.5, 2.0 ] },
										"east": { "texture": "#string", "uv": [ 4.0, 4.0, 4.5, 4.5 ] },
										"south": { "texture": "#string", "uv": [ 1.0, 9.0, 1.5, 9.5 ] },
										"west": { "texture": "#string", "uv": [ 9.5, 8.0, 10.0, 8.5 ] },
										"up": { "texture": "#string", "uv": [ 3.5, 15.0, 4.0, 15.5 ] },
										"down": { "texture": "#string", "uv": [ 10.0, 13.0, 10.5, 13.5 ] }
									}
								},
								{
									"name": "Cube76",
									"from": [ 0.03, 3.2, 0.65 ], 
									"to": [ 0.46, 3.7, 0.9 ], 
									"rotationOrigin": [ 0.25, 3.2, 0.65 ],
									"rotationX": -45.0,
									"faces": {
										"north": { "texture": "#string", "uv": [ 10.0, 2.0, 10.5, 2.5 ] },
										"east": { "texture": "#string", "uv": [ 3.5, 14.5, 4.0, 15.0 ] },
										"south": { "texture": "#string", "uv": [ 1.5, 10.5, 2.0, 11.0 ] },
										"west": { "texture": "#string", "uv": [ 3.0, 7.5, 3.5, 8.0 ] },
										"up": { "texture": "#string", "uv": [ 8.0, 11.5, 8.5, 12.0 ] },
										"down": { "texture": "#string", "uv": [ 9.0, 9.5, 9.5, 10.0 ] }
									}
								},
								{
									"name": "Cube77",
									"from": [ 0.05, 3.5, 0.45 ], 
									"to": [ 0.45, 3.9, 0.7 ], 
									"rotationOrigin": [ 0.25, 3.5, 0.45 ],
									"rotationX": -90.0,
									"faces": {
										"north": { "texture": "#string", "uv": [ 9.5, 0.5, 10.0, 1.0 ] },
										"east": { "texture": "#string", "uv": [ 2.5, 7.5, 3.0, 8.0 ] },
										"south": { "texture": "#string", "uv": [ 6.0, 8.5, 6.5, 9.0 ] },
										"west": { "texture": "#string", "uv": [ 12.5, 10.5, 13.0, 11.0 ] },
										"up": { "texture": "#string", "uv": [ 15.0, 1.0, 15.5, 1.5 ] },
										"down": { "texture": "#string", "uv": [ 8.0, 3.5, 8.5, 4.0 ] }
									}
								}
							]
						}
					]
				}
			]
		}
	]}