{
	"editor": {
		"collapsedPaths": "Root/Base/Corner_NE23/Corner_NE24,Root/Base,Root/Base/BaseEdge_E/BaseEdge_E6",
		"allAngles": false,
		"entityTextureMode": false
	},
	"textureWidth": 16,
	"textureHeight": 16,
	"textureSizes": {
	},
	"textures": {
	},
	"elements": [
		{
			"name": "Cube2",
			"from": [ 5.0, 2.0, 5.0 ],
			"to": [ 11.0, 3.0, 12.0 ],
			"rotationOrigin": [ 5.0, 2.0, 5.0 ],
			"faces": {
				"north": { "texture": "#null", "uv": [ 0.0, 0.0, 6.0, 1.0 ] },
				"east": { "texture": "#null", "uv": [ 0.0, 0.0, 7.0, 1.0 ] },
				"south": { "texture": "#null", "uv": [ 0.0, 0.0, 6.0, 1.0 ] },
				"west": { "texture": "#null", "uv": [ 0.0, 0.0, 7.0, 1.0 ] },
				"up": { "texture": "#null", "uv": [ 0.0, 0.0, 6.0, 7.0 ] },
				"down": { "texture": "#null", "uv": [ 0.0, 0.0, 6.0, 7.0 ] }
			},
			"children": [
				{
					"name": "Cube3",
					"from": [ 2.2, -0.1, 0.6 ],
					"to": [ 3.0, 1.2, 2.3 ],
					"rotationOrigin": [ 2.2, -0.1, 0.6 ],
					"faces": {
						"north": { "texture": "#null", "uv": [ 0.0, 0.0, 0.5, 1.0 ] },
						"east": { "texture": "#null", "uv": [ 0.0, 0.0, 1.5, 1.0 ] },
						"south": { "texture": "#null", "uv": [ 0.0, 0.0, 0.5, 1.0 ] },
						"west": { "texture": "#null", "uv": [ 0.0, 0.0, 1.5, 1.0 ] },
						"up": { "texture": "#null", "uv": [ 0.0, 0.0, 0.5, 1.5 ] },
						"down": { "texture": "#null", "uv": [ 0.0, 0.0, 0.5, 1.5 ] }
					}
				},
				{
					"name": "Cube4",
					"from": [ 4.6, -0.1, 2.1 ],
					"to": [ 5.4, 1.2, 3.8 ],
					"rotationOrigin": [ 4.6, -0.1, 2.1 ],
					"faces": {
						"north": { "texture": "#null", "uv": [ 0.0, 0.0, 0.5, 1.0 ] },
						"east": { "texture": "#null", "uv": [ 0.0, 0.0, 1.5, 1.0 ] },
						"south": { "texture": "#null", "uv": [ 0.0, 0.0, 0.5, 1.0 ] },
						"west": { "texture": "#null", "uv": [ 0.0, 0.0, 1.5, 1.0 ] },
						"up": { "texture": "#null", "uv": [ 0.0, 0.0, 0.5, 1.5 ] },
						"down": { "texture": "#null", "uv": [ 0.0, 0.0, 0.5, 1.5 ] }
					}
				},
				{
					"name": "Cube5",
					"from": [ 3.2, -0.5, 3.9 ],
					"to": [ 4.0, 0.6, 5.6 ],
					"rotationOrigin": [ 3.2, -0.5, 3.9 ],
					"rotationX": -67.5,
					"faces": {
						"north": { "texture": "#null", "uv": [ 0.0, 0.0, 0.5, 1.0 ] },
						"east": { "texture": "#null", "uv": [ 0.0, 0.0, 1.5, 1.0 ] },
						"south": { "texture": "#null", "uv": [ 0.0, 0.0, 0.5, 1.0 ] },
						"west": { "texture": "#null", "uv": [ 0.0, 0.0, 1.5, 1.0 ] },
						"up": { "texture": "#null", "uv": [ 0.0, 0.0, 0.5, 1.5 ] },
						"down": { "texture": "#null", "uv": [ 0.0, 0.0, 0.5, 1.5 ] }
					}
				},
				{
					"name": "Cube6",
					"from": [ 1.2, -0.5, 2.7 ],
					"to": [ 2.0, 0.6, 4.4 ],
					"rotationOrigin": [ 1.2, -0.5, 2.7 ],
					"rotationX": -67.5,
					"rotationZ": 112.5,
					"faces": {
						"north": { "texture": "#null", "uv": [ 0.0, 0.0, 0.5, 1.0 ] },
						"east": { "texture": "#null", "uv": [ 0.0, 0.0, 1.5, 1.0 ] },
						"south": { "texture": "#null", "uv": [ 0.0, 0.0, 0.5, 1.0 ] },
						"west": { "texture": "#null", "uv": [ 0.0, 0.0, 1.5, 1.0 ] },
						"up": { "texture": "#null", "uv": [ 0.0, 0.0, 0.5, 1.5 ] },
						"down": { "texture": "#null", "uv": [ 0.0, 0.0, 0.5, 1.5 ] }
					}
				},
				{
					"name": "Cube7",
					"from": [ 2.2, -0.5, 5.6 ],
					"to": [ 3.2, 0.6, 7.3 ],
					"rotationOrigin": [ 2.2, -0.5, 5.6 ],
					"rotationX": -67.5,
					"faces": {
						"north": { "texture": "#null", "uv": [ 0.0, 0.0, 1.0, 1.0 ] },
						"east": { "texture": "#null", "uv": [ 0.0, 0.0, 1.5, 1.0 ] },
						"south": { "texture": "#null", "uv": [ 0.0, 0.0, 1.0, 1.0 ] },
						"west": { "texture": "#null", "uv": [ 0.0, 0.0, 1.5, 1.0 ] },
						"up": { "texture": "#null", "uv": [ 0.0, 0.0, 1.0, 1.5 ] },
						"down": { "texture": "#null", "uv": [ 0.0, 0.0, 1.0, 1.5 ] }
					}
				},
				{
					"name": "Cube8",
					"from": [ 0.7, -0.1, 3.6 ],
					"to": [ 3.7, 1.2, 5.3 ],
					"rotationOrigin": [ 0.7, -0.1, 3.6 ],
					"faces": {
						"north": { "texture": "#null", "uv": [ 0.0, 0.0, 3.0, 1.0 ] },
						"east": { "texture": "#null", "uv": [ 0.0, 0.0, 1.5, 1.0 ] },
						"south": { "texture": "#null", "uv": [ 0.0, 0.0, 3.0, 1.0 ] },
						"west": { "texture": "#null", "uv": [ 0.0, 0.0, 1.5, 1.0 ] },
						"up": { "texture": "#null", "uv": [ 0.0, 0.0, 3.0, 1.5 ] },
						"down": { "texture": "#null", "uv": [ 0.0, 0.0, 3.0, 1.5 ] }
					}
				},
				{
					"name": "Cube9",
					"from": [ 6.0, -0.5, 2.7 ],
					"to": [ 6.8, 0.6, 4.4 ],
					"rotationOrigin": [ 6.0, -0.5, 2.7 ],
					"rotationX": -67.5,
					"rotationZ": 112.5,
					"faces": {
						"north": { "texture": "#null", "uv": [ 0.0, 0.0, 0.5, 1.0 ] },
						"east": { "texture": "#null", "uv": [ 0.0, 0.0, 1.5, 1.0 ] },
						"south": { "texture": "#null", "uv": [ 0.0, 0.0, 0.5, 1.0 ] },
						"west": { "texture": "#null", "uv": [ 0.0, 0.0, 1.5, 1.0 ] },
						"up": { "texture": "#null", "uv": [ 0.0, 0.0, 0.5, 1.5 ] },
						"down": { "texture": "#null", "uv": [ 0.0, 0.0, 0.5, 1.5 ] }
					}
				},
				{
					"name": "Cube10",
					"from": [ 2.8, -0.5, 0.2 ],
					"to": [ 3.6, 0.6, 1.9 ],
					"rotationOrigin": [ 2.8, -0.5, 0.2 ],
					"rotationX": -67.5,
					"rotationZ": 112.5,
					"faces": {
						"north": { "texture": "#null", "uv": [ 0.0, 0.0, 0.5, 1.0 ] },
						"east": { "texture": "#null", "uv": [ 0.0, 0.0, 1.5, 1.0 ] },
						"south": { "texture": "#null", "uv": [ 0.0, 0.0, 0.5, 1.0 ] },
						"west": { "texture": "#null", "uv": [ 0.0, 0.0, 1.5, 1.0 ] },
						"up": { "texture": "#null", "uv": [ 0.0, 0.0, 0.5, 1.5 ] },
						"down": { "texture": "#null", "uv": [ 0.0, 0.0, 0.5, 1.5 ] }
					}
				}
			]
		}
	]}