{
    "singlecenter": {
        "armor-*": { "Enabled": true },
        "clothes-lowerbody-*": { "Enabled": true },
        "clothes-upperbody-*": { "Enabled": true },
        "clothes-upperbodyover-*": { "Enabled": true }
    },
    "halves": {},
    "wallhalves": {
        "bowstave-*": {
            "Enabled": true,
            "CtrlKey": true,
            "WallOffY": 2
        },
        "helvehammer-*": {
            "Enabled": true,
            "CtrlKey": true,
            "WallOffY": 3
        },
        "largegearsection-*": {
            "Enabled": true,
            "CtrlKey": true,
            "WallOffY": 1
        },
        "pounder-*": {
            "Enabled": true,
            "CtrlKey": true,
            "WallOffY": 3
        },
        "pulverizertoggle-*": {
            "Enabled": true,
            "CtrlKey": true,
            "WallOffY": 1
        }
    },
    "quadrants": {
        "drygrass": { "Enabled": true, "CtrlKey": true, "PlaceEveryItemProperties": { "FixPlacement": true } },
        "thatch": { "Enabled": true, "CtrlKey": true, "PlaceEveryItemProperties": { "FixPlacement": true } },
        "oakbark": { "Enabled": true },
        "scrapweaponkit": { "Enabled": true, "CtrlKey": true, "PlaceEveryItemProperties": { "FixPlacement": true } },
        "stone-*": { "Enabled": true, "CtrlKey": true },
        "workitem-*": { "Enabled": true },
        "sling": { "Enabled": true, "CtrlKey": true, "PlaceEveryItemProperties": { "FixPlacement": true } },
        "clay-*": { "Enabled": true, "CtrlKey": true, "PlaceEveryItemProperties": { "FixPlacement": true } },
        "eidolongearbox": { "Enabled": true },
        "nightvisiondevice": { "Enabled": true },
        "bonemeal": { "Enabled": true },
        "lime": { "Enabled": true },
        "potash": { "Enabled": true },
        "salt": { "Enabled": true },
        "saltpeter": { "Enabled": true },
        "charcoal": { "Enabled": true, "CtrlKey": true, "PlaceEveryItemProperties": { "FixPlacement": true } },
        "coke": { "Enabled": true, "CtrlKey": true, "PlaceEveryItemProperties": { "FixPlacement": true } },
        "flint": { "Enabled": true, "CtrlKey": true, "PlaceEveryItemProperties": { "FixPlacement": true } },
        "herbbundle-*": { "Enabled": true },
        "mortar": { "Enabled": true },
        "pulp-*": { "Enabled": true },
        "clothes-butterflypin-*": { "Enabled": true },
        "omokpiece-*": { "Enabled": true },
        "butterfly-dead-*": { "Enabled": true },
        "crushed-*": { "Enabled": true },

        "dough-*": { "Enabled": true },
        "insect-*": { "Enabled": true },
        "pressedmash-*": { "Enabled": true },

        "arrow-*": { "Enabled": true },
        "arrowhead-*": { "Enabled": true },
        "axehead-*": { "Enabled": true },
        "bladehead-*": { "Enabled": true },
        "hammerhead-*": { "Enabled": true },
        "hoehead-*": { "Enabled": true },
        "knifeblade-*": { "Enabled": true },
        "pickaxehead-*": { "Enabled": true },
        "prospectingpickhead-*": { "Enabled": true },
        "sawblade-*": { "Enabled": true },
        "scythehead-*": { "Enabled": true },
        "shovelhead-*": { "Enabled": true },
        "spearhead-*": { "Enabled": true },

        "bandage-*": { "Enabled": true },
        "beenade-*": { "Enabled": true, "CtrlKey": true, "PlaceEveryItemProperties": { "FixPlacement": true } },
        "candle": { "Enabled": true, "CtrlKey": true, "PlaceEveryItemProperties": { "FixPlacement": true } },
        "cattailroot": { "Enabled": true, "CtrlKey": true, "PlaceEveryItemProperties": { "FixPlacement": true } },
        "tuleroot": { "Enabled": true, "CtrlKey": true, "PlaceEveryItemProperties": { "FixPlacement": true } },
        "fruittree-*": { "Enabled": true },
        "gear-rusty": { "Enabled": true, "CtrlKey": true, "PlaceEveryItemProperties": { "FixPlacement": true } },
        "gear-temporal": { "Enabled": true, "CtrlKey": true, "PlaceEveryItemProperties": { "FixPlacement": true } },
        "honeycomb": { "Enabled": true },
        "metal-parts": { "Enabled": true },
        "metal-scraps": { "Enabled": true },
        "padlock-*": { "Enabled": true },
        "papyrusroot": { "Enabled": true, "CtrlKey": true, "PlaceEveryItemProperties": { "FixPlacement": true } },
        "poultice-*": { "Enabled": true, "CtrlKey": true, "PlaceEveryItemProperties": { "FixPlacement": true } },
        "seeds-*": { "Enabled": true, "CtrlKey": true, "PlaceEveryItemProperties": { "FixPlacement": true } },
        "treeseed-*": { "Enabled": true, "CtrlKey": true, "PlaceEveryItemProperties": { "FixPlacement": true } },

        "clothes-arm-*": { "Enabled": true },
        "clothes-emblem-*": { "Enabled": true },
        "clothes-face-*": { "Enabled": true },
        "clothes-hand-*": { "Enabled": true },
        "clothes-head-*": { "Enabled": true },
        "clothes-neck-*": { "Enabled": true },
        "clothes-shoulder-*": { "Enabled": true },
        "clothes-waist-*": { "Enabled": true }
    }
}
