{
	"editor": {
		"allAngles": false,
		"entityTextureMode": false
	},
	"textureWidth": 16,
	"textureHeight": 16,
	"textureSizes": {
	},
	"textures": {
	},
	"elements": [
		{
			"name": "Cube1",
			"from": [ 5.0, 3.0, 7.0 ], 
			"to": [ 12.0, 5.0, 9.0 ], 
			"rotationOrigin": [ 5.0, 3.0, 7.0 ],
			"rotationX": -22.5,
			"rotationZ": 17.0,
			"faces": {
				"north": { "texture": "#burnet_root", "uv": [ 0.0, 0.0, 9.3333, 2.6667 ], "autoUv": false },
				"east": { "texture": "#burnet_root", "uv": [ 0.0, 0.0, 2.6667, 2.6667 ], "autoUv": false },
				"south": { "texture": "#burnet_root", "uv": [ 0.0, 1.3333, 9.3333, 4.0 ], "autoUv": false },
				"west": { "texture": "#burnet_root", "uv": [ 1.3333, 0.6667, 4.0, 3.3333 ], "autoUv": false },
				"up": { "texture": "#burnet_root", "uv": [ 0.0, 0.6667, 9.3333, 3.3333 ], "autoUv": false },
				"down": { "texture": "#burnet_root", "uv": [ 0.0, 0.6667, 9.3333, 3.3333 ], "autoUv": false }
			},
			"children": [
				{
					"name": "Cube2",
					"from": [ 5.5, -2.7, 0.5 ], 
					"to": [ 6.5, 0.3, 1.5 ], 
					"rotationOrigin": [ 6.0, 0.5, 1.0 ],
					"rotationX": -7.0,
					"rotationY": 14.0,
					"rotationZ": 22.5,
					"faces": {
						"north": { "texture": "#burnet_root", "uv": [ 6.0, 0.0, 7.3333, 4.0 ], "autoUv": false },
						"east": { "texture": "#burnet_root", "uv": [ 5.3333, 0.0, 6.6667, 4.0 ], "autoUv": false },
						"south": { "texture": "#burnet_root", "uv": [ 2.6667, 0.0, 4.0, 4.0 ], "autoUv": false },
						"west": { "texture": "#burnet_root", "uv": [ 0.0, 0.0, 1.3333, 4.0 ], "autoUv": false },
						"up": { "texture": "#burnet_root", "uv": [ 0.0, 0.0, 0.6667, 0.6667 ], "enabled": false },
						"down": { "texture": "#burnet_root", "uv": [ 2.6667, 2.6667, 4.0, 4.0 ], "autoUv": false }
					},
					"children": [
						{
							"name": "Cube3",
							"from": [ 0.34, -2.0, 0.1 ], 
							"to": [ 0.84, 0.0, 0.6 ], 
							"rotationOrigin": [ 0.25, 0.0, 0.25 ],
							"rotationY": -22.5,
							"rotationZ": 22.5,
							"faces": {
								"north": { "texture": "#burnet_root", "uv": [ 6.0, 1.3333, 6.6667, 4.0 ], "autoUv": false },
								"east": { "texture": "#burnet_root", "uv": [ 2.6667, 1.3333, 3.3333, 4.0 ], "autoUv": false },
								"south": { "texture": "#burnet_root", "uv": [ 0.0, 0.0, 0.6667, 2.6667 ], "autoUv": false },
								"west": { "texture": "#burnet_root", "uv": [ 1.3333, 0.6667, 2.0, 3.3333 ], "autoUv": false },
								"up": { "texture": "#burnet_root", "uv": [ 2.6667, 2.0, 3.3333, 2.6667 ], "enabled": false },
								"down": { "texture": "#burnet_root", "uv": [ 3.3333, 2.6667, 4.0, 3.3333 ] }
							}
						}
					]
				},
				{
					"name": "Cube4",
					"from": [ 5.6, 1.8, 0.8 ], 
					"to": [ 6.6, 2.8, 1.8 ], 
					"rotationOrigin": [ 6.0, 1.5, 1.0 ],
					"rotationX": 10.0,
					"rotationY": 45.0,
					"rotationZ": -22.5,
					"faces": {
						"north": { "texture": "#burnet_root", "uv": [ 10.0, 5.3333, 11.3333, 6.6667 ], "autoUv": false },
						"east": { "texture": "#burnet_root", "uv": [ 10.0, 5.3333, 11.3333, 6.6667 ], "autoUv": false },
						"south": { "texture": "#burnet_root", "uv": [ 10.0, 5.3333, 11.3333, 6.6667 ], "autoUv": false },
						"west": { "texture": "#burnet_root", "uv": [ 10.0, 5.3333, 11.3333, 6.6667 ], "autoUv": false },
						"up": { "texture": "#burnet_root", "uv": [ 10.0, 5.3333, 11.3333, 6.6667 ], "autoUv": false },
						"down": { "texture": "#burnet_root", "uv": [ 10.0, 5.3333, 11.3333, 6.6667 ], "autoUv": false }
					},
					"children": [
						{
							"name": "Cube5",
							"from": [ 0.5, 1.0, 0.0 ], 
							"to": [ 0.5, 3.0, 1.0 ], 
							"rotationOrigin": [ 0.5, 1.0, 0.5 ],
							"rotationY": 22.5,
							"rotationZ": -22.5,
							"faces": {
								"north": { "texture": "#burnet_root", "uv": [ 0.0, 0.0, 0.6667, 2.0 ], "enabled": false },
								"east": { "texture": "#burnet_root", "uv": [ 10.6667, 0.6667, 12.0, 3.3333 ], "autoUv": false },
								"south": { "texture": "#burnet_root", "uv": [ 0.0, 0.0, 0.6667, 2.0 ], "enabled": false },
								"west": { "texture": "#burnet_root", "uv": [ 0.0, 0.0, 0.6667, 2.0 ], "enabled": false },
								"up": { "texture": "#burnet_root", "uv": [ 0.0, 0.0, 0.6667, 0.6667 ], "enabled": false },
								"down": { "texture": "#burnet_root", "uv": [ 0.0, 0.0, 0.6667, 0.6667 ], "enabled": false }
							}
						},
						{
							"name": "Cube6",
							"from": [ 0.5, 1.0, 0.0 ], 
							"to": [ 0.5, 3.0, 1.0 ], 
							"rotationOrigin": [ 0.5, 1.0, 0.5 ],
							"rotationY": -45.0,
							"rotationZ": 22.5,
							"faces": {
								"north": { "texture": "#burnet_root", "uv": [ 0.0, 0.0, 0.6667, 2.0 ], "enabled": false },
								"east": { "texture": "#burnet_root", "uv": [ 10.6667, 0.6667, 12.0, 3.3333 ], "autoUv": false },
								"south": { "texture": "#burnet_root", "uv": [ 0.0, 0.0, 0.6667, 2.0 ], "enabled": false },
								"west": { "texture": "#burnet_root", "uv": [ 0.0, 0.0, 0.6667, 2.0 ], "enabled": false },
								"up": { "texture": "#burnet_root", "uv": [ 0.0, 0.0, 0.6667, 0.6667 ], "enabled": false },
								"down": { "texture": "#burnet_root", "uv": [ 0.0, 0.0, 0.6667, 0.6667 ], "enabled": false }
							}
						},
						{
							"name": "Cube7",
							"from": [ 0.5, 1.0, 0.0 ], 
							"to": [ 0.5, 3.0, 1.0 ], 
							"rotationOrigin": [ 0.5, 1.0, 0.5 ],
							"rotationY": 67.5,
							"rotationZ": 22.5,
							"faces": {
								"north": { "texture": "#burnet_root", "uv": [ 0.0, 0.0, 0.6667, 2.0 ], "enabled": false },
								"east": { "texture": "#burnet_root", "uv": [ 10.6667, 0.6667, 12.0, 3.3333 ], "autoUv": false },
								"south": { "texture": "#burnet_root", "uv": [ 0.0, 0.0, 0.6667, 2.0 ], "enabled": false },
								"west": { "texture": "#burnet_root", "uv": [ 0.0, 0.0, 0.6667, 2.0 ], "enabled": false },
								"up": { "texture": "#burnet_root", "uv": [ 0.0, 0.0, 0.6667, 0.6667 ], "enabled": false },
								"down": { "texture": "#burnet_root", "uv": [ 0.0, 0.0, 0.6667, 0.6667 ], "enabled": false }
							}
						}
					]
				},
				{
					"name": "Cube8",
					"from": [ 4.0, -2.5, 0.7 ], 
					"to": [ 5.0, 0.0, 1.7 ], 
					"rotationOrigin": [ 5.0, 0.0, 0.7 ],
					"rotationX": -22.5,
					"rotationZ": -22.5,
					"faces": {
						"north": { "texture": "#burnet_root", "uv": [ 5.3333, 1.3333, 6.6667, 4.0 ], "autoUv": false },
						"east": { "texture": "#burnet_root", "uv": [ 0.0, 0.0, 1.3333, 2.6667 ], "autoUv": false },
						"south": { "texture": "#burnet_root", "uv": [ 3.3333, 0.6667, 4.6667, 4.0 ], "autoUv": false },
						"west": { "texture": "#burnet_root", "uv": [ 0.0, 0.0, 1.3333, 2.6667 ], "autoUv": false },
						"up": { "texture": "#burnet_root", "uv": [ 3.3333, 0.6667, 4.0, 1.3333 ], "enabled": false, "autoUv": false },
						"down": { "texture": "#burnet_root", "uv": [ 7.3333, 5.3333, 8.6667, 6.6667 ], "autoUv": false }
					}
				},
				{
					"name": "Cube9",
					"from": [ 1.7, -2.7, 1.1 ], 
					"to": [ 2.7, 0.3, 2.1 ], 
					"rotationOrigin": [ 1.0, 0.0, 0.7 ],
					"rotationX": -45.0,
					"rotationY": 22.5,
					"faces": {
						"north": { "texture": "#burnet_root", "uv": [ 5.3333, 0.6667, 6.6667, 4.6667 ], "autoUv": false },
						"east": { "texture": "#burnet_root", "uv": [ 5.3333, 0.6667, 6.6667, 4.6667 ], "autoUv": false },
						"south": { "texture": "#burnet_root", "uv": [ 2.6667, 0.0, 4.0, 4.0 ], "autoUv": false },
						"west": { "texture": "#burnet_root", "uv": [ 3.3333, 0.6667, 4.6667, 4.6667 ], "autoUv": false },
						"up": { "texture": "#burnet_root", "uv": [ 0.0, 0.0, 0.6667, 0.6667 ], "enabled": false },
						"down": { "texture": "#burnet_root", "uv": [ 7.3333, 5.3333, 8.6667, 6.6667 ], "autoUv": false }
					}
				},
				{
					"name": "Cube10",
					"from": [ -2.9, 0.8, 0.4 ], 
					"to": [ 0.1, 1.8, 1.4 ], 
					"rotationOrigin": [ 0.0, 0.5, 0.5 ],
					"rotationX": 22.5,
					"rotationY": 22.5,
					"faces": {
						"north": { "texture": "#burnet_root", "uv": [ 4.6667, 2.0, 8.6667, 3.3333 ], "autoUv": false },
						"east": { "texture": "#burnet_root", "uv": [ 2.0, 0.6667, 3.3333, 2.0 ], "autoUv": false },
						"south": { "texture": "#burnet_root", "uv": [ 2.0, 1.3333, 6.0, 2.6667 ], "autoUv": false },
						"west": { "texture": "#burnet_root", "uv": [ 0.0, 0.0, 1.3333, 1.3333 ], "autoUv": false },
						"up": { "texture": "#burnet_root", "uv": [ 2.6667, 0.6667, 6.6667, 2.0 ], "autoUv": false },
						"down": { "texture": "#burnet_root", "uv": [ 3.3333, 0.6667, 7.3333, 2.0 ], "autoUv": false }
					}
				},
				{
					"name": "Cube11",
					"from": [ -4.2, 0.1, 2.4 ], 
					"to": [ -2.2, 0.6, 2.9 ], 
					"rotationOrigin": [ -3.0, 0.5, 2.5 ],
					"rotationX": 45.0,
					"rotationY": 49.0,
					"faces": {
						"north": { "texture": "#burnet_root", "uv": [ 2.6667, 2.0, 5.3333, 2.6667 ], "autoUv": false },
						"east": { "texture": "#burnet_root", "uv": [ 1.3333, 0.6667, 2.0, 1.3333 ] },
						"south": { "texture": "#burnet_root", "uv": [ 0.6667, 0.0, 3.3333, 0.6667 ], "autoUv": false },
						"west": { "texture": "#burnet_root", "uv": [ 1.3333, 0.6667, 2.0, 1.3333 ] },
						"up": { "texture": "#burnet_root", "uv": [ 2.6667, 1.3333, 5.3333, 2.0 ], "autoUv": false },
						"down": { "texture": "#burnet_root", "uv": [ 1.3333, 0.6667, 4.0, 1.3333 ], "autoUv": false }
					}
				},
				{
					"name": "Cube12",
					"from": [ 0.0, -3.0, 1.0 ], 
					"to": [ 3.0, 0.0, 1.0 ], 
					"rotationOrigin": [ 3.0, 0.0, 1.0 ],
					"rotationX": -22.5,
					"rotationZ": -22.5,
					"faces": {
						"north": { "texture": "#burnet_root", "uv": [ 0.0, 0.0, 2.6667, 2.6667 ], "enabled": false },
						"east": { "texture": "#burnet_root", "uv": [ 0.0, 0.0, 0.6667, 2.6667 ], "enabled": false },
						"south": { "texture": "#burnet_root", "uv": [ 0.0, 5.3333, 4.0, 9.3333 ], "autoUv": false },
						"west": { "texture": "#burnet_root", "uv": [ 0.0, 0.0, 0.6667, 2.6667 ], "enabled": false },
						"up": { "texture": "#burnet_root", "uv": [ 0.0, 0.0, 2.6667, 0.6667 ], "enabled": false },
						"down": { "texture": "#burnet_root", "uv": [ 0.0, 0.0, 2.6667, 0.6667 ], "enabled": false }
					}
				},
				{
					"name": "Cube13",
					"from": [ 4.5, -3.0, 1.0 ], 
					"to": [ 6.0, 0.5, 1.0 ], 
					"rotationOrigin": [ 6.0, 0.0, 1.0 ],
					"rotationX": 20.0,
					"rotationZ": -10.0,
					"faces": {
						"north": { "texture": "#burnet_root", "uv": [ 0.0, 0.0, 1.3333, 3.3333 ], "enabled": false },
						"east": { "texture": "#burnet_root", "uv": [ 0.0, 0.0, 0.6667, 3.3333 ], "enabled": false },
						"south": { "texture": "#burnet_root", "uv": [ 4.0, 5.3333, 6.0, 10.0 ], "autoUv": false },
						"west": { "texture": "#burnet_root", "uv": [ 0.0, 0.0, 0.6667, 3.3333 ], "enabled": false },
						"up": { "texture": "#burnet_root", "uv": [ 0.0, 0.0, 1.3333, 0.6667 ], "enabled": false },
						"down": { "texture": "#burnet_root", "uv": [ 0.0, 0.0, 1.3333, 0.6667 ], "enabled": false }
					}
				}
			]
		}
	]}