{
	"editor": {
		"allAngles": true,
		"entityTextureMode": false
	},
	"textureWidth": 16,
	"textureHeight": 16,
	"textureSizes": {
	},
	"textures": {
		"root": "wildcraft:block/plant/leafygroundvegetable/root"
	},
	"elements": [
		{
			"name": "origin",
			"from": [ 8.0, 0.0, 8.0 ], 
			"to": [ 8.0, 0.0, 8.0 ], 
			"rotationOrigin": [ 8.0, 0.0, 8.0 ],
			"faces": {
				"north": { "texture": "#root", "uv": [ 0.0, 0.0, 0.5, 0.5 ], "enabled": false },
				"east": { "texture": "#root", "uv": [ 0.0, 0.0, 0.5, 0.5 ], "enabled": false },
				"south": { "texture": "#root", "uv": [ 0.0, 0.0, 0.5, 0.5 ], "enabled": false },
				"west": { "texture": "#root", "uv": [ 0.0, 0.0, 0.5, 0.5 ], "enabled": false },
				"up": { "texture": "#root", "uv": [ 0.0, 0.0, 0.5, 0.5 ], "enabled": false },
				"down": { "texture": "#root", "uv": [ 0.0, 0.0, 0.5, 0.5 ], "enabled": false }
			},
			"children": [
				{
					"name": "Root",
					"from": [ -2.0, 5.3, -1.0 ], 
					"to": [ 0.5, 10.3, 1.5 ], 
					"rotationOrigin": [ -1.0, 9.3, 0.0 ],
					"faces": {
						"north": { "texture": "#root", "uv": [ 11.0, 2.0, 16.0, 4.5 ], "rotation": 90 },
						"east": { "texture": "#root", "uv": [ 6.0, 1.0, 11.0, 3.5 ], "rotation": 90, "autoUv": false },
						"south": { "texture": "#root", "uv": [ 7.0, 0.5, 12.0, 3.0 ], "rotation": 90, "autoUv": false },
						"west": { "texture": "#root", "uv": [ 11.0, 3.0, 16.0, 5.5 ], "rotation": 90, "autoUv": false },
						"up": { "texture": "#root", "uv": [ 9.5, 3.0, 12.0, 5.5 ], "autoUv": false },
						"down": { "texture": "#root", "uv": [ 12.0, 4.0, 14.5, 6.5 ], "autoUv": false, "windMode": [-1,-1,-1,-1] }
					},
					"children": [
						{
							"name": "RootStalk",
							"from": [ 0.25, 5.0, 0.25 ], 
							"to": [ 2.25, 5.5, 2.25 ], 
							"rotationOrigin": [ 1.0, 4.6, 0.9 ],
							"faces": {
								"north": { "texture": "#root", "uv": [ 4.0, 1.0, 6.0, 1.5 ] },
								"east": { "texture": "#root", "uv": [ 3.5, 2.0, 5.5, 2.5 ] },
								"south": { "texture": "#root", "uv": [ 4.5, 1.5, 6.5, 2.0 ] },
								"west": { "texture": "#root", "uv": [ 4.0, 1.5, 6.0, 2.0 ] },
								"up": { "texture": "#root", "uv": [ 4.0, 0.0, 6.0, 2.0 ] },
								"down": { "texture": "#root", "uv": [ 0.0, 0.0, 2.0, 2.0 ], "enabled": false }
							}
						},
						{
							"name": "RootDown",
							"from": [ 0.5, -3.7, 0.5 ], 
							"to": [ 2.0, 0.3, 2.0 ], 
							"rotationOrigin": [ 0.75, 0.0, 1.45 ],
							"rotationZ": 17.0,
							"faces": {
								"north": { "texture": "#root", "uv": [ 14.0, 11.5, 15.5, 15.5 ] },
								"east": { "texture": "#root", "uv": [ 14.5, 11.5, 16.0, 15.5 ] },
								"south": { "texture": "#root", "uv": [ 14.0, 11.5, 15.5, 15.5 ] },
								"west": { "texture": "#root", "uv": [ 14.5, 11.5, 16.0, 15.5 ] },
								"up": { "texture": "#root", "uv": [ 0.0, 0.0, 1.5, 1.5 ], "enabled": false },
								"down": { "texture": "#root", "uv": [ 13.0, 14.5, 14.5, 16.0 ] }
							},
							"children": [
								{
									"name": "Roottip",
									"from": [ 0.3, -1.6, 0.3 ], 
									"to": [ 1.3, 0.4, 1.3 ], 
									"rotationOrigin": [ 0.6, 0.4, 0.8 ],
									"rotationZ": 11.0,
									"faces": {
										"north": { "texture": "#root", "uv": [ 13.5, 14.5, 15.5, 15.5 ], "rotation": 90 },
										"east": { "texture": "#root", "uv": [ 12.5, 15.0, 14.5, 16.0 ], "rotation": 90 },
										"south": { "texture": "#root", "uv": [ 13.0, 15.0, 15.0, 16.0 ], "rotation": 90 },
										"west": { "texture": "#root", "uv": [ 13.5, 15.0, 15.5, 16.0 ], "rotation": 90 },
										"up": { "texture": "#root", "uv": [ 0.0, 0.0, 1.0, 1.0 ], "enabled": false },
										"down": { "texture": "#root", "uv": [ 14.0, 15.0, 15.0, 16.0 ], "rotation": 90 }
									}
								},
								{
									"name": "Cube1",
									"from": [ 0.5, -2.0, -2.0 ], 
									"to": [ 0.5, 4.0, 4.0 ], 
									"rotationOrigin": [ 0.5, -2.0, 1.0 ],
									"rotationY": -45.0,
									"faces": {
										"north": { "texture": "#root", "uv": [ 0.0, 0.0, 0.5, 6.0 ], "enabled": false },
										"east": { "texture": "#root", "uv": [ 0.0, 10.0, 6.0, 16.0 ], "autoUv": false },
										"south": { "texture": "#root", "uv": [ 0.0, 0.0, 0.5, 6.0 ], "enabled": false },
										"west": { "texture": "#root", "uv": [ 0.0, 0.0, 6.0, 6.0 ], "enabled": false },
										"up": { "texture": "#root", "uv": [ 0.0, 0.0, 0.5, 6.0 ], "enabled": false },
										"down": { "texture": "#root", "uv": [ 0.0, 0.0, 0.5, 6.0 ], "enabled": false }
									}
								},
								{
									"name": "Cube7",
									"from": [ 0.5, -2.0, -2.0 ], 
									"to": [ 0.5, 4.0, 4.0 ], 
									"rotationOrigin": [ 0.5, -2.0, 1.0 ],
									"rotationY": 45.0,
									"faces": {
										"north": { "texture": "#root", "uv": [ 0.0, 0.0, 0.5, 6.0 ], "enabled": false },
										"east": { "texture": "#root", "uv": [ 0.0, 10.0, 6.0, 16.0 ], "autoUv": false },
										"south": { "texture": "#root", "uv": [ 0.0, 0.0, 0.5, 6.0 ], "enabled": false },
										"west": { "texture": "#root", "uv": [ 0.0, 0.0, 6.0, 6.0 ], "enabled": false },
										"up": { "texture": "#root", "uv": [ 0.0, 0.0, 0.5, 6.0 ], "enabled": false },
										"down": { "texture": "#root", "uv": [ 0.0, 0.0, 0.5, 6.0 ], "enabled": false }
									}
								}
							]
						}
					]
				}
			]
		}
	]}