{
	"editor": {
		"allAngles": true,
		"entityTextureMode": false
	},
	"textureWidth": 16,
	"textureHeight": 16,
	"textureSizes": {
	},
	"textures": {
		"root": "wildcraft:block/plant/leafygroundvegetable/root"
	},
	"elements": [
		{
			"name": "origin",
			"from": [ 8.0, 0.0, 8.0 ], 
			"to": [ 8.0, 0.0, 8.0 ], 
			"rotationOrigin": [ 8.0, 0.0, 8.0 ],
			"faces": {
				"north": { "texture": "#root", "uv": [ 0.0, 0.0, 0.5, 0.5 ], "enabled": false },
				"east": { "texture": "#root", "uv": [ 0.0, 0.0, 0.5, 0.5 ], "enabled": false },
				"south": { "texture": "#root", "uv": [ 0.0, 0.0, 0.5, 0.5 ], "enabled": false },
				"west": { "texture": "#root", "uv": [ 0.0, 0.0, 0.5, 0.5 ], "enabled": false },
				"up": { "texture": "#root", "uv": [ 0.0, 0.0, 0.5, 0.5 ], "enabled": false },
				"down": { "texture": "#root", "uv": [ 0.0, 0.0, 0.5, 0.5 ], "enabled": false }
			},
			"children": [
				{
					"name": "Root",
					"from": [ -2.0, 5.3, -1.6 ], 
					"to": [ 0.5, 10.3, 1.9 ], 
					"rotationOrigin": [ -1.0, 9.3, -1.0 ],
					"faces": {
						"north": { "texture": "#root", "uv": [ 10.5, 6.5, 15.5, 9.0 ], "rotation": 90 },
						"east": { "texture": "#root", "uv": [ 10.5, 6.0, 15.5, 9.5 ], "rotation": 90, "autoUv": false },
						"south": { "texture": "#root", "uv": [ 3.5, 4.0, 8.5, 6.5 ], "rotation": 90, "autoUv": false },
						"west": { "texture": "#root", "uv": [ 11.0, 6.5, 16.0, 10.0 ], "rotation": 90, "autoUv": false },
						"up": { "texture": "#root", "uv": [ 6.5, 2.5, 9.0, 6.0 ], "autoUv": false },
						"down": { "texture": "#root", "uv": [ 10.5, 2.5, 13.0, 6.0 ], "autoUv": false }
					},
					"children": [
						{
							"name": "RootStalk",
							"from": [ 0.2, 4.5, 0.5 ], 
							"to": [ 2.2, 5.5, 3.0 ], 
							"rotationOrigin": [ 1.0, 4.6, 1.0 ],
							"rotationZ": -11.0,
							"faces": {
								"north": { "texture": "#root", "uv": [ 8.5, 3.5, 10.5, 4.5 ] },
								"east": { "texture": "#root", "uv": [ 8.5, 5.0, 11.0, 6.0 ] },
								"south": { "texture": "#root", "uv": [ 7.5, 4.5, 9.5, 5.5 ] },
								"west": { "texture": "#root", "uv": [ 8.0, 2.0, 10.5, 3.0 ] },
								"up": { "texture": "#root", "uv": [ 9.5, 3.5, 11.5, 6.0 ] },
								"down": { "texture": "#root", "uv": [ 0.0, 0.0, 2.0, 2.5 ], "enabled": false }
							}
						},
						{
							"name": "Cube1",
							"from": [ 0.8, -2.8, 0.75 ], 
							"to": [ 2.8, 0.2, 2.75 ], 
							"rotationOrigin": [ 1.0, -3.0, 1.0 ],
							"rotationZ": 11.0,
							"faces": {
								"north": { "texture": "#root", "uv": [ 8.0, 1.0, 10.0, 4.0 ] },
								"east": { "texture": "#root", "uv": [ 8.5, 1.0, 10.5, 4.0 ] },
								"south": { "texture": "#root", "uv": [ 9.0, 1.0, 11.0, 4.0 ] },
								"west": { "texture": "#root", "uv": [ 9.5, 2.0, 11.5, 5.0 ] },
								"up": { "texture": "#root", "uv": [ 0.0, 0.0, 2.0, 2.0 ] },
								"down": { "texture": "#root", "uv": [ 9.5, 3.5, 11.5, 5.5 ] }
							},
							"children": [
								{
									"name": "Cube5",
									"from": [ 1.5, -3.0, 0.5 ], 
									"to": [ 2.5, 0.0, 1.5 ], 
									"rotationOrigin": [ 1.0, -3.0, 0.0 ],
									"rotationZ": 19.0,
									"faces": {
										"north": { "texture": "#root", "uv": [ 14.0, 12.5, 15.0, 15.5 ] },
										"east": { "texture": "#root", "uv": [ 13.5, 12.5, 14.5, 15.5 ] },
										"south": { "texture": "#root", "uv": [ 12.5, 11.5, 13.5, 14.5 ] },
										"west": { "texture": "#root", "uv": [ 13.5, 11.0, 14.5, 14.0 ] },
										"up": { "texture": "#root", "uv": [ 0.0, 0.0, 1.0, 1.0 ] },
										"down": { "texture": "#root", "uv": [ 4.5, 0.5, 5.5, 1.5 ] }
									}
								},
								{
									"name": "Cube11",
									"from": [ 2.4, -3.9, -1.0 ], 
									"to": [ 2.4, 0.1, 3.0 ], 
									"rotationOrigin": [ 2.0, -4.0, -1.0 ],
									"rotationZ": 19.0,
									"faces": {
										"north": { "texture": "#root", "uv": [ 9.5, 2.0, 10.0, 6.0 ], "enabled": false },
										"east": { "texture": "#root", "uv": [ 0.5, 11.0, 5.5, 16.0 ], "autoUv": false },
										"south": { "texture": "#root", "uv": [ 10.5, 2.5, 11.0, 6.5 ], "enabled": false },
										"west": { "texture": "#root", "uv": [ 9.0, 2.5, 13.0, 6.5 ], "enabled": false },
										"up": { "texture": "#root", "uv": [ 0.0, 0.0, 0.5, 4.0 ], "enabled": false },
										"down": { "texture": "#root", "uv": [ 4.5, 0.5, 5.0, 4.5 ], "enabled": false }
									}
								},
								{
									"name": "Cube12",
									"from": [ 0.6, -4.6, 1.0 ], 
									"to": [ 4.6, -0.6, 1.0 ], 
									"rotationOrigin": [ 0.0, -5.0, 0.0 ],
									"rotationZ": 19.0,
									"faces": {
										"north": { "texture": "#root", "uv": [ 7.0, 11.0, 12.0, 16.0 ], "autoUv": false },
										"east": { "texture": "#root", "uv": [ 10.5, 3.0, 11.0, 7.0 ], "enabled": false, "autoUv": false },
										"south": { "texture": "#root", "uv": [ 7.0, 12.0, 11.0, 16.0 ], "enabled": false },
										"west": { "texture": "#root", "uv": [ 9.0, 2.5, 9.5, 6.5 ], "enabled": false },
										"up": { "texture": "#root", "uv": [ 0.0, 0.0, 4.0, 0.5 ], "enabled": false },
										"down": { "texture": "#root", "uv": [ 4.5, 0.5, 8.5, 1.0 ], "enabled": false }
									}
								}
							]
						},
						{
							"name": "Cube6",
							"from": [ 3.3, -1.0, -0.3 ], 
							"to": [ 4.3, 2.0, 0.7 ], 
							"rotationOrigin": [ 2.0, -1.0, 0.0 ],
							"rotationX": 6.0,
							"rotationY": 39.0,
							"rotationZ": 36.0,
							"faces": {
								"north": { "texture": "#root", "uv": [ 15.0, 12.5, 16.0, 15.5 ] },
								"east": { "texture": "#root", "uv": [ 14.0, 11.5, 15.0, 14.5 ] },
								"south": { "texture": "#root", "uv": [ 15.0, 10.5, 16.0, 13.5 ] },
								"west": { "texture": "#root", "uv": [ 14.0, 11.0, 15.0, 14.0 ] },
								"up": { "texture": "#root", "uv": [ 0.0, 0.0, 1.0, 1.0 ] },
								"down": { "texture": "#root", "uv": [ 5.0, 0.5, 6.0, 1.5 ] }
							},
							"children": [
								{
									"name": "Cube7",
									"from": [ 0.25, -2.0, 0.25 ], 
									"to": [ 0.75, 0.0, 0.75 ], 
									"rotationOrigin": [ 0.0, 0.0, 0.0 ],
									"rotationZ": 19.0,
									"faces": {
										"north": { "texture": "#root", "uv": [ 14.5, 12.0, 15.0, 14.0 ] },
										"east": { "texture": "#root", "uv": [ 14.5, 12.5, 15.0, 14.5 ] },
										"south": { "texture": "#root", "uv": [ 13.0, 12.5, 13.5, 14.5 ] },
										"west": { "texture": "#root", "uv": [ 13.5, 13.0, 14.0, 15.0 ] },
										"up": { "texture": "#root", "uv": [ 0.0, 0.0, 0.5, 0.5 ] },
										"down": { "texture": "#root", "uv": [ 11.0, 4.0, 11.5, 4.5 ] }
									}
								},
								{
									"name": "Cube13",
									"from": [ 1.25, -4.0, -1.2 ], 
									"to": [ 1.25, 0.0, 2.3 ], 
									"rotationOrigin": [ 1.0, -2.0, -1.0 ],
									"rotationZ": 19.0,
									"faces": {
										"north": { "texture": "#root", "uv": [ 14.5, 12.0, 15.0, 16.0 ], "enabled": false },
										"east": { "texture": "#root", "uv": [ 0.5, 11.0, 5.0, 16.0 ], "autoUv": false },
										"south": { "texture": "#root", "uv": [ 13.0, 12.5, 13.5, 16.5 ], "enabled": false },
										"west": { "texture": "#root", "uv": [ 13.5, 13.0, 17.0, 17.0 ], "enabled": false },
										"up": { "texture": "#root", "uv": [ 0.0, 0.0, 0.5, 3.5 ], "enabled": false },
										"down": { "texture": "#root", "uv": [ 11.0, 4.0, 11.5, 7.5 ], "enabled": false }
									}
								},
								{
									"name": "Cube14",
									"from": [ -0.75, -4.0, 0.5 ], 
									"to": [ 2.99, 0.0, 0.5 ], 
									"rotationOrigin": [ -1.0, -2.0, 1.0 ],
									"rotationZ": 19.0,
									"faces": {
										"north": { "texture": "#root", "uv": [ 14.5, 12.0, 18.0, 16.0 ], "enabled": false },
										"east": { "texture": "#root", "uv": [ 0.5, 11.0, 5.0, 16.0 ], "enabled": false, "autoUv": false },
										"south": { "texture": "#root", "uv": [ 0.5, 11.0, 5.0, 16.0 ], "autoUv": false, "windMode": [-1,-1,-1,-1] },
										"west": { "texture": "#root", "uv": [ 13.5, 13.0, 14.0, 17.0 ], "enabled": false },
										"up": { "texture": "#root", "uv": [ 0.0, 0.0, 3.5, 0.5 ], "enabled": false },
										"down": { "texture": "#root", "uv": [ 11.0, 4.0, 14.5, 4.5 ], "enabled": false }
									}
								}
							]
						},
						{
							"name": "Cube8",
							"from": [ 2.0, 2.0, 3.0 ], 
							"to": [ 2.5, 4.0, 3.5 ], 
							"rotationOrigin": [ 3.0, 4.4, 2.0 ],
							"rotationX": -28.0,
							"rotationY": -39.0,
							"rotationZ": 28.0,
							"faces": {
								"north": { "texture": "#root", "uv": [ 14.5, 14.0, 15.0, 16.0 ] },
								"east": { "texture": "#root", "uv": [ 13.0, 13.0, 13.5, 15.0 ] },
								"south": { "texture": "#root", "uv": [ 13.5, 13.5, 14.0, 15.5 ] },
								"west": { "texture": "#root", "uv": [ 13.5, 12.5, 14.0, 14.5 ] },
								"up": { "texture": "#root", "uv": [ 0.0, 0.0, 0.5, 0.5 ] },
								"down": { "texture": "#root", "uv": [ 14.0, 15.0, 14.5, 15.5 ] }
							},
							"children": [
								{
									"name": "Cube9",
									"from": [ 0.25, -2.0, -1.25 ], 
									"to": [ 0.25, 2.0, 1.75 ], 
									"rotationOrigin": [ 0.0, -2.0, -1.0 ],
									"faces": {
										"north": { "texture": "#root", "uv": [ 0.0, 0.0, 0.5, 4.0 ], "enabled": false, "windMode": [-1,-1,-1,-1] },
										"east": { "texture": "#root", "uv": [ 7.0, 11.0, 11.0, 16.0 ], "autoUv": false },
										"south": { "texture": "#root", "uv": [ 0.0, 0.0, 0.5, 4.0 ], "enabled": false },
										"west": { "texture": "#root", "uv": [ 2.0, 10.5, 5.0, 14.5 ], "enabled": false },
										"up": { "texture": "#root", "uv": [ 0.0, 0.0, 0.5, 3.0 ], "enabled": false },
										"down": { "texture": "#root", "uv": [ 0.0, 0.0, 0.5, 3.0 ], "enabled": false, "windMode": [-1,-1,-1,-1] }
									}
								},
								{
									"name": "Cube10",
									"from": [ -1.25, -2.0, 0.25 ], 
									"to": [ 1.75, 2.0, 0.25 ], 
									"rotationOrigin": [ -2.0, -2.0, 1.0 ],
									"faces": {
										"north": { "texture": "#root", "uv": [ 0.5, 11.0, 4.5, 16.0 ], "autoUv": false, "windMode": [-1,-1,-1,-1] },
										"east": { "texture": "#root", "uv": [ 7.5, 12.0, 8.0, 16.0 ], "enabled": false },
										"south": { "texture": "#root", "uv": [ 0.0, 0.0, 3.0, 4.0 ], "enabled": false },
										"west": { "texture": "#root", "uv": [ 7.0, 12.0, 10.5, 16.0 ], "enabled": false, "autoUv": false, "windMode": [-1,-1,-1,-1] },
										"up": { "texture": "#root", "uv": [ 0.0, 0.0, 3.0, 0.5 ], "enabled": false },
										"down": { "texture": "#root", "uv": [ 0.0, 0.0, 3.0, 0.5 ], "enabled": false }
									}
								}
							]
						}
					]
				}
			]
		}
	]}