{
	"editor": {
		"allAngles": false,
		"entityTextureMode": false
	},
	"textureWidth": 16,
	"textureHeight": 16,
	"textureSizes": {
	},
	"textures": {
		"waterchestnut_bulb_peeled": "wildcraft:block/food/roots/waterchestnut_bulb_peeled"
	},
	"elements": [
		{
			"name": "onion 2",
			"from": [ 6.75, 3.5, 6.75 ], 
			"to": [ 9.25, 5.0, 9.25 ], 
			"rotationOrigin": [ 7.8, 3.0, 8.0 ],
			"faces": {
				"north": { "texture": "#waterchestnut_bulb_peeled", "uv": [ 1.3667, 5.3333, 4.6667, 7.3333 ], "autoUv": false },
				"east": { "texture": "#waterchestnut_bulb_peeled", "uv": [ 2.7, 6.0, 6.0, 8.0 ], "autoUv": false },
				"south": { "texture": "#waterchestnut_bulb_peeled", "uv": [ 0.0333, 5.3333, 3.3333, 7.3333 ], "autoUv": false },
				"west": { "texture": "#waterchestnut_bulb_peeled", "uv": [ 4.7, 6.0, 8.0, 8.0 ], "autoUv": false },
				"up": { "texture": "#waterchestnut_bulb_peeled", "uv": [ 3.3333, 2.0, 6.6666, 5.3333 ], "autoUv": false },
				"down": { "texture": "#waterchestnut_bulb_peeled", "uv": [ 12.0, 4.0, 15.33, 7.33 ], "autoUv": false }
			},
			"children": [
				{
					"name": "onion 2 top",
					"from": [ 0.5, 1.5, 0.5 ], 
					"to": [ 2.0, 2.0, 2.0 ], 
					"faces": {
						"north": { "texture": "#waterchestnut_bulb_peeled", "uv": [ 4.0, 2.0, 6.0, 2.0 ], "autoUv": false },
						"east": { "texture": "#waterchestnut_bulb_peeled", "uv": [ 3.3267, 2.0, 5.3333, 2.0 ], "autoUv": false },
						"south": { "texture": "#waterchestnut_bulb_peeled", "uv": [ 2.66, 2.0, 4.6667, 2.0 ], "autoUv": false },
						"west": { "texture": "#waterchestnut_bulb_peeled", "uv": [ 4.0, 4.0, 6.0, 3.3333 ], "autoUv": false },
						"up": { "texture": "#waterchestnut_bulb_peeled", "uv": [ 0.6667, 0.6667, 2.6667, 2.6667 ], "autoUv": false },
						"down": { "texture": "#waterchestnut_bulb_peeled", "uv": [ 9.3333, 7.3333, 10.6667, 8.6667 ], "enabled": false }
					}
				},
				{
					"name": "Cube1",
					"from": [ 1.0, 1.8, 1.0 ], 
					"to": [ 1.5, 2.3, 1.5 ], 
					"rotationOrigin": [ 1.0, 2.0, 1.0 ],
					"faces": {
						"north": { "texture": "#waterchestnut_bulb_peeled", "uv": [ 0.0, 0.0, 0.6667, 0.6667 ] },
						"east": { "texture": "#waterchestnut_bulb_peeled", "uv": [ 1.3333, 0.6667, 2.0, 1.3333 ] },
						"south": { "texture": "#waterchestnut_bulb_peeled", "uv": [ 4.6667, 2.6667, 5.3333, 3.3333 ] },
						"west": { "texture": "#waterchestnut_bulb_peeled", "uv": [ 0.0, 0.0, 0.6667, 0.6667 ] },
						"up": { "texture": "#waterchestnut_bulb_peeled", "uv": [ 6.6667, 0.6667, 7.3333, 1.3333 ] },
						"down": { "texture": "#waterchestnut_bulb_peeled", "uv": [ 0.0, 0.0, 0.6667, 0.6667 ] }
					}
				}
			]
		}
	]}