[
	{
		"ingredientPattern": "__S,_S_,S_S",
		"ingredients": {
			"S": {
				"type": "item",
				"code": "game:shingle-burned-*",
				"name": "material",
				"quantity": 1
			}
		},
		"width": 3,
		"height": 3,
		"output": {
			"type": "block",
			"code": "oneroof-{material}clay-standard-none-free",
			"quantity": 4
		}
	},
	{
		"ingredientPattern": "__H,_H_,H__",
		"ingredients": {
			"H": {
				"type": "item",
				"code": "game:thatch",
				"name": "type",
				"quantity": 2
			}
		},
		"width": 3,
		"height": 3,
		"output": {
			"type": "block",
			"code": "oneroof-thatch-standard-none-free",
			"quantity": 1
		}
	},
	{
		"ingredientPattern": "__H,_H_,H__",
		"ingredients": {
			"H": {
				"type": "block",
				"code": "game:hay-*-ud",
				"name": "type"
			}
		},
		"width": 3,
		"height": 3,
		"output": {
			"type": "block",
			"code": "oneroof-thatch-standard-none-free",
			"quantity": 4
		}
	},
	{
		"ingredientPattern": "R",
		"ingredients": {
			"R": {
				"type": "block",
				"code": "oneroof-*clay-standard-none-free",
				"name": "material",
				"quantity": 1
			}
		},
		"width": 1,
		"height": 1,
		"output": {
			"type": "block",
			"code": "oneroof-{material}clay-dynamic-none-free",
			"quantity": 1
		}
	},
	{
		"ingredientPattern": "R",
		"ingredients": {
			"R": {
				"type": "block",
				"code": "oneroof-*clay-dynamic-none-free",
				"name": "material",
				"quantity": 1
			}
		},
		"width": 1,
		"height": 1,
		"output": {
			"type": "block",
			"code": "oneroof-{material}clay-standard-none-free",
			"quantity": 1
		}
	},
	{
		"ingredientPattern": "__H,_H_,H_H",
		"ingredients": {
			"H": {
				"type": "item",
				"code": "game:bamboostakes",
				"name": "material",
				"quantity": 1
			}
		},
		"width": 3,
		"height": 3,
		"output": {
			"type": "block",
			"code": "oneroof-bamboo-standard-none-free",
			"quantity": 3
		}
	},
	{
		"ingredientPattern": "R",
		"ingredients": {
			"R": {
				"type": "block",
				"code": "oneroof-bamboo-standard-none-free",
				"name": "material",
				"quantity": 1
			}
		},
		"width": 1,
		"height": 1,
		"output": {
			"type": "block",
			"code": "oneroof-bamboo-dynamic-none-free",
			"quantity": 1
		}
	},
	{
		"ingredientPattern": "R",
		"ingredients": {
			"R": {
				"type": "block",
				"code": "oneroof-bamboo-dynamic-none-free",
				"name": "material",
				"quantity": 1
			}
		},
		"width": 1,
		"height": 1,
		"output": {
			"type": "block",
			"code": "oneroof-bamboo-standard-none-free",
			"quantity": 1
		}
	},
	{
		"ingredientPattern": "__H,_H_,H_H",
		"ingredients": {
			"H": {
				"type": "item",
				"code": "game:metalplate-copper",
				"name": "material",
				"quantity": 1
			}
		},
		"width": 3,
		"height": 3,
		"output": {
			"type": "block",
			"code": "oneroof-copper-standard-none-free",
			"quantity": 3
		}
	},
	{
		"ingredientPattern": "R",
		"ingredients": {
			"R": {
				"type": "block",
				"code": "oneroof-copper-standard-none-free",
				"name": "material",
				"quantity": 1
			}
		},
		"width": 1,
		"height": 1,
		"output": {
			"type": "block",
			"code": "oneroof-copper-dynamic-none-free",
			"quantity": 1
		}
	},
	{
		"ingredientPattern": "R",
		"ingredients": {
			"R": {
				"type": "block",
				"code": "oneroof-copper-dynamic-none-free",
				"name": "material",
				"quantity": 1
			}
		},
		"width": 1,
		"height": 1,
		"output": {
			"type": "block",
			"code": "oneroof-copper-standard-none-free",
			"quantity": 1
		}
	},
	{
		"ingredientPattern": "__H,CH_,H_H",
		"ingredients": {
			"C": { "type": "item", "code": "game:clay-*", "quantity": 1 },
			"H": { "type": "item", "code": "game:stone-slate", "quantity": 3 }
		},
		"width": 3,
		"height": 3,
		"output": { "type": "block", "code": "oneroof-slate-standard-none-free", "quantity": 3  }
	},
	{
		"ingredientPattern": "R",
		"ingredients": {
			"R": {
				"type": "block",
				"code": "oneroof-slate-standard-none-free",
				"name": "material",
				"quantity": 1
			}
		},
		"width": 1,
		"height": 1,
		"output": {
			"type": "block",
			"code": "oneroof-slate-dynamic-none-free",
			"quantity": 1
		}
	},
	{
		"ingredientPattern": "R",
		"ingredients": {
			"R": {
				"type": "block",
				"code": "oneroof-slate-dynamic-none-free",
				"name": "material",
				"quantity": 1
			}
		},
		"width": 1,
		"height": 1,
		"output": {
			"type": "block",
			"code": "oneroof-slate-standard-none-free",
			"quantity": 1
		}
	},

	{
		"ingredientPattern": "HH,HP,PS",
		"ingredients": {
			"H": { "type": "item", "code": "game:drygrass", "name": "type" },
			"P": { "type": "item", "code": "game:plank-*", "name": "wood", "quantity": 2 },
			"S": { "type": "block", "code": "game:soil-medium-none" }
		},
		"width": 2,
		"height": 3,
		"output": { "type": "block", "code": "oneroof-sod-standard-none-free", "quantity": 4  }
	},
	{
		"ingredientPattern": "R",
		"ingredients": {
			"R": {
				"type": "block",
				"code": "oneroof-sod-standard-none-free",
				"name": "material",
				"quantity": 1
			}
		},
		"width": 1,
		"height": 1,
		"output": {
			"type": "block",
			"code": "oneroof-sod-dynamic-none-free",
			"quantity": 1
		}
	},
	{
		"ingredientPattern": "R",
		"ingredients": {
			"R": {
				"type": "block",
				"code": "oneroof-sod-dynamic-none-free",
				"name": "material",
				"quantity": 1
			}
		},
		"width": 1,
		"height": 1,
		"output": {
			"type": "block",
			"code": "oneroof-sod-standard-none-free",
			"quantity": 1
		}
	},
	{
		"ingredientPattern": "R",
		"ingredients": {
			"R": {
				"type": "block",
				"code": "oneroof-thatch-standard-none-free",
				"name": "material",
				"quantity": 1
			}
		},
		"width": 1,
		"height": 1,
		"output": {
			"type": "block",
			"code": "oneroof-thatch-dynamic-none-free",
			"quantity": 1
		}
	},
	{
		"ingredientPattern": "R",
		"ingredients": {
			"R": {
				"type": "block",
				"code": "oneroof-thatch-dynamic-none-free",
				"name": "material",
				"quantity": 1
			}
		},
		"width": 1,
		"height": 1,
		"output": {
			"type": "block",
			"code": "oneroof-thatch-standard-none-free",
			"quantity": 1
		}
	}
]