﻿[
	{
		"op": "add",
		"path": "/attributes/mortarProperties",
		"value": {
			shapePath: "ancienttools:shapes/block/mortar/resourceshapes/resource_bricklayers_cookedbones",
			texturePaths: [{ code: "cookedbone", path: "bricklayers:item/resource/crushed/incontainer/cookedbones" }],
			groundStack: { type: "item", code: "bricklayers:powdered-boneash" },
			resultQuantity: 1
		},
		"file": "bricklayers:itemtypes/resource/cookedbones",
		"dependsOn": [{ "modid": "bricklayers" }],
		"side": "Server",
	}
]