﻿[
	{
		enabled: false,
		ingredientPattern: "WF",
		ingredients: {
			"W": { 
				type: "block", 
				code: "game:woodbucket"
			},
			"F": { 
				type: "item", 
				code: "game:flour-*", 
				allowedVariants: ["pine", "birch", "maple"],
				name: "type",
				quantity: 4
			}
		},
		width: 2,
		height: 1,
		attributes: {
			liquidContainerProps: {
				requiresContent: { type: "item", code: "game:waterportion" },
				requiresLitres: 1
			}
		},
		name: "dough",
		shapeless: true,
		output: { type: "item", code: "game:dough-{type}"  }
	},
	{
		enabled: false,
		ingredientPattern: "WF",
		ingredients: {
			"W": { 
				type: "block", 
				code: "game:bowl-fired"
			},
			"F": { 
				type: "item", 
				code: "game:flour-*", 
				allowedVariants: ["pine", "birch", "maple"],
				name: "type",
				quantity: 4
			}
		},
		width: 2,
		height: 1,
		attributes: {
			liquidContainerProps: {
				requiresContent: { type: "item", code: "game:waterportion" },
				requiresLitres: 1
			}
		},
		name: "dough",
		shapeless: true,
		output: { type: "item", code: "game:dough-{type}"  }
	},
	{
		enabled: false,
		ingredientPattern: "WF",
		ingredients: {
			"W": { 
				type: "block", 
				code: "game:jug-*-fired"

			},
			"F": { 
				type: "item", 
				code: "game:flour-*", 
				allowedVariants: ["pine", "birch", "maple"],
				name: "type",
				quantity: 4
			}
		},
		width: 2,
		height: 1,
		attributes: {
			liquidContainerProps: {
				requiresContent: { type: "item", code: "game:waterportion" },
				requiresLitres: 1
			}
		},
		name: "dough",
		shapeless: true,
		output: { type: "item", code: "game:dough-{type}"  }
	}
]