{
	"editor": {
		"allAngles": false,
		"entityTextureMode": false
	},
	"textureWidth": 16,
	"textureHeight": 16,
	"textureSizes": {
	},
	"textures": {
	},
	"elements": [
		{
			"name": "Leaves",
			"from": [ 8.0, 0.0, -4.0 ], 
			"to": [ 8.0, 24.0, 20.0 ], 
			"shade": false,
			"renderPass": 2,
			"rotationOrigin": [ 8.0, 0.0, 8.0 ],
			"rotationY": 45.0,
			"faces": {
				"north": { "texture": "#stems", "uv": [ 0.0, 0.0, 0.5, 24.0 ], "enabled": false },
				"east": { "texture": "#stems", "uv": [ 0.0, 0.0, 16.0, 16.0 ], "autoUv": false, "windMode": [0,2,2,0], "windData": [0,1,1,0] },
				"south": { "texture": "#stems", "uv": [ 0.0, 0.0, 0.5, 24.0 ], "enabled": false },
				"west": { "texture": "#stems", "uv": [ 0.0, 0.0, 24.0, 24.0 ], "enabled": false },
				"up": { "texture": "#stems", "uv": [ 0.0, 0.0, 0.5, 24.0 ], "enabled": false },
				"down": { "texture": "#stems", "uv": [ 0.0, 0.0, 0.5, 24.0 ], "enabled": false }
			},
			"children": [
				{
					"name": "Leaves2",
					"from": [ 0.0, 0.0, 0.0 ], 
					"to": [ 0.0, 24.0, 24.0 ], 
					"shade": false,
					"renderPass": 2,
					"rotationOrigin": [ 0.0, 0.0, 12.0 ],
					"rotationY": 90.0,
					"faces": {
						"north": { "texture": "#stems", "uv": [ 0.0, 0.0, 0.5, 24.0 ], "enabled": false },
						"east": { "texture": "#stems", "uv": [ 0.0, 0.0, 16.0, 16.0 ], "autoUv": false, "windMode": [0,2,2,0], "windData": [0,1,1,0] },
						"south": { "texture": "#stems", "uv": [ 0.0, 0.0, 0.5, 24.0 ], "enabled": false },
						"west": { "texture": "#stems", "uv": [ 0.0, 0.0, 24.0, 24.0 ], "enabled": false },
						"up": { "texture": "#stems", "uv": [ 0.0, 0.0, 0.5, 24.0 ], "enabled": false },
						"down": { "texture": "#stems", "uv": [ 0.0, 0.0, 0.5, 24.0 ], "enabled": false }
					}
				}
			]
		},
		{
			"name": "Cube1",
			"from": [ 0.0, 2.5, 0.0 ], 
			"to": [ 16.0, 2.5, 16.0 ], 
			"shade": false,
			"renderPass": 2,
			"rotationOrigin": [ 0.0, 2.0, 0.0 ],
			"faces": {
				"north": { "texture": "#null", "uv": [ 0.0, 0.0, 16.0, 0.5 ], "enabled": false },
				"east": { "texture": "#null", "uv": [ 0.0, 0.0, 16.0, 0.5 ], "enabled": false },
				"south": { "texture": "#null", "uv": [ 0.0, 0.0, 16.0, 0.5 ], "enabled": false },
				"west": { "texture": "#null", "uv": [ 0.0, 0.0, 16.0, 0.5 ], "enabled": false },
				"up": { "texture": "#leaves", "uv": [ 0.0, 0.0, 16.0, 16.0 ], "rotation": 90, "windMode": [7,7,7,7] },
				"down": { "texture": "#null", "uv": [ 0.0, 0.0, 16.0, 16.0 ], "enabled": false }
			}
		}
	]}