﻿{
  "editor": {
    "allAngles": false,
    "entityTextureMode": false
  },
  "textureWidth": 16,
  "textureHeight": 16,
  "textures": {
    "mat": "game:block/wood/bed/normal/blanket/blueplaid-feet",
    "frill": "game:block/wood/bed/normal/blanket/blueplaid-feet-sides"
  },
  "elements": [
    {
      "from": [ 2.0, 0.0, 3.0 ],
      "to": [ 14.0, 2.0, 11.0 ],
      "rotationOrigin": [ 2.0, 0.0, 3.0 ],
      "faces": {
        "north": { "texture": "#mat", "uv": [ 2.0, 0.0, 14.0, 2.0 ] },
        "east": { "texture": "#mat", "uv": [ 14.0, 0.5, 16.0, 8.5 ], "rotation": 90 },
        "south": { "texture": "#mat", "uv": [ 2.0, 0.0, 14.0, 2.0 ] },
        "west": { "texture": "#mat", "uv": [ 0.0, 0.5, 2.0, 8.5 ], "rotation": 270 },
        "up": { "texture": "#mat", "uv": [ 2.0, 0.5, 14.0, 8.5 ] },
        "down": { "texture": "#mat", "uv": [ 2.0, 0.5, 14.0, 8.5 ] }
      }
    },
    {
      "from": [ 1.8, 0.5, 2.6 ],
      "to": [ 14.2, 1.5, 10.6 ],
      "rotationOrigin": [ 1.8, 0.5, 2.6 ],
      "faces": {
        "north": { "texture": "#mat", "uv": [ 2.0, 0.0, 14.0, 1.0 ] },
        "east": { "texture": "#mat", "uv": [ 14.5, 0.0, 15.5, 8.0 ], "rotation": 90 },
        "south": { "texture": "#mat", "uv": [ 0.0, 0.0, 12.0, 1.0 ] },
        "west": { "texture": "#mat", "uv": [ 0.5, 0.0, 1.5, 8.0 ], "rotation": 270 },
        "up": { "texture": "#mat", "uv": [ 2.0, 0.0, 14.0, 8.0 ] },
        "down": { "texture": "#mat", "uv": [ 2.0, 0.0, 14.0, 8.0 ] }
      }
    },
    {
      "from": [ 1.99, 1.67, 10.6 ],
      "to": [ 14.01, 2.17, 12.1 ],
      "rotationOrigin": [ 1.9, 1.6, 10.6 ],
      "rotationX": 44.7,
      "faces": {
        "east": { "texture": "#mat", "uv": [ 14.0, 8.5, 14.5, 10.0 ], "rotation": 90 },
        "south": { "texture": "#mat", "uv": [ 2.0, 0.0, 14.0, 0.5 ] },
        "west": { "texture": "#mat", "uv": [ 1.5, 8.5, 2.0, 10.0 ], "rotation": 270 },
        "up": { "texture": "#mat", "uv": [ 2.0, 8.5, 14.0, 10.0 ] },
        "down": { "texture": "#mat", "uv": [ 2.0, 0.0, 14.0, 1.5 ] }
      }
    },
    {
      "from": [ 2.0, 0.56, 11.75 ],
      "to": [ 14.0, 1.06, 13.25 ],
      "rotationOrigin": [ 2.0, 0.5, 11.7 ],
      "rotationX": 23.0,
      "faces": {
        "north": { "texture": "#mat", "uv": [ 0.5, 0.0, 12.5, 0.5 ] },
        "east": { "texture": "#mat", "uv": [ 2.5, 0.0, 4.0, 0.5 ] },
        "south": { "texture": "#mat", "uv": [ 2.0, 0.0, 14.0, 0.5 ] },
        "west": { "texture": "#mat", "uv": [ 12.0, 0.0, 13.5, 0.5 ] },
        "up": { "texture": "#mat", "uv": [ 2.0, 10.0, 14.0, 11.5 ] },
        "down": { "texture": "#mat", "uv": [ 2.0, 0.0, 14.0, 1.5 ] }
      }
    },
    {
      "from": [ 2.0, 0.4, 13.3 ],
      "to": [ 14.0, 0.4, 15.3 ],
      "rotationOrigin": [ 2.0, 0.4, 13.3 ],
      "rotationX": 11.0,
      "faces": {
        "up": { "texture": "#frill", "uv": [ 10.5, 0.0, 12.5, 12.0 ], "rotation": 90 }
      }
    }
  ]
}
