[
  {
    "ingredientPattern": "RSR,SCS,RSR",
    "ingredients": {
      "C": { "type": "item", "code": "game:cloth-plain", "quantity": 1 },
      "R": { "type": "item", "code": "game:rope", "quantity": 1 },
      "S": { "type": "item", "code": "game:stick", "quantity": 1 }
    },
    "width": 3,
    "height": 3,
    "output": { "type": "item", "code": "tentbag:tentbag-empty" }
  },
  {
    "ingredientPattern": "SRS,RCR,SRS",
    "ingredients": {
      "C": { "type": "item", "code": "game:cloth-plain", "quantity": 1 },
      "R": { "type": "item", "code": "game:rope", "quantity": 1 },
      "S": { "type": "item", "code": "game:stick", "quantity": 1 }
    },
    "width": 3,
    "height": 3,
    "output": { "type": "item", "code": "tentbag:tentbag-empty" }
  }
]
