{
  "code": "tonghalf",
  "creativeinventory": {
    "general": [ "*" ]

  },
  "variantgroups": [
    {
      "code": "metal",
      "states": [
        "copper",
        "tinbronze",
        "bismuthbronze",
        "blackbronze",
        "iron",
        "steel"
      ]
    }
  ],
  "maxstacksize": 8,
  "textures": {
    "metal": {
      "base": "game:block/metal/ingot/{metal}"
    }
  },
  "behaviors": [
    {
      "name": "GroundStorable",
      "properties": {
        "layout": "WallHalves",
        "wallOffY": 1,
        "ctrlKey": true
      }
    }
  ],
  "attributes": {
    "groundStorageTransform": {
      "translation": {
        "x": 0.1,
        "y": 0,
        "z": 0.3
      },
      "rotation": {
        "x": -14,
        "y": 68,
        "z": -66
      }
    }
  },
  "guiTransform": {
    "translation": {
      "x": -1,
      "y": 6,
      "z": 0
    },
    "rotation": {
      "x": 88,
      "y": 24,
      "z": 0
    },
    "origin": {
      "x": 0.6,
      "y": -17.4,
      "z": 0
    },
    "scale": 1.72
  },
  "groundTransform": {
    "translation": {
      "x": 0,
      "y": 0.16,
      "z": 0
    },
    "rotation": {
      "x": 0,
      "y": 0,
      "z": 0
    },
    "origin": {
      "x": 0.5,
      "y": 0.5,
      "z": 0.5299
    },
    "scale": 4.63
  },
  "shape": { "base": "item/halftong" }
}
