{
  "name": "Poultice linen herb_main herb_second",
  "ingredientPattern": "H,L,T",
  "ingredients": {
    "L": { "type": "block", "code": "game:linen-*" },
    "H": {
      "type": "item",
      "code": "wildcraftherb:herb-*",
      "quantity": 4,
      "name": "herb_main",
      "allowedVariants": ["inula", "stjohnswort", "celandine", "poisonoak", "jewelweed"]
    },
    "T": {
      "type": "item",
      "code": "wildcraftherb:herb-*",
      "quantity": 2,
      "name": "herb_second",
      "allowedVariants": ["thyme", "lavender", "marshmallow", "holly", "marigold", "yarrow", "sage"]
    }
  },
  "width": 1,
  "height": 3,
  "output": { "type": "item", "code": "wildcraftherb:advancedpoultice-linen-{herb_main}-{herb_second}", "quantity": 4 }
}
