{
	"code": "root",
	"maxstacksize": 64,
	"attributes": {
		"inContainerTexture": {
			"base": "wildcraftherb:block/food/pie/fill-{type}"
		  },
		"inPiePropertiesByType": {
			"*-waterchestnut": {
			"texture": "wildcraftherb:block/food/pie/fill-{type}",
			"partType": "Filling"
		  },
		  "@*-(bearleek|marshmallow|burdock|chicory|liquorice|celery)": {
			"texture": "wildcraftherb:block/food/pie/fill-root",
			"partType": "Filling"
		  }
		},
		"plantableInWaterBytype": {
			"*-waterchestnut": true,
			"*-peeledwaterchestnut": true,
			"*-arrowhead": true,
			"*": false
		}
	},
	"variantgroups": [
		{ "code": "type", "states": ["bearleek", "marshmallow", "burdock", "chicory", "liquorice", "waterchestnut", "peeledwaterchestnut", "celery", "ginger", "burnet", "arrowhead", "ginseng"] }
	],
	"shapebytype": {
        "*-bearleek": { "base": "wildcraftherb:block/food/bearleek" },
		"*-waterchestnut": { "base": "wildcraftherb:block/food/waterchestnut" },
		"*-peeledwaterchestnut": { "base": "wildcraftherb:block/food/peeledwaterchestnut" },
		"*-liquorice": { "base": "wildcraftherb:block/food/liquorice" },
		"*-marshmallow": { "base": "wildcraftherb:block/food/marshmallow_root" },
		"*-burdock": { "base": "wildcraftherb:block/food/burdock_root" },
		"*-chicory": { "base": "wildcraftherb:block/food/chicory_root" },
		"*-burnet": { "base": "wildcraftherb:block/food/burnet_root" },
		"*-celery": { "base": "wildcraftherb:block/food/celery" },
		"*-ginger": { "base": "wildcraftherb:block/food/ginger_root" },
		"*-ginseng": { "base": "wildcraftherb:block/food/ginsengroot" },
		"*-arrowhead": { "base": "wildcraftherb:block/food/arrowheadbulb" },
		"*": { "base": "game:item/food/vegetable/cattailsroot-cooked" }
	},
	"storageFlags": 33,
	"texturesbytype": {
        "*-bearleek": { 
            "bearleek_bulb": { "base": "wildcraftherb:block/food/roots/bearleek_bulb" }
        },
		"*-liquorice": { 
            "liquorice_root": { "base": "wildcraftherb:block/food/roots/liquorice_root" }
        },
		"*-waterchestnut": { 
            "waterchestnut_bulb": { "base": "wildcraftherb:block/food/roots/waterchestnut_bulb" }
        },
		"*-peeledwaterchestnut": { 
            "waterchestnut_bulb_peeled": { "base": "wildcraftherb:block/food/roots/waterchestnut_bulb_peeled" }
        },
		"*-celery": { 
            "celery_root": { "base": "wildcraftherb:block/food/roots/celery_root" }
        },
		"*-burnet": { 
            "burnet_root": { "base": "wildcraftherb:block/food/roots/burnet_root" }
        },
		"*-ginger": { 
            "ginger_root": { "base": "wildcraftherb:block/food/roots/ginseng_root" }
        },
		"*-ginseng": { 
            "ginseng_root": { "base": "wildcraftherb:block/food/roots/ginseng_root" }
        },
		"*-arrowhead": { 
            "arrowhead_bulb": { "base": "wildcraftherb:block/food/roots/arrowhead_bulb" }
        },
		"*": { 			
			"root" : { "base": "wildcraftherb:block/food/roots/root" }
		}
	},
	"creativeinventory": { "general": ["*"], "items": ["*"], "wildcraftherb": [ "*" ] },
	"nutritionPropsByType": {
		"*-bearleek": { "satiety": 80, "foodcategory": "Vegetable" },
		"*-marshmallow": { "satiety": 80, "foodcategory": "Vegetable" },
		"*-burdock": { "satiety": 100, "foodcategory": "Vegetable" },
		"*-chicory": { "satiety": 80, "foodcategory": "Vegetable" },
		"*-liquorice": { "satiety": 80, "foodcategory": "Vegetable" },
		"*-peeledwaterchestnut": { "satiety": 60, "foodcategory": "Vegetable" },
		"*-celery": { "satiety": 100, "foodcategory": "Vegetable" },
		"*-ginseng": { "satiety": 100, "foodcategory": "Vegetable" },
		"*-ginger": { "satiety": 100, "foodcategory": "Vegetable" },
		"*-arrowhead": { "satiety": 60, "foodcategory": "Vegetable" },
		"*-burnet": { "satiety": -20, "health": -0.5, "foodcategory": "Vegetable" }
	},
	"transitionablePropsByType": {
		"*-waterchestnut": [{
			"type": "Perish",
			"freshHours": { "avg":  2000 },
			"transitionHours": { "avg": 96 },
			"transitionedStack": { "type": "item", "code": "game:rot" },
			"transitionRatio": 0.5
		}],
		"*": [{
			"type": "Perish",
			"freshHours": { "avg":  504 },
			"transitionHours": { "avg": 96 },
			"transitionedStack": { "type": "item", "code": "game:rot" },
			"transitionRatio": 0.5
		}]
	},
	"materialDensity": 600,
	"guiTransformByType": {
		"*-bearleek": {
				translation: { x: 0, y: 0, z: 0 },
				rotation: { x: -37, y: 135, z: -155 },
				origin: { x: 0.5, y: 0.15, z: 0.5 },
				scale: 4.85
		},
		"*-waterchestnut": {
				translation: { x: 0, y: 0, z: 0 },
				rotation: { x: -37, y: 135, z: -155 },
				origin: { x: 0.35, y: 0.23, z: 0.6 },
				scale: 5.7
		},
		"*-peeledwaterchestnut": {
				translation: { x: 0, y: 0, z: 0 },
				rotation: { x: -37, y: 135, z: -155 },
				origin: { x: 0.35, y: 0.23, z: 0.6 },
				scale: 5.7
		},
		"*-liquorice": {
				translation: { x: 0, y: 0, z: 0 },
				rotation: { x: -180, y: 29, z: 21 },
				origin: { x: 0.5, y: 0.3, z: 0.5 },
				scale: 2.47
		},
		"*-chicory": {
			rotation: { x: -3, y: 35, z: -154 },
			origin: { x: 0.5, y: 0.35, z: 0.6 },
			scale: 2.48
		},
		"*-burdock": {
			rotation: { x: -3, y: 35, z: -154 },
			origin: { x: 0.4, y: 0.25, z: 0.5 },
			scale: 2.47
		},
		"*-celery": {
			translation: { x: 0, y: 0, z: 0 },
			rotation: { x: 43, y: 49, z: 109 },
			origin: { x: 0.53, y: 0.16, z: 0.52 },
			scale: 4.8
		},
		"*-marshmallow": {
			rotation: { x: -3, y: 35, z: -154 },
			origin: { x: 0.55, y: 0.3, z: 0.5 },
			scale: 2.24
		},
		"*-burnet": {
				translation: { x: 0, y: 0, z: 0 },
				rotation: { x: 41, y: 35, z: -10 },
				origin: { x: 0.2299, y: 0.57, z: 0.75 },
				scale: 2.49
		},
		"*-ginger": {
			translation: { x: 0, y: 0, z: 0 },
			rotation: { x: 169, y: 180, z: 67 },
			origin: { x: 0.5599, y: 0.31, z: 0.65 },
			scale: 2.64
		},
		"*-arrowhead":{
				translation: { x: 0, y: 0, z: 0 },
				rotation: { x: -2, y: 123, z: 116 },
				origin: { x: 0.2299, y: -0.07, z: 0.25 },
				scale: 2.09
		},
		"*-ginseng":{
			translation: { x: 0, y: 0, z: 0 },
			rotation: { x: 36, y: 69, z: 78 },
			origin: { x: 0.1499, y: -0.21, z: 0.1 },
			scale: 2.56
		},

		"*": {
			"translation": { x: 0, y: 0, z: 0 },
			"rotation": { x: 43, y: 166, z: 98 },
			"origin": { x: 0.53, y: 0.43, z: 0.55 },
			"scale": 2.64
		}
	},
	"fpHandTransformByType": {
		"*-bearleek": {
			translation: { x: 0, y: 0, z: 0 },
			rotation: { x: -38, y: 29, z: 21 },
			origin: { x: 0.5, y: 0.3, z: 0.5 },
			scale: 2
		},
		"*-waterchestnut": {
			translation: { x: 0, y: 0, z: 0 },
			rotation: { x: -38, y: 29, z: 21 },
			origin: { x: 0.5, y: 0.3, z: 0.5 },
			scale: 2
		},
		"*-peeledwaterchestnut": {
			translation: { x: 0, y: 0, z: 0 },
			rotation: { x: -38, y: 29, z: 21 },
			origin: { x: 0.5, y: 0.3, z: 0.5 },
			scale: 2
		},
		"*-liquorice": {
			translation: { x: 0, y: 0, z: 0 },
			rotation: { x: -38, y: 29, z: 21 },
			origin: { x: 0.5, y: 0.3, z: 0.5 },
			scale: 2
		},
		"*-chicory": {
			translation: { x: 0, y: -0.2, z: 0 },
			rotation: { x: -45, y: 104, z: 70 },
			scale: 1.35
		},
		"*-burdock": {
			translation: { x: 0, y: -0.2, z: 0 },
			rotation: { x: -13, y: 113, z: 73 },
			origin: { x: 0.5, y: 0.3, z: 0.3 },
			scale: 1.6
		},
		"*-marshmallow": {
			translation: { x: 0, y: -0.2, z: 0 },
			rotation: { x: -53, y: 112, z: 62 },
			scale: 1.33
		},
		"*-celery": {
			translation: { x: 0.15, y: -0.2, z: 0 },
			rotation: { x: -19, y: -91, z: -35 },
			origin: { x: 0.9, y: -1, z: 0 },
			scale: 2.59
		},
		"*-burnet": {
				translation: { x: 0.15, y: -0.2, z: 0 },
				rotation: { x: 97, y: -84, z: 20 },
				origin: { x: 0.5, y: 0.7, z: 0.5 },
				scale: 1.2
		},
		"*-ginger": {
			translation: { x: 0.15, y: -0.2, z: 0 },
			rotation: { x: 101, y: 84, z: 110 },
			origin: { x: 0.3, y: 0.75, z: 0.6 },
			scale: 1.2
		},
		"*-arrowhead": {
				translation: { x: 0.15, y: -0.2, z: 0 },
				rotation: { x: 7, y: -90, z: -55 },
				origin: { x: 0.32, y: 0.47, z: 0.5 },
				scale: 1.3
		},
		"*-ginseng": {
				translation: { x: 0.15, y: -0.2, z: 0 },
				rotation: { x: 8, y: -76, z: -35 },
				scale: 1.2
		},
		"*": {
			"translation": { x: 0.15, y: -0.2, z: 0 },
			"rotation": { x: 155, y: -87, z: -30 },
			"scale": 1.2
		}
	},
	"tpHandTransformByType": {
		"*-bearleek": {
			"translation": { x: -0.6, y: -0.18, z: -0.6 },
			"rotation": { x: 0, y: 0, z: -42 },
			"origin": { x: 0.5, y: 0.1, z: 0.5 },
			"scale": 0.8
		},
		"*-waterchestnut": {
			"translation": { x: -0.6, y: -0.18, z: -0.6 },
			"rotation": { x: 0, y: 0, z: -42 },
			"origin": { x: 0.5, y: 0.1, z: 0.5 },
			"scale": 0.8
		},
		"*-peeledwaterchestnut": {
			"translation": { x: -0.6, y: -0.18, z: -0.6 },
			"rotation": { x: 0, y: 0, z: -42 },
			"origin": { x: 0.5, y: 0.1, z: 0.5 },
			"scale": 0.8
		},
		"*-liquorice": {
			"translation": { x: -0.6, y: -0.18, z: -0.6 },
			"rotation": { x: 0, y: 0, z: -42 },
			"origin": { x: 0.5, y: 0.1, z: 0.5 },
			"scale": 0.8
		},
		"*-arrowhead": {
			translation: { x: -1, y: -1.1, z: -1 },
			rotation: { x: 180, y: 17, z: 71 },
			origin: { x: 0.37, y: 0.33, z: 0.81 },
			scale: 0.48
		},
		"*-ginseng": {
			translation: { x: -1, y: -1.1, z: -1 },
			rotation: { x: 180, y: 9, z: 50 },
			origin: { x: 0.4, y: 0.34, z: 0.8 },
			scale: 0.48
		},
		"*": {
			"translation": { x: -1, y: -1.1, z: -1 },
			"rotation": { x: 180, y: 9, z: 50 },
			"scale": 0.48
		}
	},
	"groundTransformByType": {
		"*-bearleek": {
			"translation": { "x": 0, "y": 0, "z": 0 },
			"rotation": { "x": 0, "y": 0, "z": 83 },
			"origin": { "x": 0.47, "y": 0, "z": 0.5 },
			"scale": 4.3
		},
		"*-waterchestnut": {
			"translation": { "x": 0, "y": 0, "z": 0 },
			"rotation": { "x": 0, "y": 0, "z": 83 },
			"origin": { "x": 0.47, "y": 0, "z": 0.5 },
			"scale": 4.3
		},
		"*-peeledwaterchestnut": {
			"translation": { "x": 0, "y": 0, "z": 0 },
			"rotation": { "x": 0, "y": 0, "z": 83 },
			"origin": { "x": 0.47, "y": 0, "z": 0.5 },
			"scale": 4.3
		},
		"*-liquorice": {
			"translation": { "x": 0, "y": 0, "z": 0 },
			"rotation": { "x": 0, "y": 0, "z": 83 },
			"origin": { "x": 0.47, "y": 0, "z": 0.5 },
			"scale": 4.3
		},
		"*-chicory": {
			"translation": { "x": 0, "y": 0, "z": 0 },
			"rotation": { "x": 90, "y": 0, "z": 0 },
			"origin": { "x": 0.5, "y": 0.5, "z": 0.6 },
			"scale": 2.59
		},
		"*-burdock": {
			"translation": { "x": 0, "y": 0, "z": 0 },
			"rotation": { "x": 90, "y": 0, "z": 0 },
			"origin": { "x": 0.5, "y": 0.5, "z": 0.6 },
			"scale": 2.59
		},
		"*-marshmallow": {
			"translation": { "x": 0, "y": 0, "z": 0 },
			"rotation": { "x": 90, "y": 0, "z": 0 },
			"origin": { "x": 0.5, "y": 0.5, "z": 0.6 },
			"scale": 2.5
		},
		"*-celery": {
			translation: { x: 0, y: 0, z: 0 },
			rotation: { x: 90, y: 0, z: 0 },
			origin: { x: 0.5, y: 0.5, z: 0.58 },
			scale: 4.26
		},
		"*-ginger": {
			translation: { x: 0, y: 0, z: 0 },
			rotation: { x: 127, y: 13, z: -14 },
			origin: { x: 0.5, y: 0.5, z: 0.5299 },
			scale: 2.38
		},
		"*-burnet": {
			translation: { x: 0, y: 0, z: 0 },
			rotation: { x: 114, y: 0, z: 4 },
			origin: { x: 0.5, y: 0.5, z: 0.5299 },
			scale: 2.5
		},
		"*-arrowhead": {
			translation: { x: 0, y: 0, z: 0 },
			rotation: { x: 180, y: 0, z: -4 },
			origin: { x: 0.5, y: 0.16, z: 0.5099 },
			scale: 2.5
		},
		"*-ginseng": {
			translation: { x: 0, y: 0, z: 0 },
			rotation: { x: 171, y: -16, z: 0 },
			origin: { x: 0.5, y: 0.12, z: 0.5099 },
			scale: 2.34
		},
		"*": {
			"scale": 2.5
		}
	}
}