{
	"code": "amphibiousplant",
	"class": "SimpleWaterPlant",
	"entityClassByType": {
		"*-small-*": "Transient",
        "*-medium-*": "Transient"
	},
	"attributes": {
		"minDepthByType":{
			"*": 0
		},
		"maxDepthByType": {
			"*-skunkcabbage-*": 1
		},
		"waterCodeByType":{
			"*": "water"
		},
		"transientPropsByType": {
			"amphibiousplant-skunkcabbage-small-free": {
				"convertFrom": "*-small-free", 
				"convertTo": "wildcraftherb:amphibiousplant-skunkcabbage-medium-free", 
				"inGameHours": "168",
				"resetBelowTemperature": 0,
				"stopBelowTemperature": 2
			},
			"amphibiousplant-skunkcabbage-medium-free":{
				"convertFrom": "*-medium-free", 
				"convertTo": "wildcraftherb:amphibiousplant-skunkcabbage-large-free", 
				"inGameHours": "168",
				"resetBelowTemperature": 0,
				"stopBelowTemperature": 2
			}
		}
	},
	"variantgroups": [
		{ "code": "type", "states": ["skunkcabbage"] },
		{ "code": "state", "states": ["small", "medium", "large"] },
		{ "code": "cover", "states": ["free", "snow"] }
	],
	"creativeinventory": { 
		"general": [ "*-free"], 
		"flora": [ "*-free"],
   		"wildcraftherb": [ "*-free"]
	},
	"shapeByType": {
		"amphibiousplant-skunkcabbage-small-*": { "base": "wildcraftherb:block/plant/skunkcabbage3" },
        "amphibiousplant-skunkcabbage-medium-*": { "base": "wildcraftherb:block/plant/skunkcabbage2" },
        "amphibiousplant-skunkcabbage-large-*": { "base": "wildcraftherb:block/plant/skunkcabbage1" }
	},
	"drawtypeByType": {
		"*-snow": "JSONAndSnowLayer",
		"*": "JSON"
	},
	"renderpass": "BlendNoCull",
	"matterstate": "solid",
	"blockmaterial": "plant",
	"faceCullMode": "default",
	"randomDrawOffset": true,
	"randomizeRotations": true,
	"texturesByType": {
	},
	"sideopaqueByType": {
		"*-snow": { "all": false, "down": true },
		"*": { "all": false }
	},
	"sidesolid": { "all" : false },
	"emitsideao": { "all": false },
	"sideao": { "all": true },
	"replaceable": 3000,
	"lightAbsorption": 0,
	"resistance": 1,
	"collisionbox": null,
	"selectionbox": {
		"x1": 0, "y1": 0, "z1": 0,
		"x2": 1, "y2": 1, "z2": 1
	},
	"guitransform": {
		"rotation": { "x": 0, "y": 0, "z": 0 }
	},
	"sounds": {
		"place": "game:block/plant",
		"break": "game:block/plant",
		"hit": "game:block/plant"
	},
	"rainPermeableByType": {
		"*": true
	},
	"materialDensity": 200,
	"frostable": true,
	"combustibleProps": {
		"burnTemperature": 600,
		"burnDuration": 10
	},
	guiTransformByType: {
		"*-small-*": {
			translation: { x: 0, y: -1.5, z: 0 },
			rotation: { x: -4, y: -121, z: -8 },
			scale: 1.56
		},
		"*-medium-*": {
			translation: { x: 0, y: -1.5, z: 0 },
			rotation: { x: -24, y: 0, z: 0 },
			origin: { x: 0.5, y: 0.8, z: 0.5 },
			scale: 1.04
		}
	},	
	"dropsByType": {
		"*-skunkcabbage-small-*": [ 
			{ 
				"type": "item", 
				"code": "wildcraftherb:skunkcabbage-leafs", 
				"quantity": { "avg": 0.5 } 
		 	},
			{ 
				"type": "item", 
				"code": "wildcraftherb:skunkcabbage-stem",
				"quantity": { "avg": 0.35 } 
			} 
		],
		"*-skunkcabbage-medium-*": [
			{ 
				"type": "item", 
				"code": "wildcraftherb:skunkcabbage-leafs", 
				"quantity": { "avg": 1.5 } 
			},
			{ 
				"type": "item", 
				"code": "wildcraftherb:skunkcabbage-stem",
				"quantity": { "avg": 1.0 } 
			} 
		],
		"*-skunkcabbage-large-*": [ 
			{ 
			"type": "item", 
			"code": "wildcraftherb:skunkcabbage-leafs", 
			"quantity": { "avg": 2.1 } 
			},
			{ 
				"type": "item", 
				"code": "wildcraftherb:skunkcabbage-stem",
				"quantity": { "avg": 1.2 } 
			} 
		]
	}
}
