{
	"code": "smallannualplant",
	"class":"HerbPlant",
	"entityClassByType": {
		"*-harvested": "Transient"
	},
	"variantgroups": [
		{ "code": "type", "states": ["minerslettuce", "woodspurge"]},
		{ "code": "state", "states": ["harvested", "normal"] },
	],
	"attributes": {
    "butterflyFeedByType": {
      "*-normal": true
    },
    "beeFeedByType": {
      "*-normal": true
    },
    "transientPropsByType": {
			"*-harvested": {
				"convertFrom": "*-harvested", 
				"convertTo": "*-normal", 
				"inGameHours": "84",
				"resetBelowTemperature": 10,
				"stopBelowTemperature": 12
			}
		},
    "forageStatAffected": true,
    "hasRootByType":{
        "*": "false"
    },
    "isPoisonousByType":{
        "*":"false"
    }
  },
	"creativeinventory": {
    "general": ["*-normal"],
    "flora": ["*-normal"],
    "wildcraftherb": [ "*-normal" ]
  },
  "shapeByType": {
    "*-minerslettuce-normal": { "base": "wildcraftherb:block/plant/minerslettuce_normal" },
    "*-woodspurge-normal": { "base": "wildcraftherb:block/plant/woodspurge_normal" },
    "*-harvested": { "base": "wildcraftherb:block/plant/leafygroundvegetable/default/default_normal" },
  },
  "texturesByType": {
    "*-woodspurge-harvested": { "leaves": { "base": "wildcraftherb:block/plant/leafygroundvegetable/harvested/woodspurge" } },
    "*-minerslettuce-harvested": { "leaves": { "base": "wildcraftherb:block/plant/leafygroundvegetable/harvested/minerslettuce" } },
  },
	"renderpass": "BlendNoCull",
	"blockmaterial": "Plant",
  "randomDrawOffsetByType": {
    "*":true
  },
  "randomizeRotationsByType": {
    "*": true
  },
	"sideopaque": {
		"all": false
	},
	"sidesolid": {
		"all": false
	},
	"replaceable": 3000,
	"lightAbsorption": 0,
	"resistance": 1.5,
	"collisionbox": null,
	"selectionBox": { "x1": 0 , "y1": 0, "z1": 0, "x2": 1, "y2": 0.25, "z2": 1 },
	"guiTransform": {
    "rotation": { "x": -22, "y": 107, "z": 0 },
    "origin": { "x": 0.3, "y": 0.5, "z": 0.4 },
    "scale": 1.32
  },
	"groundTransform": {
		"origin": { "x": 0.5, "y": 0, "z": 0.5 },
		"scale": 2.5
	},
	"tpHandTransform": {
		"translation": { "x": -0.93, "y": -0.17, "z": -0.8 },
		"rotation": { "x": 15, "y": -10, "z": -114 },
		"origin": { "x": 0.5, "y": 0.1, "z": 0.5 },
		"scale": 0.58
	},
	"sounds": {
		"place": "game:block/plant",
		"break": "game:block/plant",
		"hit": "game:block/plant"
	},
	"vertexFlags": {
		"leavesWindWave": true
	},
	"materialDensity": 200,
	"frostable": true,
  "dropsByType": {
    "*-normal": [
      {
        "type": "item",
        "code": "wildcraftherb:herb-{type}",
        "quantity": { "avg": 1.6 }
      }
    ]
  }
}