[
  {
    "ingredientPattern": "SB",
    "ingredients": {
      "S": {
        "type": "item",
        "code": "claysmokingpipestem-fire-fired",
        "name": "stem-material"
      },
      "B": {
        "type": "item",
        "code": "claysmokingpipebowl-fire-fired",
        "name": "bowl-material"
      }
    },
    "shapeless": true,
    "width": 2,
    "height": 1,
    "output": {
      "type": "item",
      "code": "claysmokingpipe-fire-fire",
      "quantity": 1
    }
  },
  {
    "ingredientPattern": "SB",
    "ingredients": {
      "S": {
        "type": "item",
        "code": "claysmokingpipestem-blue-fired",
        "name": "stem-material"
      },
      "B": {
        "type": "item",
        "code": "claysmokingpipebowl-blue-fired",
        "name": "bowl-material"
      }
    },
    "shapeless": true,
    "width": 2,
    "height": 1,
    "output": {
      "type": "item",
      "code": "claysmokingpipe-blue-blue",
      "quantity": 1
    }
  },
  {
    "ingredientPattern": "SB",
    "ingredients": {
      "S": {
        "type": "item",
        "code": "claysmokingpipestem-blue-fired",
        "name": "stem-material"
      },
      "B": {
        "type": "item",
        "code": "claysmokingpipebowl-fire-fired",
        "name": "bowl-material"
      }
    },
    "shapeless": true,
    "width": 2,
    "height": 1,
    "output": {
      "type": "item",
      "code": "claysmokingpipe-blue-fire",
      "quantity": 1
    }
  },
  {
    "ingredientPattern": "SB",
    "ingredients": {
      "S": {
        "type": "item",
        "code": "claysmokingpipestem-fire-fired",
        "name": "stem-material"
      },
      "B": {
        "type": "item",
        "code": "claysmokingpipebowl-blue-fired",
        "name": "bowl-material"
      }
    },
    "shapeless": true,
    "width": 2,
    "height": 1,
    "output": {
      "type": "item",
      "code": "claysmokingpipe-fire-blue",
      "quantity": 1
    }
  }
]