[
    { "file": "game:recipes/cooking/jam", "op": "replace", "path": "/shape", "value": { base: "block/food/meal/betterjam" }, "side": "server" },
    { "file": "game:recipes/cooking/jam", "op": "add", "path": "/ingredients/1/validStacks/-", "value": {
            "type": "item",
            "code": "game:vegetable-carrot",
            "shapeElement": "bowl/vegetable"
        },
        "side": "server"
    },
    { "file": "game:recipes/cooking/jam", "op": "add", "path": "/ingredients/1/validStacks/-", "value": {
            "type": "item",
            "code": "game:vegetable-pumpkin",
            "shapeElement": "bowl/vegetable"
        },
        "side": "server"
    },
    { "file": "game:recipes/cooking/porridge", "op": "add", "path": "/ingredients/1/validStacks/-", "value": {
            "type": "item",
            "code": "wildcraftfruit:fruit-cucumber",
            "shapeElement": "bowl/vegetable 1/*"
        },
        "side": "server"
    },
    { "file": "game:recipes/cooking/porridge", "op": "add", "path": "/ingredients/2/validStacks/-", "value": {
            "type": "item",
            "code": "wildcraftfruit:fruit-cucumber",
            "shapeElement": "bowl/vegetable 2/*"
        },
        "side": "server"
    },
    { "file": "game:recipes/cooking/porridge", "op": "add", "path": "/ingredients/1/validStacks/-", "value": {
            "type": "item",
            "code": "wildcraftfruit:fruit-maritabits",
            "shapeElement": "bowl/vegetable 1/*"
        },
        "side": "server"
    },
    { "file": "game:recipes/cooking/porridge", "op": "add", "path": "/ingredients/2/validStacks/-", "value": {
            "type": "item",
            "code": "wildcraftfruit:fruit-maritabits",
            "shapeElement": "bowl/vegetable 2/*"
        },
        "side": "server"
    },
    { "file": "game:recipes/cooking/jam", "op": "add", "path": "/ingredients/1/validStacks/-", "value": {
            "type": "item",
            "code": "wildcraftfruit:vegetable-avocado",
            "shapeElement": "bowl/vegetable"
        },
        "side": "server"
    },
    { "file": "game:recipes/cooking/jam", "op": "add", "path": "/ingredients/1/validStacks/-", "value": {
            "type": "item",
            "code": "wildcraftfruit:fruit-cucumber",
            "shapeElement": "bowl/vegetable"
        },
        "side": "server"
    },
    { "file": "game:recipes/cooking/jam", "op": "add", "path": "/ingredients/1/validStacks/-", "value": {
            "type": "item",
            "code": "wildcraftfruit:fruit-maritabits",
            "shapeElement": "bowl/vegetable"
        },
        "side": "server"
    },
    { "file": "game:recipes/cooking/meatystew", "op": "add", "path": "/ingredients/5/validStacks/-", "value": {
        "type": "item",
        "code": "wildcraftfruit:fruit-cucumber",
        "shapeElement": "bowl/vegetable 2/*"
       },
       "side": "server"
    },
    { "file": "game:recipes/cooking/meatystew", "op": "add", "path": "/ingredients/5/validStacks/-", "value": {
        "type": "item",
        "code": "wildcraftfruit:fruit-maritabits",
        "shapeElement": "bowl/vegetable 2/*"
       },
       "side": "server"
    },
    { "file": "game:recipes/cooking/vegetablestew", "op": "add", "path": "/ingredients/0/validStacks/-", "value": {
            "type": "item",
            "code": "wildcraftfruit:fruit-cucumber",
            "shapeElement": "bowl/vegetable 1/*"
        },
        "side": "server"
    },
    { "file": "game:recipes/cooking/vegetablestew", "op": "add", "path": "/ingredients/1/validStacks/-", "value": {
            "type": "item",
            "code": "wildcraftfruit:fruit-cucumber",
            "shapeElement": "bowl/vegetable 2/*"
        },
        "side": "server"
    },
    { "file": "game:recipes/cooking/vegetablestew", "op": "add", "path": "/ingredients/2/validStacks/-", "value": {
            "type": "item",
            "code": "wildcraftfruit:fruit-cucumber",
            "shapeElement": "bowl/vegetable 3/*"
        },
        "side": "server"
    },
    { "file": "game:recipes/cooking/vegetablestew", "op": "add", "path": "/ingredients/3/validStacks/-", "value": {
            "type": "item",
            "code": "wildcraftfruit:fruit-cucumber",
            "shapeElement": "bowl/vegetable 4/*"
        },
        "side": "server"
    },
    { "file": "game:recipes/cooking/vegetablestew", "op": "add", "path": "/ingredients/0/validStacks/-", "value": {
            "type": "item",
            "code": "wildcraftfruit:fruit-maritabits",
            "shapeElement": "bowl/vegetable 1/*"
        },
        "side": "server"
    },
    { "file": "game:recipes/cooking/vegetablestew", "op": "add", "path": "/ingredients/1/validStacks/-", "value": {
            "type": "item",
            "code": "wildcraftfruit:fruit-maritabits",
            "shapeElement": "bowl/vegetable 2/*"
        },
        "side": "server"
    },
    { "file": "game:recipes/cooking/vegetablestew", "op": "add", "path": "/ingredients/2/validStacks/-", "value": {
            "type": "item",
            "code": "wildcraftfruit:fruit-maritabits",
            "shapeElement": "bowl/vegetable 3/*"
        },
        "side": "server"
    },
    { "file": "game:recipes/cooking/vegetablestew", "op": "add", "path": "/ingredients/3/validStacks/-", "value": {
            "type": "item",
            "code": "wildcraftfruit:fruit-maritabits",
            "shapeElement": "bowl/vegetable 4/*"
        },
        "side": "server"
    },
    { "file": "game:recipes/cooking/scrambledeggs", "op": "add", "path": "/ingredients/3/validStacks/-", "value": {
            "type": "item",
            "code": "wildcraftfruit:fruit-cucumber",
            "shapeElement": "bowl/vegetable 1/*"
        },
        "side": "server"
    },
    { "file": "game:recipes/cooking/scrambledeggs", "op": "add", "path": "/ingredients/4/validStacks/-", "value": {
            "type": "item",
            "code": "wildcraftfruit:fruit-cucumber",
            "shapeElement": "bowl/vegetable 2/*"
        },
        "side": "server"
    },
    { "file": "game:recipes/cooking/scrambledeggs", "op": "add", "path": "/ingredients/3/validStacks/-", "value": {
            "type": "item",
            "code": "wildcraftfruit:fruit-maritabits",
            "shapeElement": "bowl/vegetable 1/*"
        },
        "side": "server"
    },
    { "file": "game:recipes/cooking/scrambledeggs", "op": "add", "path": "/ingredients/4/validStacks/-", "value": {
            "type": "item",
            "code": "wildcraftfruit:fruit-maritabits",
            "shapeElement": "bowl/vegetable 2/*"
        },
        "side": "server"
    },
    { "file": "game:recipes/cooking/soup", "op": "add", "path": "/ingredients/1/validStacks/-", "value": {
            "type": "item",
            "code": "wildcraftfruit:fruit-cucumber",
            "shapeElement": "bowl/vegetable 1/*"
        },
        "side": "server"
    },
    { "file": "game:recipes/cooking/soup", "op": "add", "path": "/ingredients/2/validStacks/-", "value": {
            "type": "item",
            "code": "wildcraftfruit:fruit-cucumber",
            "shapeElement": "bowl/vegetable 2/*"
        },
        "side": "server"
    },
    { "file": "game:recipes/cooking/soup", "op": "add", "path": "/ingredients/3/validStacks/-", "value": {
            "type": "item",
            "code": "wildcraftfruit:fruit-cucumber",
            "shapeElement": "bowl/vegetable 3/*"
        },
        "side": "server"
    },
    { "file": "game:recipes/cooking/soup", "op": "add", "path": "/ingredients/1/validStacks/-", "value": {
            "type": "item",
            "code": "wildcraftfruit:fruit-maritabits",
            "shapeElement": "bowl/vegetable 1/*"
        },
        "side": "server"
    },
    { "file": "game:recipes/cooking/soup", "op": "add", "path": "/ingredients/2/validStacks/-", "value": {
            "type": "item",
            "code": "wildcraftfruit:fruit-maritabits",
            "shapeElement": "bowl/vegetable 2/*"
        },
        "side": "server"
    },
    { "file": "game:recipes/cooking/soup", "op": "add", "path": "/ingredients/3/validStacks/-", "value": {
            "type": "item",
            "code": "wildcraftfruit:fruit-maritabits",
            "shapeElement": "bowl/vegetable 3/*"
        },
        "side": "server"
    },
    { "file": "game:recipes/cooking/jam", "op": "add", "path": "/ingredients/1/validStacks/-", "value": {
            "type": "item",
            "code": "wildcraftfruit:fruit-*",
            "shapeElement": "bowl/fruit"
        },
        "side": "server"
    },
    { "file": "game:recipes/cooking/jam", "op": "add", "path": "/ingredients/1/validStacks/-", "value": {
            "type": "item",
            "code": "wildcraftfruit:berrymush-cloudberrymush",
            "shapeElement": "bowl/fruit"
        },
        "side": "server"
    },
    { "file": "game:recipes/cooking/jam", "op": "add", "path": "/ingredients/1/validStacks/-", "value": {
            "type": "item",
            "code": "wildcraftfruit:nut-juniper",
            "shapeElement": "bowl/fruit"
        },
        "side": "server"
    },
    { "file": "game:recipes/cooking/jam", "op": "add", "path": "/ingredients/1/validStacks/-", "value": {
            "type": "item",
            "code": "wildcraftfruit:nut-sumac",
            "shapeElement": "bowl/fruit"
        },
        "side": "server"
    },
    { "file": "game:recipes/cooking/jam", "op": "add", "path": "/ingredients/1/validStacks/-", "value": {
            "type": "item",
            "code": "wildcraftfruit:nut-bluequandong",
            "shapeElement": "bowl/fruit"
        },
        "side": "server"
    },
    { "file": "game:recipes/cooking/jam", "op": "add", "path": "/ingredients/1/validStacks/-", "value": {
            "type": "item",
            "code": "wildcraftfruit:nut-sugarhackberry",
            "shapeElement": "bowl/fruit"
        },
        "side": "server"
    },
    { "file": "game:recipes/cooking/jam", "op": "add", "path": "/ingredients/1/validStacks/-", "value": {
            "type": "item",
            "code": "wildcraftfruit:nut-deserthackberry",
            "shapeElement": "bowl/fruit"
        },
        "side": "server"
    },
    { "file": "game:recipes/cooking/jam", "op": "add", "path": "/ingredients/1/validStacks/-", "value": {
            "type": "item",
            "code": "wildcraftfruit:nut-commonhackberry",
            "shapeElement": "bowl/fruit"
        },
        "side": "server"
    },
    { "file": "game:recipes/cooking/jam", "op": "add", "path": "/ingredients/1/validStacks/-", "value": {
            "type": "item",
            "code": "wildcraftfruit:nut-pistachioberry",
            "shapeElement": "bowl/fruit"
        },
        "side": "server"
    },
    { "file": "game:recipes/cooking/porridge", "op": "add", "path": "/ingredients/0/validStacks/-", "value": {
            "type": "item",
            "code": "wildcraftfruit:nut-acornleached",
            "shapeElement": "bowl/grain/*"
        },
        "side": "server"
    },
    { "file": "game:recipes/cooking/porridge", "op": "add", "path": "/ingredients/0/validStacks/-", "value": {
            "type": "item",
            "code": "wildcraftfruit:nut-oldmansaltbush",
            "shapeElement": "bowl/grain/*"
        },
        "side": "server"
    },
    { "file": "game:recipes/cooking/porridge", "op": "add", "path": "/ingredients/1/validStacks/-", "value": {
            "type": "item",
            "code": "wildcraftfruit:fruit-*",
            "shapeElement": "bowl/fruit 1/*"
        },
        "side": "server"
    },
    { "file": "game:recipes/cooking/porridge", "op": "add", "path": "/ingredients/2/validStacks/-", "value": {
            "type": "item",
            "code": "wildcraftfruit:fruit-*",
            "shapeElement": "bowl/fruit 2/*"
        },
        "side": "server"
    },
    { "file": "game:recipes/cooking/porridge", "op": "add", "path": "/ingredients/1/validStacks/-", "value": {
            "type": "item",
            "code": "wildcraftfruit:nut-juniper",
            "shapeElement": "bowl/fruit 1/*"
        },
        "side": "server"
    },
    { "file": "game:recipes/cooking/porridge", "op": "add", "path": "/ingredients/2/validStacks/-", "value": {
            "type": "item",
            "code": "wildcraftfruit:nut-juniper",
            "shapeElement": "bowl/fruit 2/*"
        },
        "side": "server"
    },
    { "file": "game:recipes/cooking/porridge", "op": "add", "path": "/ingredients/1/validStacks/-", "value": {
            "type": "item",
            "code": "wildcraftfruit:nut-sumac",
            "shapeElement": "bowl/fruit 1/*"
        },
        "side": "server"
    },
    { "file": "game:recipes/cooking/porridge", "op": "add", "path": "/ingredients/2/validStacks/-", "value": {
            "type": "item",
            "code": "wildcraftfruit:nut-sumac",
            "shapeElement": "bowl/fruit 2/*"
        },
        "side": "server"
    },
    { "file": "game:recipes/cooking/porridge", "op": "add", "path": "/ingredients/1/validStacks/-", "value": {
            "type": "item",
            "code": "wildcraftfruit:nut-chocolate",
            "shapeElement": "bowl/topping/*"
        },
        "side": "server"
    },
    { "file": "game:recipes/cooking/porridge", "op": "add", "path": "/ingredients/1/validStacks/-", "value": {
            "type": "item",
            "code": "wildcraftfruit:nut-pacoca",
            "shapeElement": "bowl/topping/*"
        },
        "side": "server"
    },
    { "file": "game:recipes/cooking/porridge", "op": "add", "path": "/ingredients/1/validStacks/-", "value": {
            "type": "item",
            "code": "wildcraftfruit:nut-halva",
            "shapeElement": "bowl/topping/*"
        },
        "side": "server"
    },
    { "file": "game:recipes/cooking/porridge", "op": "add", "path": "/ingredients/1/validStacks/-", "value": {
            "type": "item",
            "code": "wildcraftfruit:nut-marzipan",
            "shapeElement": "bowl/topping/*"
        },
        "side": "server"
    },
    { "file": "game:recipes/cooking/meatystew", "op": "add", "path": "/ingredients/2/validStacks/-", "value": {
            "type": "item",
            "code": "wildcraftfruit:nut-chocolate",
            "shapeElement": "bowl/topping/*"
        },
        "side": "server"
    },
    { "file": "game:recipes/cooking/meatystew", "op": "add", "path": "/ingredients/2/validStacks/-", "value": {
            "type": "item",
            "code": "wildcraftfruit:nut-marzipan",
            "shapeElement": "bowl/topping/*"
        },
        "side": "server"
    },
    { "file": "game:recipes/cooking/meatystew", "op": "add", "path": "/ingredients/2/validStacks/-", "value": {
            "type": "item",
            "code": "wildcraftfruit:nut-pacoca",
            "shapeElement": "bowl/topping/*"
        },
        "side": "server"
    },
    { "file": "game:recipes/cooking/meatystew", "op": "add", "path": "/ingredients/2/validStacks/-", "value": {
            "type": "item",
            "code": "wildcraftfruit:nut-halva",
            "shapeElement": "bowl/topping/*"
        },
        "side": "server"
    },
    { "file": "game:recipes/cooking/meatystew", "op": "add", "path": "/ingredients/1/validStacks/-", "value": {
        "type": "item",
        "code": "wildcraftfruit:fruit-cucumber",
        "shapeElement": "bowl/vegetable 1/*"
       },
       "side": "server"
    },
    { "file": "game:recipes/cooking/meatystew", "op": "add", "path": "/ingredients/1/validStacks/-", "value": {
        "type": "item",
        "code": "wildcraftfruit:fruit-*",
        "shapeElement": "bowl/fruit 1/*"
       },
       "side": "server"
    },
    { "file": "game:recipes/cooking/meatystew", "op": "add", "path": "/ingredients/1/validStacks/-", "value": {
        "type": "item",
        "code": "wildcraftfruit:nut-juniper",
        "shapeElement": "bowl/fruit 1/*"
       },
       "side": "server"
    },
    { "file": "game:recipes/cooking/meatystew", "op": "add", "path": "/ingredients/1/validStacks/-", "value": {
        "type": "item",
        "code": "wildcraftfruit:nut-sumac",
        "shapeElement": "bowl/fruit 1/*"
       },
       "side": "server"
    },
    { "file": "game:recipes/cooking/vegetablestew", "op": "add", "path": "/ingredients/0/validStacks/-", "value": {
            "type": "item",
            "code": "wildcraftfruit:vegetable-*",
            "shapeElement": "bowl/vegetable 1/*"
        },
        "side": "server"
    },
    { "file": "game:recipes/cooking/vegetablestew", "op": "add", "path": "/ingredients/1/validStacks/-", "value": {
            "type": "item",
            "code": "wildcraftfruit:vegetable-*",
            "shapeElement": "bowl/vegetable 2/*"
        },
        "side": "server"
    },
    { "file": "game:recipes/cooking/vegetablestew", "op": "add", "path": "/ingredients/2/validStacks/-", "value": {
            "type": "item",
            "code": "wildcraftfruit:vegetable-*",
            "shapeElement": "bowl/vegetable 3/*"
        },
        "side": "server"
    },
    { "file": "game:recipes/cooking/vegetablestew", "op": "add", "path": "/ingredients/3/validStacks/-", "value": {
            "type": "item",
            "code": "wildcraftfruit:vegetable-*",
            "shapeElement": "bowl/vegetable 4/*"
        },
        "side": "server"
    },
    { "file": "game:recipes/cooking/vegetablestew", "op": "add", "path": "/ingredients/0/validStacks/-", "value": {
            "type": "item",
            "code": "wildcraftfruit:nut-chestnut",
            "shapeElement": "bowl/vegetable 1/*"
        },
        "side": "server"
    },
    { "file": "game:recipes/cooking/vegetablestew", "op": "add", "path": "/ingredients/1/validStacks/-", "value": {
            "type": "item",
            "code": "wildcraftfruit:nut-chestnut",
            "shapeElement": "bowl/vegetable 2/*"
        },
        "side": "server"
    },
    { "file": "game:recipes/cooking/vegetablestew", "op": "add", "path": "/ingredients/2/validStacks/-", "value": {
            "type": "item",
            "code": "wildcraftfruit:nut-chestnut",
            "shapeElement": "bowl/vegetable 3/*"
        },
        "side": "server"
    },
    { "file": "game:recipes/cooking/vegetablestew", "op": "add", "path": "/ingredients/3/validStacks/-", "value": {
            "type": "item",
            "code": "wildcraftfruit:nut-chestnut",
            "shapeElement": "bowl/vegetable 4/*"
        },
        "side": "server"
    },
    { "file": "game:recipes/cooking/meatystew", "op": "add", "path": "/ingredients/4/validStacks/-", "value": {
        "type": "item",
        "code": "wildcraftfruit:vegetable-*",
        "shapeElement": "bowl/vegetable 1/*"
       },
       "side": "server"
    },
    { "file": "game:recipes/cooking/meatystew", "op": "add", "path": "/ingredients/5/validStacks/-", "value": {
        "type": "item",
        "code": "wildcraftfruit:vegetable-*",
        "shapeElement": "bowl/vegetable 2/*"
       },
       "side": "server"
    },
    { "file": "game:recipes/cooking/meatystew", "op": "add", "path": "/ingredients/4/validStacks/-", "value": {
        "type": "item",
        "code": "wildcraftfruit:nut-chestnut",
        "shapeElement": "bowl/vegetable 1/*"
       },
       "side": "server"
    },
    { "file": "game:recipes/cooking/meatystew", "op": "add", "path": "/ingredients/5/validStacks/-", "value": {
        "type": "item",
        "code": "wildcraftfruit:nut-chestnut",
        "shapeElement": "bowl/vegetable 2/*"
       },
       "side": "server"
    },
    { "file": "game:recipes/cooking/meatystew", "op": "add", "path": "/ingredients/4/validStacks/-", "value": {
        "type": "item",
        "code": "wildcraftfruit:nut-chestnutbaked",
        "shapeElement": "bowl/vegetable 1/*"
       },
       "side": "server"
    },
    { "file": "game:recipes/cooking/meatystew", "op": "add", "path": "/ingredients/5/validStacks/-", "value": {
        "type": "item",
        "code": "wildcraftfruit:nut-chestnutbaked",
        "shapeElement": "bowl/vegetable 2/*"
       },
       "side": "server"
    },
    { "file": "game:recipes/cooking/porridge", "op": "add", "path": "/ingredients/3/validStacks/-", "value": {
            "type": "item",
            "code": "wildcraftfruit:vegetable-*",
            "shapeElement": "bowl/vegetable 1/*"
        },
        "side": "server"
    },
    { "file": "game:recipes/cooking/porridge", "op": "add", "path": "/ingredients/4/validStacks/-", "value": {
            "type": "item",
            "code": "wildcraftfruit:vegetable-*",
            "shapeElement": "bowl/vegetable 2/*"
        },
        "side": "server"
    },
    { "file": "game:recipes/cooking/porridge", "op": "add", "path": "/ingredients/3/validStacks/-", "value": {
            "type": "item",
            "code": "wildcraftfruit:nut-chestnut",
            "shapeElement": "bowl/vegetable 1/*"
        },
        "side": "server"
    },
    { "file": "game:recipes/cooking/porridge", "op": "add", "path": "/ingredients/4/validStacks/-", "value": {
            "type": "item",
            "code": "wildcraftfruit:nut-chestnut",
            "shapeElement": "bowl/vegetable 2/*"
        },
        "side": "server"
    },
    { "file": "game:recipes/cooking/porridge", "op": "add", "path": "/ingredients/3/validStacks/-", "value": {
            "type": "item",
            "code": "wildcraftfruit:nut-chestnutbaked",
            "shapeElement": "bowl/vegetable 1/*"
        },
        "side": "server"
    },
    { "file": "game:recipes/cooking/porridge", "op": "add", "path": "/ingredients/4/validStacks/-", "value": {
            "type": "item",
            "code": "wildcraftfruit:nut-chestnutbaked",
            "shapeElement": "bowl/vegetable 2/*"
        },
        "side": "server"
    },
    { "file": "game:recipes/cooking/scrambledeggs", "op": "add", "path": "/ingredients/3/validStacks/-", "value": {
            "type": "item",
            "code": "wildcraftfruit:vegetable-*",
            "shapeElement": "bowl/vegetable 1/*"
        },
        "side": "server"
    },
    { "file": "game:recipes/cooking/scrambledeggs", "op": "add", "path": "/ingredients/4/validStacks/-", "value": {
            "type": "item",
            "code": "wildcraftfruit:vegetable-*",
            "shapeElement": "bowl/vegetable 2/*"
        },
        "side": "server"
    },
    { "file": "game:recipes/cooking/scrambledeggs", "op": "add", "path": "/ingredients/3/validStacks/-", "value": {
            "type": "item",
            "code": "wildcraftfruit:nut-chestnut",
            "shapeElement": "bowl/vegetable 1/*"
        },
        "side": "server"
    },
    { "file": "game:recipes/cooking/scrambledeggs", "op": "add", "path": "/ingredients/4/validStacks/-", "value": {
            "type": "item",
            "code": "wildcraftfruit:nut-chestnut",
            "shapeElement": "bowl/vegetable 2/*"
        },
        "side": "server"
    },
    { "file": "game:recipes/cooking/scrambledeggs", "op": "add", "path": "/ingredients/3/validStacks/-", "value": {
            "type": "item",
            "code": "wildcraftfruit:nut-chestnutbaked",
            "shapeElement": "bowl/vegetable 1/*"
        },
        "side": "server"
    },
    { "file": "game:recipes/cooking/scrambledeggs", "op": "add", "path": "/ingredients/4/validStacks/-", "value": {
            "type": "item",
            "code": "wildcraftfruit:nut-chestnutbaked",
            "shapeElement": "bowl/vegetable 2/*"
        },
        "side": "server"
    },
    { "file": "game:recipes/cooking/soup", "op": "add", "path": "/ingredients/1/validStacks/-", "value": {
            "type": "item",
            "code": "wildcraftfruit:vegetable-*",
            "shapeElement": "bowl/vegetable 1/*"
        },
        "side": "server"
    },
    { "file": "game:recipes/cooking/soup", "op": "add", "path": "/ingredients/2/validStacks/-", "value": {
            "type": "item",
            "code": "wildcraftfruit:vegetable-*",
            "shapeElement": "bowl/vegetable 2/*"
        },
        "side": "server"
    },
    { "file": "game:recipes/cooking/soup", "op": "add", "path": "/ingredients/3/validStacks/-", "value": {
            "type": "item",
            "code": "wildcraftfruit:vegetable-*",
            "shapeElement": "bowl/vegetable 3/*"
        },
        "side": "server"
    },
    { "file": "game:recipes/cooking/porridge", "op": "add", "path": "/ingredients/1/validStacks/-", "value": {
            "type": "item",
            "code": "wildcraftfruit:nut-pinenut",
            "shapeElement": "bowl/fruit 1/*"
        },
        "side": "server"
    },
    { "file": "game:recipes/cooking/porridge", "op": "add", "path": "/ingredients/1/validStacks/-", "value": {
            "type": "item",
            "code": "wildcraftfruit:nut-beachalmond",
            "shapeElement": "bowl/fruit 1/*"
        },
        "side": "server"
    },
    { "file": "game:recipes/cooking/porridge", "op": "add", "path": "/ingredients/1/validStacks/-", "value": {
            "type": "item",
            "code": "wildcraftfruit:nut-oldmansaltbush",
            "shapeElement": "bowl/fruit 1/*"
        },
        "side": "server"
    },
    { "file": "game:recipes/cooking/porridge", "op": "add", "path": "/ingredients/1/validStacks/-", "value": {
            "type": "item",
            "code": "wildcraftfruit:nut-bunya",
            "shapeElement": "bowl/fruit 1/*"
        },
        "side": "server"
    },
    { "file": "game:recipes/cooking/porridge", "op": "add", "path": "/ingredients/1/validStacks/-", "value": {
            "type": "item",
            "code": "wildcraftfruit:nut-peanutground",
            "shapeElement": "bowl/fruit 1/*"
        },
        "side": "server"
    },
    { "file": "game:recipes/cooking/porridge", "op": "add", "path": "/ingredients/1/validStacks/-", "value": {
            "type": "item",
            "code": "game:legume-peanut",
            "shapeElement": "bowl/fruit 1/*"
        },
        "side": "server"
    },
    { "file": "game:recipes/cooking/porridge", "op": "add", "path": "/ingredients/1/validStacks/-", "value": {
            "type": "item",
            "code": "wildcraftfruit:nut-pumpkinseed",
            "shapeElement": "bowl/fruit 1/*"
        },
        "side": "server"
    },
    { "file": "game:recipes/cooking/porridge", "op": "add", "path": "/ingredients/1/validStacks/-", "value": {
            "type": "item",
            "code": "wildcraftfruit:nut-almond",
            "shapeElement": "bowl/fruit 1/*"
        },
        "side": "server"
    },
    { "file": "game:recipes/cooking/porridge", "op": "add", "path": "/ingredients/1/validStacks/-", "value": {
            "type": "item",
            "code": "wildcraftfruit:nut-bluequandong",
            "shapeElement": "bowl/fruit 1/*"
        },
        "side": "server"
    },
    { "file": "game:recipes/cooking/porridge", "op": "add", "path": "/ingredients/1/validStacks/-", "value": {
            "type": "item",
            "code": "wildcraftfruit:nut-almondground",
            "shapeElement": "bowl/fruit 1/*"
        },
        "side": "server"
    },
    { "file": "game:recipes/cooking/porridge", "op": "add", "path": "/ingredients/1/validStacks/-", "value": {
            "type": "item",
            "code": "wildcraftfruit:nut-apricotpitground",
            "shapeElement": "bowl/fruit 1/*"
        },
        "side": "server"
    },
    { "file": "game:recipes/cooking/porridge", "op": "add", "path": "/ingredients/1/validStacks/-", "value": {
            "type": "item",
            "code": "wildcraftfruit:nut-commonhackberry",
            "shapeElement": "bowl/fruit 1/*"
        },
        "side": "server"
    },
    { "file": "game:recipes/cooking/porridge", "op": "add", "path": "/ingredients/1/validStacks/-", "value": {
            "type": "item",
            "code": "wildcraftfruit:nut-sugarhackberry",
            "shapeElement": "bowl/fruit 1/*"
        },
        "side": "server"
    },
    { "file": "game:recipes/cooking/porridge", "op": "add", "path": "/ingredients/1/validStacks/-", "value": {
            "type": "item",
            "code": "wildcraftfruit:nut-deserthackberry",
            "shapeElement": "bowl/fruit 1/*"
        },
        "side": "server"
    },
    { "file": "game:recipes/cooking/porridge", "op": "add", "path": "/ingredients/1/validStacks/-", "value": {
            "type": "item",
            "code": "wildcraftfruit:nut-hackberrypit",
            "shapeElement": "bowl/fruit 1/*"
        },
        "side": "server"
    },
    { "file": "game:recipes/cooking/porridge", "op": "add", "path": "/ingredients/1/validStacks/-", "value": {
            "type": "item",
            "code": "wildcraftfruit:nut-hazelnut",
            "shapeElement": "bowl/fruit 1/*"
        },
        "side": "server"
    },
    { "file": "game:recipes/cooking/porridge", "op": "add", "path": "/ingredients/1/validStacks/-", "value": {
            "type": "item",
            "code": "wildcraftfruit:nut-pistachioberry",
            "shapeElement": "bowl/fruit 1/*"
        },
        "side": "server"
    },
    { "file": "game:recipes/cooking/porridge", "op": "add", "path": "/ingredients/1/validStacks/-", "value": {
            "type": "item",
            "code": "wildcraftfruit:nut-pistachionut",
            "shapeElement": "bowl/fruit 1/*"
        },
        "side": "server"
    },
    { "file": "game:recipes/cooking/porridge", "op": "add", "path": "/ingredients/1/validStacks/-", "value": {
            "type": "item",
            "code": "wildcraftfruit:nut-acornshelled",
            "shapeElement": "bowl/fruit 1/*"
        },
        "side": "server"
    },
    { "file": "game:recipes/cooking/porridge", "op": "add", "path": "/ingredients/1/validStacks/-", "value": {
            "type": "item",
            "code": "wildcraftfruit:nut-cashewnut",
            "shapeElement": "bowl/fruit 1/*"
        },
        "side": "server"
    },
    { "file": "game:recipes/cooking/porridge", "op": "add", "path": "/ingredients/1/validStacks/-", "value": {
            "type": "item",
            "code": "wildcraftfruit:nut-macadamiashelled",
            "shapeElement": "bowl/fruit 1/*"
        },
        "side": "server"
    },
    { "file": "game:recipes/cooking/porridge", "op": "add", "path": "/ingredients/1/validStacks/-", "value": {
            "type": "item",
            "code": "wildcraftfruit:nut-cherrypit",
            "shapeElement": "bowl/fruit 1/*"
        },
        "side": "server"
    },
    { "file": "game:recipes/cooking/porridge", "op": "add", "path": "/ingredients/1/validStacks/-", "value": {
            "type": "item",
            "code": "wildcraftfruit:nut-apricotpit",
            "shapeElement": "bowl/fruit 1/*"
        },
        "side": "server"
    },
    { "file": "game:recipes/cooking/porridge", "op": "add", "path": "/ingredients/2/validStacks/-", "value": {
            "type": "item",
            "code": "wildcraftfruit:nut-pinenut",
            "shapeElement": "bowl/fruit 2/*"
        },
        "side": "server"
    },
    { "file": "game:recipes/cooking/porridge", "op": "add", "path": "/ingredients/2/validStacks/-", "value": {
            "type": "item",
            "code": "wildcraftfruit:nut-beachalmond",
            "shapeElement": "bowl/fruit 2/*"
        },
        "side": "server"
    },
    { "file": "game:recipes/cooking/porridge", "op": "add", "path": "/ingredients/2/validStacks/-", "value": {
            "type": "item",
            "code": "wildcraftfruit:nut-oldmansaltbush",
            "shapeElement": "bowl/fruit 2/*"
        },
        "side": "server"
    },
    { "file": "game:recipes/cooking/porridge", "op": "add", "path": "/ingredients/2/validStacks/-", "value": {
            "type": "item",
            "code": "wildcraftfruit:nut-bunya",
            "shapeElement": "bowl/fruit 2/*"
        },
        "side": "server"
    },
    { "file": "game:recipes/cooking/porridge", "op": "add", "path": "/ingredients/2/validStacks/-", "value": {
            "type": "item",
            "code": "wildcraftfruit:nut-pumpkinseed",
            "shapeElement": "bowl/fruit 2/*"
        },
        "side": "server"
    },
    { "file": "game:recipes/cooking/porridge", "op": "add", "path": "/ingredients/2/validStacks/-", "value": {
            "type": "item",
            "code": "wildcraftfruit:nut-peanutground",
            "shapeElement": "bowl/fruit 2/*"
        },
        "side": "server"
    },
    { "file": "game:recipes/cooking/porridge", "op": "add", "path": "/ingredients/2/validStacks/-", "value": {
            "type": "item",
            "code": "game:legume-peanut",
            "shapeElement": "bowl/fruit 2/*"
        },
        "side": "server"
    },
    { "file": "game:recipes/cooking/porridge", "op": "add", "path": "/ingredients/2/validStacks/-", "value": {
            "type": "item",
            "code": "wildcraftfruit:nut-macadamiashelled",
            "shapeElement": "bowl/fruit 2/*"
        },
        "side": "server"
    },
    { "file": "game:recipes/cooking/porridge", "op": "add", "path": "/ingredients/2/validStacks/-", "value": {
            "type": "item",
            "code": "wildcraftfruit:nut-cashewnut",
            "shapeElement": "bowl/fruit 2/*"
        },
        "side": "server"
    },
    { "file": "game:recipes/cooking/porridge", "op": "add", "path": "/ingredients/2/validStacks/-", "value": {
            "type": "item",
            "code": "wildcraftfruit:nut-pistachionut",
            "shapeElement": "bowl/fruit 2/*"
        },
        "side": "server"
    },
    { "file": "game:recipes/cooking/porridge", "op": "add", "path": "/ingredients/2/validStacks/-", "value": {
            "type": "item",
            "code": "wildcraftfruit:nut-pistachioberry",
            "shapeElement": "bowl/fruit 2/*"
        },
        "side": "server"
    },
    { "file": "game:recipes/cooking/porridge", "op": "add", "path": "/ingredients/2/validStacks/-", "value": {
            "type": "item",
            "code": "wildcraftfruit:nut-acornshelled",
            "shapeElement": "bowl/fruit 2/*"
        },
        "side": "server"
    },
    { "file": "game:recipes/cooking/porridge", "op": "add", "path": "/ingredients/2/validStacks/-", "value": {
            "type": "item",
            "code": "wildcraftfruit:nut-hazelnut",
            "shapeElement": "bowl/fruit 2/*"
        },
        "side": "server"
    },
    { "file": "game:recipes/cooking/porridge", "op": "add", "path": "/ingredients/2/validStacks/-", "value": {
            "type": "item",
            "code": "wildcraftfruit:nut-almond",
            "shapeElement": "bowl/fruit 2/*"
        },
        "side": "server"
    },
    { "file": "game:recipes/cooking/porridge", "op": "add", "path": "/ingredients/2/validStacks/-", "value": {
            "type": "item",
            "code": "wildcraftfruit:nut-bluequandong",
            "shapeElement": "bowl/fruit 2/*"
        },
        "side": "server"
    },
    { "file": "game:recipes/cooking/porridge", "op": "add", "path": "/ingredients/2/validStacks/-", "value": {
            "type": "item",
            "code": "wildcraftfruit:nut-almondground",
            "shapeElement": "bowl/fruit 2/*"
        },
        "side": "server"
    },
    { "file": "game:recipes/cooking/porridge", "op": "add", "path": "/ingredients/2/validStacks/-", "value": {
            "type": "item",
            "code": "wildcraftfruit:nut-apricotpitground",
            "shapeElement": "bowl/fruit 2/*"
        },
        "side": "server"
    },
    { "file": "game:recipes/cooking/porridge", "op": "add", "path": "/ingredients/2/validStacks/-", "value": {
            "type": "item",
            "code": "wildcraftfruit:nut-deserthackberry",
            "shapeElement": "bowl/fruit 2/*"
        },
        "side": "server"
    },
    { "file": "game:recipes/cooking/porridge", "op": "add", "path": "/ingredients/2/validStacks/-", "value": {
            "type": "item",
            "code": "wildcraftfruit:nut-commonhackberry",
            "shapeElement": "bowl/fruit 2/*"
        },
        "side": "server"
    },
    { "file": "game:recipes/cooking/porridge", "op": "add", "path": "/ingredients/2/validStacks/-", "value": {
            "type": "item",
            "code": "wildcraftfruit:nut-sugarhackberry",
            "shapeElement": "bowl/fruit 2/*"
        },
        "side": "server"
    },
    { "file": "game:recipes/cooking/porridge", "op": "add", "path": "/ingredients/2/validStacks/-", "value": {
            "type": "item",
            "code": "wildcraftfruit:nut-hackberrypit",
            "shapeElement": "bowl/fruit 2/*"
        },
        "side": "server"
    },
    { "file": "game:recipes/cooking/porridge", "op": "add", "path": "/ingredients/2/validStacks/-", "value": {
            "type": "item",
            "code": "wildcraftfruit:nut-cherrypit",
            "shapeElement": "bowl/fruit 2/*"
        },
        "side": "server"
    },
    { "file": "game:recipes/cooking/porridge", "op": "add", "path": "/ingredients/2/validStacks/-", "value": {
            "type": "item",
            "code": "wildcraftfruit:nut-apricotpit",
            "shapeElement": "bowl/fruit 2/*"
        },
        "side": "server"
    },
    { "file": "game:recipes/cooking/vegetablestew", "op": "add", "path": "/ingredients/2/validStacks/-", "value": {
            "type": "item",
            "code": "wildcraftfruit:nut-almond",
            "shapeElement": "bowl/vegetable 3/*"
        },
        "side": "server"
    },
    { "file": "game:recipes/cooking/vegetablestew", "op": "add", "path": "/ingredients/2/validStacks/-", "value": {
            "type": "item",
            "code": "wildcraftfruit:nut-oldmansaltbush",
            "shapeElement": "bowl/vegetable 3/*"
        },
        "side": "server"
    },
    { "file": "game:recipes/cooking/vegetablestew", "op": "add", "path": "/ingredients/2/validStacks/-", "value": {
            "type": "item",
            "code": "wildcraftfruit:nut-bunya",
            "shapeElement": "bowl/vegetable 3/*"
        },
        "side": "server"
    },
    { "file": "game:recipes/cooking/vegetablestew", "op": "add", "path": "/ingredients/2/validStacks/-", "value": {
            "type": "item",
            "code": "wildcraftfruit:nut-beachalmond",
            "shapeElement": "bowl/vegetable 3/*"
        },
        "side": "server"
    },
    { "file": "game:recipes/cooking/vegetablestew", "op": "add", "path": "/ingredients/2/validStacks/-", "value": {
            "type": "item",
            "code": "wildcraftfruit:nut-peanutground",
            "shapeElement": "bowl/vegetable 3/*"
        },
        "side": "server"
    },
    { "file": "game:recipes/cooking/vegetablestew", "op": "add", "path": "/ingredients/2/validStacks/-", "value": {
            "type": "item",
            "code": "game:legume-peanut",
            "shapeElement": "bowl/vegetable 3/*"
        },
        "side": "server"
    },
    { "file": "game:recipes/cooking/vegetablestew", "op": "add", "path": "/ingredients/2/validStacks/-", "value": {
            "type": "item",
            "code": "wildcraftfruit:nut-almondground",
            "shapeElement": "bowl/vegetable 3/*"
        },
        "side": "server"
    },
    { "file": "game:recipes/cooking/vegetablestew", "op": "add", "path": "/ingredients/2/validStacks/-", "value": {
            "type": "item",
            "code": "wildcraftfruit:nut-apricotpitground",
            "shapeElement": "bowl/vegetable 3/*"
        },
        "side": "server"
    },
    { "file": "game:recipes/cooking/vegetablestew", "op": "add", "path": "/ingredients/2/validStacks/-", "value": {
            "type": "item",
            "code": "wildcraftfruit:nut-hackberrypit",
            "shapeElement": "bowl/vegetable 3/*"
        },
        "side": "server"
    },
    { "file": "game:recipes/cooking/vegetablestew", "op": "add", "path": "/ingredients/2/validStacks/-", "value": {
            "type": "item",
            "code": "wildcraftfruit:nut-hazelnut",
            "shapeElement": "bowl/vegetable 3/*"
        },
        "side": "server"
    },
    { "file": "game:recipes/cooking/vegetablestew", "op": "add", "path": "/ingredients/2/validStacks/-", "value": {
            "type": "item",
            "code": "wildcraftfruit:nut-pumpkinseed",
            "shapeElement": "bowl/vegetable 3/*"
        },
        "side": "server"
    },
    { "file": "game:recipes/cooking/vegetablestew", "op": "add", "path": "/ingredients/2/validStacks/-", "value": {
            "type": "item",
            "code": "wildcraftfruit:nut-acornshelled",
            "shapeElement": "bowl/vegetable 3/*"
        },
        "side": "server"
    },
    { "file": "game:recipes/cooking/vegetablestew", "op": "add", "path": "/ingredients/2/validStacks/-", "value": {
            "type": "item",
            "code": "wildcraftfruit:nut-acornleached",
            "shapeElement": "bowl/vegetable 3/*"
        },
        "side": "server"
    },
    { "file": "game:recipes/cooking/vegetablestew", "op": "add", "path": "/ingredients/2/validStacks/-", "value": {
            "type": "item",
            "code": "wildcraftfruit:nut-pistachioberry",
            "shapeElement": "bowl/vegetable 3/*"
        },
        "side": "server"
    },
    { "file": "game:recipes/cooking/vegetablestew", "op": "add", "path": "/ingredients/2/validStacks/-", "value": {
            "type": "item",
            "code": "wildcraftfruit:nut-pistachionut",
            "shapeElement": "bowl/vegetable 3/*"
        },
        "side": "server"
    },
    { "file": "game:recipes/cooking/vegetablestew", "op": "add", "path": "/ingredients/2/validStacks/-", "value": {
            "type": "item",
            "code": "wildcraftfruit:nut-cashewnut",
            "shapeElement": "bowl/vegetable 3/*"
        },
        "side": "server"
    },
    { "file": "game:recipes/cooking/vegetablestew", "op": "add", "path": "/ingredients/2/validStacks/-", "value": {
            "type": "item",
            "code": "wildcraftfruit:nut-macadamiashelled",
            "shapeElement": "bowl/vegetable 3/*"
        },
        "side": "server"
    },
    { "file": "game:recipes/cooking/vegetablestew", "op": "add", "path": "/ingredients/2/validStacks/-", "value": {
            "type": "item",
            "code": "wildcraftfruit:nut-pinenut",
            "shapeElement": "bowl/vegetable 3/*"
        },
        "side": "server"
    },
    { "file": "game:recipes/cooking/vegetablestew", "op": "add", "path": "/ingredients/2/validStacks/-", "value": {
            "type": "item",
            "code": "wildcraftfruit:nut-cherrypit",
            "shapeElement": "bowl/vegetable 3/*"
        },
        "side": "server"
    },
    { "file": "game:recipes/cooking/vegetablestew", "op": "add", "path": "/ingredients/2/validStacks/-", "value": {
            "type": "item",
            "code": "wildcraftfruit:nut-apricotpit",
            "shapeElement": "bowl/vegetable 3/*"
        },
        "side": "server"
    },
    { "file": "game:recipes/cooking/meatystew", "op": "add", "path": "/ingredients/4/validStacks/-", "value": {
            "type": "item",
            "code": "wildcraftfruit:nut-pinenut",
            "shapeElement": "bowl/fruit 1/*"
        },
        "side": "server"
    },
    { "file": "game:recipes/cooking/meatystew", "op": "add", "path": "/ingredients/4/validStacks/-", "value": {
            "type": "item",
            "code": "wildcraftfruit:nut-beachalmond",
            "shapeElement": "bowl/fruit 1/*"
        },
        "side": "server"
    },
    { "file": "game:recipes/cooking/meatystew", "op": "add", "path": "/ingredients/4/validStacks/-", "value": {
            "type": "item",
            "code": "wildcraftfruit:nut-oldmansaltbush",
            "shapeElement": "bowl/fruit 1/*"
        },
        "side": "server"
    },
    { "file": "game:recipes/cooking/meatystew", "op": "add", "path": "/ingredients/4/validStacks/-", "value": {
            "type": "item",
            "code": "wildcraftfruit:nut-bunya",
            "shapeElement": "bowl/fruit 1/*"
        },
        "side": "server"
    },
    { "file": "game:recipes/cooking/meatystew", "op": "add", "path": "/ingredients/4/validStacks/-", "value": {
            "type": "item",
            "code": "wildcraftfruit:nut-pumpkinseed",
            "shapeElement": "bowl/fruit 1/*"
        },
        "side": "server"
    },
    { "file": "game:recipes/cooking/meatystew", "op": "add", "path": "/ingredients/4/validStacks/-", "value": {
            "type": "item",
            "code": "wildcraftfruit:nut-peanutground",
            "shapeElement": "bowl/fruit 1/*"
        },
        "side": "server"
    },
    { "file": "game:recipes/cooking/meatystew", "op": "add", "path": "/ingredients/4/validStacks/-", "value": {
            "type": "item",
            "code": "game:legume-peanut",
            "shapeElement": "bowl/fruit 1/*"
        },
        "side": "server"
    },
    { "file": "game:recipes/cooking/meatystew", "op": "add", "path": "/ingredients/4/validStacks/-", "value": {
            "type": "item",
            "code": "wildcraftfruit:nut-macadamiashelled",
            "shapeElement": "bowl/fruit 1/*"
        },
        "side": "server"
    },
    { "file": "game:recipes/cooking/meatystew", "op": "add", "path": "/ingredients/4/validStacks/-", "value": {
            "type": "item",
            "code": "wildcraftfruit:nut-cashewnut",
            "shapeElement": "bowl/fruit 1/*"
        },
        "side": "server"
    },
    { "file": "game:recipes/cooking/meatystew", "op": "add", "path": "/ingredients/4/validStacks/-", "value": {
            "type": "item",
            "code": "wildcraftfruit:nut-pistachionut",
            "shapeElement": "bowl/fruit 1/*"
        },
        "side": "server"
    },
    { "file": "game:recipes/cooking/meatystew", "op": "add", "path": "/ingredients/4/validStacks/-", "value": {
            "type": "item",
            "code": "wildcraftfruit:nut-pistachioberry",
            "shapeElement": "bowl/fruit 1/*"
        },
        "side": "server"
    },
    { "file": "game:recipes/cooking/meatystew", "op": "add", "path": "/ingredients/4/validStacks/-", "value": {
            "type": "item",
            "code": "wildcraftfruit:nut-acornleached",
            "shapeElement": "bowl/fruit 1/*"
        },
        "side": "server"
    },
    { "file": "game:recipes/cooking/meatystew", "op": "add", "path": "/ingredients/4/validStacks/-", "value": {
            "type": "item",
            "code": "wildcraftfruit:nut-acornshelled",
            "shapeElement": "bowl/fruit 1/*"
        },
        "side": "server"
    },
    { "file": "game:recipes/cooking/meatystew", "op": "add", "path": "/ingredients/4/validStacks/-", "value": {
            "type": "item",
            "code": "wildcraftfruit:nut-hazelnut",
            "shapeElement": "bowl/fruit 1/*"
        },
        "side": "server"
    },
    { "file": "game:recipes/cooking/meatystew", "op": "add", "path": "/ingredients/4/validStacks/-", "value": {
            "type": "item",
            "code": "wildcraftfruit:nut-deserthackberry",
            "shapeElement": "bowl/fruit 1/*"
        },
        "side": "server"
    },
    { "file": "game:recipes/cooking/meatystew", "op": "add", "path": "/ingredients/4/validStacks/-", "value": {
            "type": "item",
            "code": "wildcraftfruit:nut-sugarhackberry",
            "shapeElement": "bowl/fruit 1/*"
        },
        "side": "server"
    },
    { "file": "game:recipes/cooking/meatystew", "op": "add", "path": "/ingredients/4/validStacks/-", "value": {
            "type": "item",
            "code": "wildcraftfruit:nut-commonhackberry",
            "shapeElement": "bowl/fruit 1/*"
        },
        "side": "server"
    },
    { "file": "game:recipes/cooking/meatystew", "op": "add", "path": "/ingredients/4/validStacks/-", "value": {
            "type": "item",
            "code": "wildcraftfruit:nut-hackberrypit",
            "shapeElement": "bowl/fruit 1/*"
        },
        "side": "server"
    },
    { "file": "game:recipes/cooking/meatystew", "op": "add", "path": "/ingredients/4/validStacks/-", "value": {
            "type": "item",
            "code": "wildcraftfruit:nut-almond",
            "shapeElement": "bowl/fruit 1/*"
        },
        "side": "server"
    },
    { "file": "game:recipes/cooking/meatystew", "op": "add", "path": "/ingredients/4/validStacks/-", "value": {
            "type": "item",
            "code": "wildcraftfruit:nut-bluequandong",
            "shapeElement": "bowl/fruit 1/*"
        },
        "side": "server"
    },
    { "file": "game:recipes/cooking/meatystew", "op": "add", "path": "/ingredients/4/validStacks/-", "value": {
            "type": "item",
            "code": "wildcraftfruit:nut-almondground",
            "shapeElement": "bowl/fruit 1/*"
        },
        "side": "server"
    },
    { "file": "game:recipes/cooking/meatystew", "op": "add", "path": "/ingredients/4/validStacks/-", "value": {
            "type": "item",
            "code": "wildcraftfruit:nut-apricotpitground",
            "shapeElement": "bowl/fruit 1/*"
        },
        "side": "server"
    },
    { "file": "game:recipes/cooking/meatystew", "op": "add", "path": "/ingredients/4/validStacks/-", "value": {
            "type": "item",
            "code": "wildcraftfruit:nut-cherrypit",
            "shapeElement": "bowl/fruit 1/*"
        },
        "side": "server"
    },
    { "file": "game:recipes/cooking/meatystew", "op": "add", "path": "/ingredients/4/validStacks/-", "value": {
            "type": "item",
            "code": "wildcraftfruit:nut-apricotpit",
            "shapeElement": "bowl/fruit 1/*"
        },
        "side": "server"
    },
    { "file": "game:recipes/cooking/vegetablestew", "op": "add", "path": "/ingredients/0/validStacks/-", "value": {
            "type": "item",
            "code": "wildcraftfruit:nut-breadnut",
            "shapeElement": "bowl/vegetable 1/*"
        },
        "side": "server"
    },
    { "file": "game:recipes/cooking/vegetablestew", "op": "add", "path": "/ingredients/1/validStacks/-", "value": {
            "type": "item",
            "code": "wildcraftfruit:nut-breadnut",
            "shapeElement": "bowl/vegetable 2/*"
        },
        "side": "server"
    },
    { "file": "game:recipes/cooking/vegetablestew", "op": "add", "path": "/ingredients/2/validStacks/-", "value": {
            "type": "item",
            "code": "wildcraftfruit:nut-breadnut",
            "shapeElement": "bowl/vegetable 3/*"
        },
        "side": "server"
    },
    { "file": "game:recipes/cooking/vegetablestew", "op": "add", "path": "/ingredients/3/validStacks/-", "value": {
            "type": "item",
            "code": "wildcraftfruit:nut-breadnut",
            "shapeElement": "bowl/vegetable 4/*"
        },
        "side": "server"
    },
    { "file": "game:recipes/cooking/meatystew", "op": "add", "path": "/ingredients/4/validStacks/-", "value": {
        "type": "item",
        "code": "wildcraftfruit:nut-breadnut",
        "shapeElement": "bowl/vegetable 1/*"
       },
       "side": "server"
    },
    { "file": "game:recipes/cooking/meatystew", "op": "add", "path": "/ingredients/5/validStacks/-", "value": {
        "type": "item",
        "code": "wildcraftfruit:nut-breadnut",
        "shapeElement": "bowl/vegetable 2/*"
       },
       "side": "server"
    },
    { "file": "game:recipes/cooking/meatystew", "op": "add", "path": "/ingredients/4/validStacks/-", "value": {
        "type": "item",
        "code": "wildcraftfruit:nut-breadnutbaked",
        "shapeElement": "bowl/vegetable 1/*"
       },
       "side": "server"
    },
    { "file": "game:recipes/cooking/meatystew", "op": "add", "path": "/ingredients/5/validStacks/-", "value": {
        "type": "item",
        "code": "wildcraftfruit:nut-breadnutbaked",
        "shapeElement": "bowl/vegetable 2/*"
       },
       "side": "server"
    },
    { "file": "game:recipes/cooking/porridge", "op": "add", "path": "/ingredients/3/validStacks/-", "value": {
            "type": "item",
            "code": "wildcraftfruit:nut-breadnut",
            "shapeElement": "bowl/vegetable 1/*"
        },
        "side": "server"
    },
    { "file": "game:recipes/cooking/porridge", "op": "add", "path": "/ingredients/4/validStacks/-", "value": {
            "type": "item",
            "code": "wildcraftfruit:nut-breadnut",
            "shapeElement": "bowl/vegetable 2/*"
        },
        "side": "server"
    },
    { "file": "game:recipes/cooking/porridge", "op": "add", "path": "/ingredients/3/validStacks/-", "value": {
            "type": "item",
            "code": "wildcraftfruit:nut-breadnutbaked",
            "shapeElement": "bowl/vegetable 1/*"
        },
        "side": "server"
    },
    { "file": "game:recipes/cooking/porridge", "op": "add", "path": "/ingredients/4/validStacks/-", "value": {
            "type": "item",
            "code": "wildcraftfruit:nut-breadnutbaked",
            "shapeElement": "bowl/vegetable 2/*"
        },
        "side": "server"
    },
    { "file": "game:recipes/cooking/scrambledeggs", "op": "add", "path": "/ingredients/3/validStacks/-", "value": {
            "type": "item",
            "code": "wildcraftfruit:nut-breadnut",
            "shapeElement": "bowl/vegetable 1/*"
        },
        "side": "server"
    },
    { "file": "game:recipes/cooking/scrambledeggs", "op": "add", "path": "/ingredients/4/validStacks/-", "value": {
            "type": "item",
            "code": "wildcraftfruit:nut-breadnut",
            "shapeElement": "bowl/vegetable 2/*"
        },
        "side": "server"
    },
    { "file": "game:recipes/cooking/scrambledeggs", "op": "add", "path": "/ingredients/3/validStacks/-", "value": {
            "type": "item",
            "code": "wildcraftfruit:nut-breadnutbaked",
            "shapeElement": "bowl/vegetable 1/*"
        },
        "side": "server"
    },
    { "file": "game:recipes/cooking/scrambledeggs", "op": "add", "path": "/ingredients/4/validStacks/-", "value": {
            "type": "item",
            "code": "wildcraftfruit:nut-breadnutbaked",
            "shapeElement": "bowl/vegetable 2/*"
        },
        "side": "server"
    },
    { "file": "game:recipes/cooking/vegetablestew", "op": "add", "path": "/ingredients/0/validStacks/-", "value": {
            "type": "item",
            "code": "wildcraftfruit:pickledvegetable-*",
            "shapeElement": "bowl/vegetable 1/*"
        },
        "side": "server"
    },
    { "file": "game:recipes/cooking/vegetablestew", "op": "add", "path": "/ingredients/1/validStacks/-", "value": {
            "type": "item",
            "code": "wildcraftfruit:pickledvegetable-*",
            "shapeElement": "bowl/vegetable 2/*"
        },
        "side": "server"
    },
    { "file": "game:recipes/cooking/vegetablestew", "op": "add", "path": "/ingredients/2/validStacks/-", "value": {
            "type": "item",
            "code": "wildcraftfruit:pickledvegetable-*",
            "shapeElement": "bowl/vegetable 3/*"
        },
        "side": "server"
    },
    { "file": "game:recipes/cooking/vegetablestew", "op": "add", "path": "/ingredients/3/validStacks/-", "value": {
            "type": "item",
            "code": "wildcraftfruit:pickledvegetable-*",
            "shapeElement": "bowl/vegetable 4/*"
        },
        "side": "server"
    },
    { "file": "game:recipes/cooking/meatystew", "op": "add", "path": "/ingredients/4/validStacks/-", "value": {
        "type": "item",
        "code": "wildcraftfruit:pickledvegetable-*",
        "shapeElement": "bowl/vegetable 1/*"
       },
       "side": "server"
    },
    { "file": "game:recipes/cooking/meatystew", "op": "add", "path": "/ingredients/5/validStacks/-", "value": {
        "type": "item",
        "code": "wildcraftfruit:pickledvegetable-*",
        "shapeElement": "bowl/vegetable 2/*"
       },
       "side": "server"
    },
    { "file": "game:recipes/cooking/porridge", "op": "add", "path": "/ingredients/3/validStacks/-", "value": {
            "type": "item",
            "code": "wildcraftfruit:pickledvegetable-*",
            "shapeElement": "bowl/vegetable 1/*"
        },
        "side": "server"
    },
    { "file": "game:recipes/cooking/soup", "op": "add", "path": "/ingredients/2/validStacks/-", "value": {
            "type": "item",
            "code": "wildcraftfruit:pickledvegetable-*",
            "shapeElement": "bowl/vegetable 2/*"
        },
        "side": "server"
    },
    { "file": "game:recipes/cooking/scrambledeggs", "op": "add", "path": "/ingredients/3/validStacks/-", "value": {
            "type": "item",
            "code": "wildcraftfruit:pickledvegetable-*",
            "shapeElement": "bowl/vegetable 1/*"
        },
        "side": "server"
    },
    { "file": "game:recipes/cooking/scrambledeggs", "op": "add", "path": "/ingredients/4/validStacks/-", "value": {
            "type": "item",
            "code": "wildcraftfruit:pickledvegetable-*",
            "shapeElement": "bowl/vegetable 2/*"
        },
        "side": "server"
    },
    { "file": "game:recipes/cooking/jam", "op": "add", "path": "/ingredients/1/validStacks/-", "value": {
            "type": "item",
            "code": "wildcraftfruit:flower-elder",
            "shapeElement": "bowl/fruit"
        },
        "side": "server"
    },
    { "file": "game:recipes/cooking/jam", "op": "add", "path": "/ingredients/1/validStacks/-", "value": {
            "type": "item",
            "code": "wildcraftfruit:flower-currant",
            "shapeElement": "bowl/fruit"
        },
        "side": "server"
    },
    { "file": "game:recipes/cooking/jam", "op": "add", "path": "/ingredients/1/validStacks/-", "value": {
            "type": "item",
            "code": "wildcraftfruit:flower-rose",
            "shapeElement": "bowl/fruit"
        },
        "side": "server"
    },
    { "file": "game:recipes/cooking/jam", "op": "add", "path": "/ingredients/1/validStacks/-", "value": {
            "type": "item",
            "code": "wildcraftfruit:flower-hibiscus",
            "shapeElement": "bowl/fruit"
        },
        "side": "server"
    },
    { "file": "game:recipes/cooking/jam", "op": "add", "path": "/ingredients/1/validStacks/-", "value": {
            "type": "item",
            "code": "wildcraftfruit:flower-honeysuckle",
            "shapeElement": "bowl/fruit"
        },
        "side": "server"
    },
    { "file": "game:recipes/cooking/jam", "op": "add", "path": "/ingredients/1/validStacks/-", "value": {
            "type": "item",
            "code": "wildcraftfruit:flower-feijoa",
            "shapeElement": "bowl/fruit"
        },
        "side": "server"
    },
    { "file": "game:recipes/cooking/porridge", "op": "add", "path": "/ingredients/1/validStacks/-", "value": {
            "type": "item",
            "code": "wildcraftfruit:flower-rose",
            "shapeElement": "bowl/fruit 1/*"
        },
        "side": "server"
    },
    { "file": "game:recipes/cooking/porridge", "op": "add", "path": "/ingredients/2/validStacks/-", "value": {
            "type": "item",
            "code": "wildcraftfruit:flower-rose",
            "shapeElement": "bowl/fruit 2/*"
        },
        "side": "server"
    },
    { "file": "game:recipes/cooking/porridge", "op": "add", "path": "/ingredients/1/validStacks/-", "value": {
            "type": "item",
            "code": "wildcraftfruit:flower-feijoa",
            "shapeElement": "bowl/fruit 1/*"
        },
        "side": "server"
    },
    { "file": "game:recipes/cooking/porridge", "op": "add", "path": "/ingredients/2/validStacks/-", "value": {
            "type": "item",
            "code": "wildcraftfruit:flower-feijoa",
            "shapeElement": "bowl/fruit 2/*"
        },
        "side": "server"
    },
    { "file": "game:recipes/cooking/porridge", "op": "add", "path": "/ingredients/1/validStacks/-", "value": {
            "type": "item",
            "code": "wildcraftfruit:flower-elder",
            "shapeElement": "bowl/fruit 1/*"
        },
        "side": "server"
    },
    { "file": "game:recipes/cooking/porridge", "op": "add", "path": "/ingredients/2/validStacks/-", "value": {
            "type": "item",
            "code": "wildcraftfruit:flower-elder",
            "shapeElement": "bowl/fruit 2/*"
        },
        "side": "server"
    },
    { "file": "game:recipes/cooking/porridge", "op": "add", "path": "/ingredients/1/validStacks/-", "value": {
            "type": "item",
            "code": "wildcraftfruit:flower-honeysuckle",
            "shapeElement": "bowl/fruit 1/*"
        },
        "side": "server"
    },
    { "file": "game:recipes/cooking/porridge", "op": "add", "path": "/ingredients/2/validStacks/-", "value": {
            "type": "item",
            "code": "wildcraftfruit:flower-honeysuckle",
            "shapeElement": "bowl/fruit 2/*"
        },
        "side": "server"
    },
    { "file": "game:recipes/cooking/porridge", "op": "add", "path": "/ingredients/1/validStacks/-", "value": {
            "type": "item",
            "code": "wildcraftfruit:flower-currant",
            "shapeElement": "bowl/fruit 1/*"
        },
        "side": "server"
    },
    { "file": "game:recipes/cooking/porridge", "op": "add", "path": "/ingredients/2/validStacks/-", "value": {
            "type": "item",
            "code": "wildcraftfruit:flower-currant",
            "shapeElement": "bowl/fruit 2/*"
        },
        "side": "server"
    },
    { "file": "game:recipes/cooking/porridge", "op": "add", "path": "/ingredients/1/validStacks/-", "value": {
            "type": "item",
            "code": "wildcraftfruit:flower-hibiscus",
            "shapeElement": "bowl/fruit 1/*"
        },
        "side": "server"
    },
    { "file": "game:recipes/cooking/porridge", "op": "add", "path": "/ingredients/2/validStacks/-", "value": {
            "type": "item",
            "code": "wildcraftfruit:flower-hibiscus",
            "shapeElement": "bowl/fruit 2/*"
        },
        "side": "server"
    },
    { "file": "game:recipes/cooking/porridge", "op": "add", "path": "/ingredients/1/validStacks/-", "value": {
            "type": "item",
            "code": "wildcraftfruit:flower-honeypots",
            "shapeElement": "bowl/fruit 1/*"
        },
        "side": "server"
    },
    { "file": "game:recipes/cooking/porridge", "op": "add", "path": "/ingredients/2/validStacks/-", "value": {
            "type": "item",
            "code": "wildcraftfruit:flower-honeypots",
            "shapeElement": "bowl/fruit 2/*"
        },
        "side": "server"
    },
    { "file": "game:recipes/cooking/porridge", "op": "add", "path": "/ingredients/1/validStacks/-", "value": {
            "type": "item",
            "code": "wildcraftfruit:flower-caper",
            "shapeElement": "bowl/fruit 1/*"
        },
        "side": "server"
    },
    { "file": "game:recipes/cooking/porridge", "op": "add", "path": "/ingredients/2/validStacks/-", "value": {
            "type": "item",
            "code": "wildcraftfruit:flower-caper",
            "shapeElement": "bowl/fruit 2/*"
        },
        "side": "server"
    },
    { "file": "game:recipes/cooking/meatystew", "op": "add", "path": "/ingredients/1/validStacks/-", "value": {
        "type": "item",
        "code": "wildcraftfruit:flower-rose",
        "shapeElement": "bowl/fruit 1/*"
       },
       "side": "server"
    },
    { "file": "game:recipes/cooking/meatystew", "op": "add", "path": "/ingredients/1/validStacks/-", "value": {
        "type": "item",
        "code": "wildcraftfruit:flower-hibiscus",
        "shapeElement": "bowl/fruit 1/*"
       },
       "side": "server"
    },
    { "file": "game:recipes/cooking/meatystew", "op": "add", "path": "/ingredients/1/validStacks/-", "value": {
        "type": "item",
        "code": "wildcraftfruit:flower-feijoa",
        "shapeElement": "bowl/fruit 1/*"
       },
       "side": "server"
    },
    { "file": "game:recipes/cooking/meatystew", "op": "add", "path": "/ingredients/1/validStacks/-", "value": {
        "type": "item",
        "code": "wildcraftfruit:flower-currant",
        "shapeElement": "bowl/fruit 1/*"
       },
       "side": "server"
    },
    { "file": "game:recipes/cooking/meatystew", "op": "add", "path": "/ingredients/1/validStacks/-", "value": {
        "type": "item",
        "code": "wildcraftfruit:flower-elder",
        "shapeElement": "bowl/fruit 1/*"
       },
       "side": "server"
    },
    { "file": "game:recipes/cooking/meatystew", "op": "add", "path": "/ingredients/1/validStacks/-", "value": {
        "type": "item",
        "code": "wildcraftfruit:flower-honeysuckle",
        "shapeElement": "bowl/fruit 1/*"
       },
       "side": "server"
    },
    { "file": "game:recipes/cooking/meatystew", "op": "add", "path": "/ingredients/1/validStacks/-", "value": {
        "type": "item",
        "code": "wildcraftfruit:flower-honeypots",
        "shapeElement": "bowl/fruit 1/*"
       },
       "side": "server"
    },
    { "file": "game:recipes/cooking/meatystew", "op": "add", "path": "/ingredients/1/validStacks/-", "value": {
        "type": "item",
        "code": "wildcraftfruit:flower-caper",
        "shapeElement": "bowl/fruit 1/*"
       },
       "side": "server"
    },
]