[
{
    "op": "add",
    "path": "/attributesByType/claypot-cooked/textureMapping/fruit-bunchberry",
    "value": [
      "fruit",
      "fruit-bunchberry"
    ],
    "file": "game:blocktypes/clay/pot.json"
},
{
    "op": "add",
    "path": "/texturesByType/*/fruit-bunchberry",
    "value": {
      "base": "wildcraftfruit:block/food/pie/fill-bunchberry"
    },
    "file": "game:blocktypes/clay/pot.json"
},
{
    "op": "add",
    "path": "/attributesByType/claypot-cooked/textureMapping/fruit-crowberry",
    "value": [
      "fruit",
      "fruit-crowberry"
    ],
    "file": "game:blocktypes/clay/pot.json"
},
{
    "op": "add",
    "path": "/texturesByType/*/fruit-crowberry",
    "value": {
      "base": "wildcraftfruit:block/food/pie/fill-crowberry"
    },
    "file": "game:blocktypes/clay/pot.json"
},
{
    "op": "add",
    "path": "/attributesByType/claypot-cooked/textureMapping/fruit-huckleberry",
    "value": [
      "fruit",
      "group24"
    ],
    "file": "game:blocktypes/clay/pot.json",
    "side": "server"
},
{
    "op": "add",
    "path": "/texturesByType/*/group24",
    "value": {
      "base": "wildcraftfruit:block/food/meal/group24-huckleberry"
    },
    "file": "game:blocktypes/clay/pot.json",
    "side": "server"
},
{
    "op": "add",
    "path": "/attributesByType/claypot-cooked/textureMapping/fruit-snowberry",
    "value": [
      "fruit",
      "group17"
    ],
    "file": "game:blocktypes/clay/pot.json",
    "side": "server"
},
{
    "op": "add",
    "path": "/texturesByType/*/group17",
    "value": {
      "base": "wildcraftfruit:block/food/meal/group17-snowberry"
    },
    "file": "game:blocktypes/clay/pot.json",
    "side": "server"
},
{
    "op": "add",
    "path": "/attributesByType/claypot-cooked/textureMapping/fruit-honeysuckle",
    "value": [
      "fruit",
      "group22"
    ],
    "file": "game:blocktypes/clay/pot.json",
    "side": "server"
},
{
    "op": "add",
    "path": "/texturesByType/*/group22",
    "value": {
      "base": "wildcraftfruit:block/food/meal/group22-honeysuckle"
    },
    "file": "game:blocktypes/clay/pot.json",
    "side": "server"
},
{
    "op": "add",
    "path": "/attributesByType/claypot-cooked/textureMapping/fruit-elderberry",
    "value": [
      "fruit",
      "group16"
    ],
    "file": "game:blocktypes/clay/pot.json",
    "side": "server"
},
{
    "op": "add",
    "path": "/texturesByType/*/group16",
    "value": {
      "base": "wildcraftfruit:block/food/meal/group16-elderberry"
    },
    "file": "game:blocktypes/clay/pot.json",
    "side": "server"
},
{
    "op": "add",
    "path": "/attributesByType/claypot-cooked/textureMapping/fruit-husktomato",
    "value": [
      "fruit",
      "fruit-husktomato"
    ],
    "file": "game:blocktypes/clay/pot.json"
},
{
    "op": "add",
    "path": "/texturesByType/*/fruit-husktomato",
    "value": {
      "base": "wildcraftfruit:block/food/pie/fill-husktomato"
    },
    "file": "game:blocktypes/clay/pot.json"
},
{
    "op": "add",
    "path": "/attributesByType/claypot-cooked/textureMapping/fruit-gooseberry",
    "value": [
      "fruit",
      "group23"
    ],
    "file": "game:blocktypes/clay/pot.json",
    "side": "server"
},
{
    "op": "add",
    "path": "/texturesByType/*/group23",
    "value": {
      "base": "wildcraftfruit:block/food/pie/fill-gooseberry"
    },
    "file": "game:blocktypes/clay/pot.json",
    "side": "server"
},
{
    "op": "add",
    "path": "/attributesByType/claypot-cooked/textureMapping/fruit-hawthorn",
    "value": [
      "fruit",
      "fruit-hawthorn"
    ],
    "file": "game:blocktypes/clay/pot.json"
},
{
    "op": "add",
    "path": "/texturesByType/*/fruit-hawthorn",
    "value": {
      "base": "wildcraftfruit:block/food/pie/fill-hawthorn"
    },
    "file": "game:blocktypes/clay/pot.json"
},
{
    "op": "add",
    "path": "/attributesByType/claypot-cooked/textureMapping/fruit-dogrose",
    "value": [
      "fruit",
      "group20"
    ],
    "file": "game:blocktypes/clay/pot.json",
    "side": "server"
},
{
    "op": "add",
    "path": "/texturesByType/*/group20",
    "value": {
      "base": "wildcraftfruit:block/food/meal/group20-dogrose"
    },
    "file": "game:blocktypes/clay/pot.json",
    "side": "server"
},
{
    "op": "add",
    "path": "/attributesByType/claypot-cooked/textureMapping/fruit-quince",
    "value": [
      "fruit",
      "fruit-quince"
    ],
    "file": "game:blocktypes/clay/pot.json"
},
{
    "op": "add",
    "path": "/texturesByType/*/fruit-quince",
    "value": {
      "base": "wildcraftfruit:block/food/pie/fill-quince"
    },
    "file": "game:blocktypes/clay/pot.json"
},
{
    "op": "add",
    "path": "/attributesByType/claypot-cooked/textureMapping/fruit-apricot",
    "value": [
      "fruit",
      "fruit-apricot"
    ],
    "file": "game:blocktypes/clay/pot.json"
},
{
    "op": "add",
    "path": "/texturesByType/*/fruit-apricot",
    "value": {
      "base": "wildcraftfruit:block/food/pie/fill-apricot"
    },
    "file": "game:blocktypes/clay/pot.json"
},
{
    "op": "add",
    "path": "/attributesByType/claypot-cooked/textureMapping/fruit-purpleplum",
    "value": [
      "fruit",
      "fruit-purpleplum"
    ],
    "file": "game:blocktypes/clay/pot.json"
},
{
    "op": "add",
    "path": "/texturesByType/*/fruit-purpleplum",
    "value": {
      "base": "wildcraftfruit:block/food/pie/fill-purpleplum"
    },
    "file": "game:blocktypes/clay/pot.json"
},
{
    "op": "add",
    "path": "/attributesByType/claypot-cooked/textureMapping/fruit-cherryplum",
    "value": [
      "fruit",
      "fruit-cherryplum"
    ],
    "file": "game:blocktypes/clay/pot.json"
},
{
    "op": "add",
    "path": "/texturesByType/*/fruit-cherryplum",
    "value": {
      "base": "wildcraftfruit:block/food/pie/fill-cherryplum"
    },
    "file": "game:blocktypes/clay/pot.json"
},
{
    "op": "add",
    "path": "/attributesByType/claypot-cooked/textureMapping/nut-almond",
    "value": [
      "fruit",
      "nut-almond"
    ],
    "file": "game:blocktypes/clay/pot.json",
},
{
    "op": "add",
    "path": "/texturesByType/*/nut-almond",
    "value": {
      "base": "wildcraftfruit:block/food/pie/fill-almond"
    },
    "file": "game:blocktypes/clay/pot.json"
},
{
    "op": "add",
    "path": "/attributesByType/claypot-cooked/textureMapping/fruit-strawberry",
    "value": [
      "fruit",
      "fruit-strawberry"
    ],
    "file": "game:blocktypes/clay/pot.json",
    "side": "server"
},
{
    "op": "add",
    "path": "/texturesByType/*/fruit-strawberry",
    "value": {
      "base": "wildcraftfruit:block/food/pie/fill-strawberry"
    },
    "file": "game:blocktypes/clay/pot.json",
    "side": "server"
},
{
    "op": "add",
    "path": "/attributesByType/claypot-cooked/textureMapping/fruit-blueraspberry",
    "value": [
      "fruit",
      "group26"
    ],
    "file": "game:blocktypes/clay/pot.json",
    "side": "server"
},
{
    "op": "add",
    "path": "/texturesByType/*/group26",
    "value": {
      "base": "wildcraftfruit:block/food/meal/group26-blueraspberry"
    },
    "file": "game:blocktypes/clay/pot.json",
    "side": "server"
},
{
    "op": "add",
    "path": "/attributesByType/claypot-cooked/textureMapping/fruit-brambleberry",
    "value": [
      "fruit",
      "group21"
    ],
    "file": "game:blocktypes/clay/pot.json",
    "side": "server"
},
{
    "op": "add",
    "path": "/texturesByType/*/group21",
    "value": {
      "base": "wildcraftfruit:block/food/meal/group21-brambleberry"
    },
    "file": "game:blocktypes/clay/pot.json",
    "side": "server"
},
{
    "op": "add",
    "path": "/attributesByType/claypot-cooked/textureMapping/fruit-raspberry",
    "value": [
      "fruit",
      "group19"
    ],
    "file": "game:blocktypes/clay/pot.json",
    "side": "server"
},
{
    "op": "add",
    "path": "/texturesByType/*/group19",
    "value": {
      "base": "wildcraftfruit:block/food/meal/group19-raspberry"
    },
    "file": "game:blocktypes/clay/pot.json",
    "side": "server"
},
{
    "op": "add",
    "path": "/attributesByType/claypot-cooked/textureMapping/fruit-cloudberry",
    "value": [
      "fruit",
      "group18"
    ],
    "file": "game:blocktypes/clay/pot.json",
    "side": "server"
},
{
    "op": "add",
    "path": "/texturesByType/*/group18",
    "value": {
      "base": "wildcraftfruit:block/food/meal/group18-cloudberry"
    },
    "file": "game:blocktypes/clay/pot.json",
    "side": "server"
},
{
    "op": "add",
    "path": "/attributesByType/claypot-cooked/textureMapping/fruit-sallowthorn",
    "value": [
      "fruit",
      "fruit-sallowthorn"
    ],
    "file": "game:blocktypes/clay/pot.json"
},
{
    "op": "add",
    "path": "/texturesByType/*/fruit-sallowthorn",
    "value": {
      "base": "wildcraftfruit:block/food/pie/fill-sallowthorn"
    },
    "file": "game:blocktypes/clay/pot.json"
},
{
    "op": "add",
    "path": "/attributesByType/claypot-cooked/textureMapping/fruit-jujube",
    "value": [
      "fruit",
      "fruit-jujube"
    ],
    "file": "game:blocktypes/clay/pot.json"
},
{
    "op": "add",
    "path": "/texturesByType/*/fruit-jujube",
    "value": {
      "base": "wildcraftfruit:block/food/pie/fill-jujube"
    },
    "file": "game:blocktypes/clay/pot.json"
},
{
    "op": "add",
    "path": "/attributesByType/claypot-cooked/textureMapping/fruit-fig",
    "value": [
      "fruit",
      "fruit-fig"
    ],
    "file": "game:blocktypes/clay/pot.json"
},
{
    "op": "add",
    "path": "/texturesByType/*/fruit-fig",
    "value": {
      "base": "wildcraftfruit:block/food/pie/fill-fig"
    },
    "file": "game:blocktypes/clay/pot.json"
},
{
    "op": "add",
    "path": "/attributesByType/claypot-cooked/textureMapping/fruit-falseorange",
    "value": [
      "fruit",
      "fruit-falseorange"
    ],
    "file": "game:blocktypes/clay/pot.json"
},
{
    "op": "add",
    "path": "/texturesByType/*/fruit-falseorange",
    "value": {
      "base": "wildcraftfruit:block/food/pie/fill-falseorange"
    },
    "file": "game:blocktypes/clay/pot.json"
},
{
    "op": "add",
    "path": "/attributesByType/claypot-cooked/textureMapping/nut-commonhackberry",
    "value": [
      "fruit",
      "nut-commonhackberry"
    ],
    "file": "game:blocktypes/clay/pot.json"
},
{
    "op": "add",
    "path": "/texturesByType/*/nut-commonhackberry",
    "value": {
      "base": "wildcraftfruit:block/food/pie/fill-commonhackberry"
    },
    "file": "game:blocktypes/clay/pot.json"
},
{
    "op": "add",
    "path": "/attributesByType/claypot-cooked/textureMapping/nut-sugarhackberry",
    "value": [
      "fruit",
      "nut-sugarhackberry"
    ],
    "file": "game:blocktypes/clay/pot.json"
},
{
    "op": "add",
    "path": "/texturesByType/*/nut-sugarhackberry",
    "value": {
      "base": "wildcraftfruit:block/food/pie/fill-sugarhackberry"
    },
    "file": "game:blocktypes/clay/pot.json"
},
{
    "op": "add",
    "path": "/attributesByType/claypot-cooked/textureMapping/nut-deserthackberry",
    "value": [
      "fruit",
      "nut-deserthackberry"
    ],
    "file": "game:blocktypes/clay/pot.json"
},
{
    "op": "add",
    "path": "/texturesByType/*/nut-deserthackberry",
    "value": {
      "base": "wildcraftfruit:block/food/pie/fill-deserthackberry"
    },
    "file": "game:blocktypes/clay/pot.json"
},
{
    "op": "add",
    "path": "/attributesByType/claypot-cooked/textureMapping/nut-hackberrypit",
    "value": [
      "fruit",
      "nut-hackberrypit"
    ],
    "file": "game:blocktypes/clay/pot.json"
},
{
    "op": "add",
    "path": "/texturesByType/*/nut-hackberrypit",
    "value": {
      "base": "wildcraftfruit:block/food/pie/fill-hackberrypit"
    },
    "file": "game:blocktypes/clay/pot.json"
},
{
    "op": "add",
    "path": "/attributesByType/claypot-cooked/textureMapping/nut-hazelnut",
    "value": [
      "fruit",
      "nut-hazelnut"
    ],
    "file": "game:blocktypes/clay/pot.json"
},
{
    "op": "add",
    "path": "/texturesByType/*/nut-hazelnut",
    "value": {
      "base": "wildcraftfruit:block/food/pie/fill-hazelnut"
    },
    "file": "game:blocktypes/clay/pot.json"
},
{
    "op": "add",
    "path": "/attributesByType/claypot-cooked/textureMapping/nut-chestnut",
    "value": [
      "vegetable",
      "nut-chestnut"
    ],
    "file": "game:blocktypes/clay/pot.json",
},
{
    "op": "add",
    "path": "/texturesByType/*/nut-chestnut",
    "value": {
      "base": "wildcraftfruit:block/food/pie/fill-chestnut"
    },
    "file": "game:blocktypes/clay/pot.json"
},
{
    "op": "add",
    "path": "/attributesByType/claypot-cooked/textureMapping/nut-chestnutbaked",
    "value": [
      "vegetable",
      "nut-chestnutbaked"
    ],
    "file": "game:blocktypes/clay/pot.json",
},
{
    "op": "add",
    "path": "/texturesByType/*/nut-chestnutbaked",
    "value": {
      "base": "wildcraftfruit:block/food/pie/fill-chestnut"
    },
    "file": "game:blocktypes/clay/pot.json"
},
{
    "op": "add",
    "path": "/attributesByType/claypot-cooked/textureMapping/fruit-spindle",
    "value": [
      "fruit",
      "fruit-spindle"
    ],
    "file": "game:blocktypes/clay/pot.json"
},
{
    "op": "add",
    "path": "/texturesByType/*/fruit-spindle",
    "value": {
      "base": "wildcraftfruit:block/food/pie/fill-spindle"
    },
    "file": "game:blocktypes/clay/pot.json"
},
{
    "op": "add",
    "path": "/attributesByType/claypot-cooked/textureMapping/fruit-feijoa",
    "value": [
      "fruit",
      "fruit-feijoa"
    ],
    "file": "game:blocktypes/clay/pot.json"
},
{
    "op": "add",
    "path": "/texturesByType/*/fruit-feijoa",
    "value": {
      "base": "wildcraftfruit:block/food/pie/fill-feijoa"
    },
    "file": "game:blocktypes/clay/pot.json"
},
{
    "op": "add",
    "path": "/attributesByType/claypot-cooked/textureMapping/fruit-cocoa",
    "value": [
      "fruit",
      "fruit-cocoa"
    ],
    "file": "game:blocktypes/clay/pot.json"
},
{
    "op": "add",
    "path": "/texturesByType/*/fruit-cocoa",
    "value": {
      "base": "wildcraftfruit:block/food/pie/fill-cocoa"
    },
    "file": "game:blocktypes/clay/pot.json"
},
{
    "op": "add",
    "path": "/attributesByType/claypot-cooked/textureMapping/fruit-wolfberry",
    "value": [
      "fruit",
      "fruit-wolfberry"
    ],
    "file": "game:blocktypes/clay/pot.json"
},
{
    "op": "add",
    "path": "/texturesByType/*/fruit-wolfberry",
    "value": {
      "base": "wildcraftfruit:block/food/pie/fill-wolfberry"
    },
    "file": "game:blocktypes/clay/pot.json"
},
{
    "op": "add",
    "path": "/attributesByType/claypot-cooked/textureMapping/fruit-citron",
    "value": [
      "fruit",
      "fruit-citron"
    ],
    "file": "game:blocktypes/clay/pot.json"
},
{
    "op": "add",
    "path": "/texturesByType/*/fruit-citron",
    "value": {
      "base": "wildcraftfruit:block/food/pie/fill-citron"
    },
    "file": "game:blocktypes/clay/pot.json"
},
{
    "op": "add",
    "path": "/attributesByType/claypot-cooked/textureMapping/fruit-pomelo",
    "value": [
      "fruit",
      "fruit-pomelo"
    ],
    "file": "game:blocktypes/clay/pot.json"
},
{
    "op": "add",
    "path": "/texturesByType/*/fruit-pomelo",
    "value": {
      "base": "wildcraftfruit:block/food/pie/fill-pomelo"
    },
    "file": "game:blocktypes/clay/pot.json"
},
{
    "op": "add",
    "path": "/attributesByType/claypot-cooked/textureMapping/fruit-cashewapple",
    "value": [
      "fruit",
      "fruit-cashewapple"
    ],
    "file": "game:blocktypes/clay/pot.json"
},
{
    "op": "add",
    "path": "/texturesByType/*/fruit-cashewapple",
    "value": {
      "base": "wildcraftfruit:block/food/pie/fill-cashewapple"
    },
    "file": "game:blocktypes/clay/pot.json"
},
{
    "op": "add",
    "path": "/attributesByType/claypot-cooked/textureMapping/nut-cashewnut",
    "value": [
      "fruit",
      "nut-cashewnut"
    ],
    "file": "game:blocktypes/clay/pot.json"
},
{
    "op": "add",
    "path": "/texturesByType/*/nut-cashewnut",
    "value": {
      "base": "wildcraftfruit:block/food/pie/fill-cashewnut"
    },
    "file": "game:blocktypes/clay/pot.json"
},
{
    "op": "add",
    "path": "/attributesByType/claypot-cooked/textureMapping/fruit-beautyberry",
    "value": [
      "fruit",
      "fruit-beautyberry"
    ],
    "file": "game:blocktypes/clay/pot.json"
},
{
    "op": "add",
    "path": "/texturesByType/*/fruit-beautyberry",
    "value": {
      "base": "wildcraftfruit:block/food/pie/fill-beautyberry"
    },
    "file": "game:blocktypes/clay/pot.json"
},
{
    "op": "add",
    "path": "/attributesByType/claypot-cooked/textureMapping/fruit-kumquat",
    "value": [
      "fruit",
      "fruit-kumquat"
    ],
    "file": "game:blocktypes/clay/pot.json"
},
{
    "op": "add",
    "path": "/texturesByType/*/fruit-kumquat",
    "value": {
      "base": "wildcraftfruit:block/food/pie/fill-kumquat"
    },
    "file": "game:blocktypes/clay/pot.json"
},
{
    "op": "add",
    "path": "/attributesByType/claypot-cooked/textureMapping/fruit-lingonberry",
    "value": [
      "fruit",
      "fruit-lingonberry"
    ],
    "file": "game:blocktypes/clay/pot.json"
},
{
    "op": "add",
    "path": "/texturesByType/*/fruit-lingonberry",
    "value": {
      "base": "wildcraftfruit:block/food/pie/fill-lingonberry"
    },
    "file": "game:blocktypes/clay/pot.json"
},
{
    "op": "add",
    "path": "/attributesByType/claypot-cooked/textureMapping/fruit-knyazberry",
    "value": [
      "fruit",
      "fruit-knyazberry"
    ],
    "file": "game:blocktypes/clay/pot.json"
},
{
    "op": "add",
    "path": "/texturesByType/*/fruit-knyazberry",
    "value": {
      "base": "wildcraftfruit:block/food/pie/fill-knyazberry"
    },
    "file": "game:blocktypes/clay/pot.json"
},
{
    "op": "add",
    "path": "/attributesByType/claypot-cooked/textureMapping/fruit-fractureberry",
    "value": [
      "fruit",
      "fruit-fractureberry"
    ],
    "file": "game:blocktypes/clay/pot.json"
},
{
    "op": "add",
    "path": "/texturesByType/*/fruit-fractureberry",
    "value": {
      "base": "wildcraftfruit:block/food/pie/fill-fractureberry"
    },
    "file": "game:blocktypes/clay/pot.json"
},
{
    "op": "add",
    "path": "/attributesByType/claypot-cooked/textureMapping/fruit-pokeberry",
    "value": [
      "fruit",
      "fruit-pokeberry"
    ],
    "file": "game:blocktypes/clay/pot.json"
},
{
    "op": "add",
    "path": "/texturesByType/*/fruit-pokeberry",
    "value": {
      "base": "wildcraftfruit:block/food/pie/fill-pokeberry"
    },
    "file": "game:blocktypes/clay/pot.json"
},
{
    "op": "add",
    "path": "/attributesByType/claypot-cooked/textureMapping/fruit-loquat",
    "value": [
      "fruit",
      "fruit-loquat"
    ],
    "file": "game:blocktypes/clay/pot.json"
},
{
    "op": "add",
    "path": "/texturesByType/*/fruit-loquat",
    "value": {
      "base": "wildcraftfruit:block/food/pie/fill-loquat"
    },
    "file": "game:blocktypes/clay/pot.json"
},
{
    "op": "add",
    "path": "/attributesByType/claypot-cooked/textureMapping/fruit-guajava",
    "value": [
      "fruit",
      "fruit-guajava"
    ],
    "file": "game:blocktypes/clay/pot.json"
},
{
    "op": "add",
    "path": "/texturesByType/*/fruit-guajava",
    "value": {
      "base": "wildcraftfruit:block/food/pie/fill-guajava"
    },
    "file": "game:blocktypes/clay/pot.json"
},
{
    "op": "add",
    "path": "/attributesByType/claypot-cooked/textureMapping/fruit-turkscap",
    "value": [
      "fruit",
      "fruit-turkscap"
    ],
    "file": "game:blocktypes/clay/pot.json"
},
{
    "op": "add",
    "path": "/texturesByType/*/fruit-turkscap",
    "value": {
      "base": "wildcraftfruit:block/food/pie/fill-turkscap"
    },
    "file": "game:blocktypes/clay/pot.json"
},
{
    "op": "add",
    "path": "/attributesByType/claypot-cooked/textureMapping/nut-sumac",
    "value": [
      "fruit",
      "nut-sumac"
    ],
    "file": "game:blocktypes/clay/pot.json"
},
{
    "op": "add",
    "path": "/texturesByType/*/nut-sumac",
    "value": {
      "base": "wildcraftfruit:block/food/pie/fill-sumac"
    },
    "file": "game:blocktypes/clay/pot.json"
},
{
    "op": "add",
    "path": "/attributesByType/claypot-cooked/textureMapping/fruit-ugni",
    "value": [
      "fruit",
      "fruit-ugni"
    ],
    "file": "game:blocktypes/clay/pot.json"
},
{
    "op": "add",
    "path": "/texturesByType/*/fruit-ugni",
    "value": {
      "base": "wildcraftfruit:block/food/pie/fill-ugni"
    },
    "file": "game:blocktypes/clay/pot.json"
},
{
    "op": "add",
    "path": "/attributesByType/claypot-cooked/textureMapping/nut-juniper",
    "value": [
      "fruit",
      "nut-juniper"
    ],
    "file": "game:blocktypes/clay/pot.json"
},
{
    "op": "add",
    "path": "/texturesByType/*/nut-juniper",
    "value": {
      "base": "wildcraftfruit:block/food/pie/fill-juniper"
    },
    "file": "game:blocktypes/clay/pot.json"
},
{
    "op": "add",
    "path": "/attributesByType/claypot-cooked/textureMapping/nut-macadamiashelled",
    "value": [
      "fruit",
      "nut-macadamiashelled"
    ],
    "file": "game:blocktypes/clay/pot.json"
},
{
    "op": "add",
    "path": "/texturesByType/*/nut-macadamiashelled",
    "value": {
      "base": "wildcraftfruit:block/food/pie/fill-macadamiashelled"
    },
    "file": "game:blocktypes/clay/pot.json"
},
{
    "op": "add",
    "path": "/attributesByType/claypot-cooked/textureMapping/nut-pinenut",
    "value": [
      "fruit",
      "nut-pinenut"
    ],
    "file": "game:blocktypes/clay/pot.json"
},
{
    "op": "add",
    "path": "/texturesByType/*/nut-pinenut",
    "value": {
      "base": "wildcraftfruit:block/food/pie/fill-pinenut"
    },
    "file": "game:blocktypes/clay/pot.json"
},
{
    "op": "add",
    "path": "/attributesByType/claypot-cooked/textureMapping/fruit-foxgrape",
    "value": [
      "fruit",
      "fruit-foxgrape"
    ],
    "file": "game:blocktypes/clay/pot.json"
},
{
    "op": "add",
    "path": "/texturesByType/*/fruit-foxgrape",
    "value": {
      "base": "wildcraftfruit:block/food/pie/fill-foxgrape"
    },
    "file": "game:blocktypes/clay/pot.json"
},
{
    "op": "add",
    "path": "/attributesByType/claypot-cooked/textureMapping/fruit-redgrape",
    "value": [
      "fruit",
      "fruit-redgrape"
    ],
    "file": "game:blocktypes/clay/pot.json"
},
{
    "op": "add",
    "path": "/texturesByType/*/fruit-redgrape",
    "value": {
      "base": "wildcraftfruit:block/food/pie/fill-redgrape"
    },
    "file": "game:blocktypes/clay/pot.json"
},
{
    "op": "add",
    "path": "/attributesByType/claypot-cooked/textureMapping/fruit-whitegrape",
    "value": [
      "fruit",
      "fruit-whitegrape"
    ],
    "file": "game:blocktypes/clay/pot.json"
},
{
    "op": "add",
    "path": "/texturesByType/*/fruit-whitegrape",
    "value": {
      "base": "wildcraftfruit:block/food/pie/fill-whitegrape"
    },
    "file": "game:blocktypes/clay/pot.json"
},
{
    "op": "add",
    "path": "/attributesByType/claypot-cooked/textureMapping/fruit-virgingrape",
    "value": [
      "fruit",
      "fruit-virgingrape"
    ],
    "file": "game:blocktypes/clay/pot.json"
},
{
    "op": "add",
    "path": "/texturesByType/*/fruit-virgingrape",
    "value": {
      "base": "wildcraftfruit:block/food/pie/fill-virgingrape"
    },
    "file": "game:blocktypes/clay/pot.json"
},
{
    "op": "add",
    "path": "/attributesByType/claypot-cooked/textureMapping/nut-chocolate",
    "value": [
      "topping",
      "nut-chocolate"
    ],
    "file": "game:blocktypes/clay/pot.json"
},
{
    "op": "add",
    "path": "/texturesByType/*/nut-chocolate",
    "value": {
      "base": "wildcraftfruit:block/food/pie/fill-chocolate"
    },
    "file": "game:blocktypes/clay/pot.json"
},
{
    "op": "add",
    "path": "/attributesByType/claypot-cooked/textureMapping/fruit-crowseye",
    "value": [
      "fruit",
      "fruit-crowseye"
    ],
    "file": "game:blocktypes/clay/pot.json"
},
{
    "op": "add",
    "path": "/texturesByType/*/fruit-crowseye",
    "value": {
      "base": "wildcraftfruit:block/food/pie/fill-crowseye"
    },
    "file": "game:blocktypes/clay/pot.json"
},
{
    "op": "add",
    "path": "/attributesByType/claypot-cooked/textureMapping/fruit-falsestrawberry",
    "value": [
      "fruit",
      "fruit-falsestrawberry"
    ],
    "file": "game:blocktypes/clay/pot.json"
},
{
    "op": "add",
    "path": "/texturesByType/*/fruit-falsestrawberry",
    "value": {
      "base": "wildcraftfruit:block/food/pie/fill-falsestrawberry"
    },
    "file": "game:blocktypes/clay/pot.json"
},
{
    "op": "add",
    "path": "/attributesByType/claypot-cooked/textureMapping/fruit-rowanberry",
    "value": [
      "fruit",
      "fruit-rowanberry"
    ],
    "file": "game:blocktypes/clay/pot.json"
},
{
    "op": "add",
    "path": "/texturesByType/*/fruit-rowanberry",
    "value": {
      "base": "wildcraftfruit:block/food/pie/fill-rowanberry"
    },
    "file": "game:blocktypes/clay/pot.json"
},
{
    "op": "add",
    "path": "/attributesByType/claypot-cooked/textureMapping/fruit-bitternightshade",
    "value": [
      "fruit",
      "fruit-bitternightshade"
    ],
    "file": "game:blocktypes/clay/pot.json"
},
{
    "op": "add",
    "path": "/texturesByType/*/fruit-bitternightshade",
    "value": {
      "base": "wildcraftfruit:block/food/pie/fill-bitternightshade"
    },
    "file": "game:blocktypes/clay/pot.json"
},
{
    "op": "add",
    "path": "/attributesByType/claypot-cooked/textureMapping/fruit-blacknightshade",
    "value": [
      "fruit",
      "fruit-blacknightshade"
    ],
    "file": "game:blocktypes/clay/pot.json"
},
{
    "op": "add",
    "path": "/texturesByType/*/fruit-blacknightshade",
    "value": {
      "base": "wildcraftfruit:block/food/pie/fill-blacknightshade"
    },
    "file": "game:blocktypes/clay/pot.json"
},
{
    "op": "add",
    "path": "/attributesByType/claypot-cooked/textureMapping/fruit-naranjilla",
    "value": [
      "fruit",
      "fruit-naranjilla"
    ],
    "file": "game:blocktypes/clay/pot.json"
},
{
    "op": "add",
    "path": "/texturesByType/*/fruit-naranjilla",
    "value": {
      "base": "wildcraftfruit:block/food/pie/fill-naranjilla"
    },
    "file": "game:blocktypes/clay/pot.json"
},
{
    "op": "add",
    "path": "/attributesByType/claypot-cooked/textureMapping/fruit-numnum",
    "value": [
      "fruit",
      "fruit-numnum"
    ],
    "file": "game:blocktypes/clay/pot.json"
},
{
    "op": "add",
    "path": "/texturesByType/*/fruit-numnum",
    "value": {
      "base": "wildcraftfruit:block/food/pie/fill-numnum"
    },
    "file": "game:blocktypes/clay/pot.json"
},
{
    "op": "add",
    "path": "/attributesByType/claypot-cooked/textureMapping/fruit-pricklyheath",
    "value": [
      "fruit",
      "fruit-pricklyheath"
    ],
    "file": "game:blocktypes/clay/pot.json"
},
{
    "op": "add",
    "path": "/texturesByType/*/fruit-pricklyheath",
    "value": {
      "base": "wildcraftfruit:block/food/pie/fill-pricklyheath"
    },
    "file": "game:blocktypes/clay/pot.json"
},
{
    "op": "add",
    "path": "/attributesByType/claypot-cooked/textureMapping/nut-pistachionut",
    "value": [
      "fruit",
      "nut-pistachionut"
    ],
    "file": "game:blocktypes/clay/pot.json"
},
{
    "op": "add",
    "path": "/texturesByType/*/nut-pistachionut",
    "value": {
      "base": "wildcraftfruit:block/food/pie/fill-pistachionut"
    },
    "file": "game:blocktypes/clay/pot.json"
},
{
    "op": "add",
    "path": "/attributesByType/claypot-cooked/textureMapping/nut-pistachioberry",
    "value": [
      "fruit",
      "nut-pistachioberry"
    ],
    "file": "game:blocktypes/clay/pot.json"
},
{
    "op": "add",
    "path": "/texturesByType/*/nut-pistachioberry",
    "value": {
      "base": "wildcraftfruit:block/food/pie/fill-turkscap"
    },
    "file": "game:blocktypes/clay/pot.json"
},
{
    "op": "add",
    "path": "/attributesByType/claypot-cooked/textureMapping/nut-acornshelled",
    "value": [
      "fruit",
      "nut-acornshelled"
    ],
    "file": "game:blocktypes/clay/pot.json"
},
{
    "op": "add",
    "path": "/texturesByType/*/nut-acornshelled",
    "value": {
      "base": "wildcraftfruit:block/food/pie/fill-acornleached"
    },
    "file": "game:blocktypes/clay/pot.json"
},
{
    "op": "add",
    "path": "/attributesByType/claypot-cooked/textureMapping/nut-acornleached",
    "value": [
      "grain",
      "nut-acornleached"
    ],
    "file": "game:blocktypes/clay/pot.json"
},
{
    "op": "add",
    "path": "/texturesByType/*/nut-acornleached",
    "value": {
      "base": "wildcraftfruit:block/food/pie/fill-acornleached"
    },
    "file": "game:blocktypes/clay/pot.json"
},
{
    "op": "add",
    "path": "/attributesByType/claypot-cooked/textureMapping/nut-almondground",
    "value": [
      "fruit",
      "nut-almondground"
    ],
    "file": "game:blocktypes/clay/pot.json",
},
{
    "op": "add",
    "path": "/texturesByType/*/nut-almondground",
    "value": {
      "base": "wildcraftfruit:block/food/pie/fill-marzipan"
    },
    "file": "game:blocktypes/clay/pot.json"
},
{
    "op": "add",
    "path": "/attributesByType/claypot-cooked/textureMapping/nut-apricotpitground",
    "value": [
      "fruit",
      "nut-apricotpitground"
    ],
    "file": "game:blocktypes/clay/pot.json",
},
{
    "op": "add",
    "path": "/texturesByType/*/nut-apricotpitground",
    "value": {
      "base": "wildcraftfruit:block/food/pie/fill-marzipan"
    },
    "file": "game:blocktypes/clay/pot.json"
},
{
    "op": "add",
    "path": "/attributesByType/claypot-cooked/textureMapping/nut-marzipan",
    "value": [
      "topping",
      "nut-marzipan"
    ],
    "file": "game:blocktypes/clay/pot.json",
},
{
    "op": "add",
    "path": "/texturesByType/*/nut-marzipan",
    "value": {
      "base": "wildcraftfruit:block/food/pie/fill-marzipan"
    },
    "file": "game:blocktypes/clay/pot.json"
},
{
    "op": "add",
    "path": "/attributesByType/claypot-cooked/textureMapping/vegetable-avocado",
    "value": [
      "vegetable",
      "vegetable-avocado"
    ],
    "file": "game:blocktypes/clay/pot.json",
},
{
    "op": "add",
    "path": "/texturesByType/*/vegetable-avocado",
    "value": {
      "base": "wildcraftfruit:block/food/pie/fill-avocado"
    },
    "file": "game:blocktypes/clay/pot.json"
},
{
    "op": "add",
    "path": "/attributesByType/claypot-cooked/textureMapping/nut-halva",
    "value": [
      "topping",
      "nut-halva"
    ],
    "file": "game:blocktypes/clay/pot.json",
},
{
    "op": "add",
    "path": "/texturesByType/*/nut-halva",
    "value": {
      "base": "wildcraftfruit:block/food/pie/fill-halva"
    },
    "file": "game:blocktypes/clay/pot.json"
},
{
    "op": "add",
    "path": "/attributesByType/claypot-cooked/textureMapping/nut-pacoca",
    "value": [
      "topping",
      "nut-pacoca"
    ],
    "file": "game:blocktypes/clay/pot.json",
},
{
    "op": "add",
    "path": "/texturesByType/*/nut-pacoca",
    "value": {
      "base": "wildcraftfruit:block/food/pie/fill-peanutground"
    },
    "file": "game:blocktypes/clay/pot.json"
},
{
    "op": "add",
    "path": "/attributesByType/claypot-cooked/textureMapping/nut-peanutground",
    "value": [
      "fruit",
      "nut-peanutground"
    ],
    "file": "game:blocktypes/clay/pot.json",
},
{
    "op": "add",
    "path": "/texturesByType/*/nut-peanutground",
    "value": {
      "base": "wildcraftfruit:block/food/pie/fill-peanutground"
    },
    "file": "game:blocktypes/clay/pot.json"
},
{
    "op": "add",
    "path": "/attributesByType/claypot-cooked/textureMapping/legume-peanut",
    "value": [
      "fruit",
      "legume-peanut"
    ],
    "file": "game:blocktypes/clay/pot.json",
},
{
    "op": "add",
    "path": "/texturesByType/*/legume-peanut",
    "value": {
      "base": "game:block/food/pie/fill-peanut"
    },
    "file": "game:blocktypes/clay/pot.json"
},
{
    "op": "add",
    "path": "/attributesByType/claypot-cooked/textureMapping/nut-bluequandong",
    "value": [
      "fruit",
      "nut-bluequandong"
    ],
    "file": "game:blocktypes/clay/pot.json",
},
{
    "op": "add",
    "path": "/texturesByType/*/nut-bluequandong",
    "value": {
      "base": "wildcraftfruit:block/food/pie/fill-bluequandong"
    },
    "file": "game:blocktypes/clay/pot.json"
},
{
    "op": "add",
    "path": "/attributesByType/claypot-cooked/textureMapping/fruit-silvernettle",
    "value": [
      "fruit",
      "fruit-silvernettle"
    ],
    "file": "game:blocktypes/clay/pot.json"
},
{
    "op": "add",
    "path": "/texturesByType/*/fruit-silvernettle",
    "value": {
      "base": "wildcraftfruit:block/food/pie/fill-silvernettle"
    },
    "file": "game:blocktypes/clay/pot.json"
},
{
    "op": "add",
    "path": "/attributesByType/claypot-cooked/textureMapping/fruit-coralbead",
    "value": [
      "fruit",
      "fruit-coralbead"
    ],
    "file": "game:blocktypes/clay/pot.json"
},
{
    "op": "add",
    "path": "/texturesByType/*/fruit-coralbead",
    "value": {
      "base": "wildcraftfruit:block/food/pie/fill-coralbead"
    },
    "file": "game:blocktypes/clay/pot.json"
},
{
    "op": "add",
    "path": "/attributesByType/claypot-cooked/textureMapping/fruit-kawakawa",
    "value": [
      "fruit",
      "fruit-kawakawa"
    ],
    "file": "game:blocktypes/clay/pot.json"
},
{
    "op": "add",
    "path": "/texturesByType/*/fruit-kawakawa",
    "value": {
      "base": "wildcraftfruit:block/food/pie/fill-kawakawa"
    },
    "file": "game:blocktypes/clay/pot.json"
},
{
    "op": "add",
    "path": "/attributesByType/claypot-cooked/textureMapping/fruit-flaxlily",
    "value": [
      "fruit",
      "fruit-flaxlily"
    ],
    "file": "game:blocktypes/clay/pot.json"
},
{
    "op": "add",
    "path": "/texturesByType/*/fruit-flaxlily",
    "value": {
      "base": "wildcraftfruit:block/food/pie/fill-flaxlily"
    },
    "file": "game:blocktypes/clay/pot.json"
},
{
    "op": "add",
    "path": "/attributesByType/claypot-cooked/textureMapping/fruit-bushlawyer",
    "value": [
      "fruit",
      "fruit-bushlawyer"
    ],
    "file": "game:blocktypes/clay/pot.json"
},
{
    "op": "add",
    "path": "/texturesByType/*/fruit-bushlawyer",
    "value": {
      "base": "wildcraftfruit:block/food/pie/fill-bushlawyer"
    },
    "file": "game:blocktypes/clay/pot.json"
},
{
    "op": "add",
    "path": "/attributesByType/claypot-cooked/textureMapping/fruit-engkala",
    "value": [
      "fruit",
      "fruit-engkala"
    ],
    "file": "game:blocktypes/clay/pot.json"
},
{
    "op": "add",
    "path": "/texturesByType/*/fruit-engkala",
    "value": {
      "base": "wildcraftfruit:block/food/pie/fill-engkala"
    },
    "file": "game:blocktypes/clay/pot.json"
},
{
    "op": "add",
    "path": "/attributesByType/claypot-cooked/textureMapping/fruit-pandanbits",
    "value": [
      "fruit",
      "fruit-pandanbits"
    ],
    "file": "game:blocktypes/clay/pot.json"
},
{
    "op": "add",
    "path": "/texturesByType/*/fruit-pandanbits",
    "value": {
      "base": "wildcraftfruit:block/food/pie/fill-pandanbits"
    },
    "file": "game:blocktypes/clay/pot.json"
},
{
    "op": "add",
    "path": "/attributesByType/claypot-cooked/textureMapping/nut-pumpkinseed",
    "value": [
      "fruit",
      "nut-pumpkinseed"
    ],
    "file": "game:blocktypes/clay/pot.json",
},
{
    "op": "add",
    "path": "/texturesByType/*/nut-pumpkinseed",
    "value": {
      "base": "wildcraftfruit:block/food/pie/fill-pumpkinseed"
    },
    "file": "game:blocktypes/clay/pot.json"
},
{
    "op": "add",
    "path": "/attributesByType/claypot-cooked/textureMapping/nut-cherrypit",
    "value": [
      "fruit",
      "nut-cherrypit"
    ],
    "file": "game:blocktypes/clay/pot.json",
},
{
    "op": "add",
    "path": "/texturesByType/*/nut-cherrypit",
    "value": {
      "base": "wildcraftfruit:block/food/pie/fill-cherrypit"
    },
    "file": "game:blocktypes/clay/pot.json"
},
{
    "op": "add",
    "path": "/attributesByType/claypot-cooked/textureMapping/nut-apricotpit",
    "value": [
      "fruit",
      "nut-apricotpit"
    ],
    "file": "game:blocktypes/clay/pot.json",
},
{
    "op": "add",
    "path": "/texturesByType/*/nut-apricotpit",
    "value": {
      "base": "wildcraftfruit:block/food/pie/fill-apricotpit"
    },
    "file": "game:blocktypes/clay/pot.json"
},
{
    "op": "add",
    "path": "/attributesByType/claypot-cooked/textureMapping/nut-breadnut",
    "value": [
      "vegetable",
      "nut-breadnut"
    ],
    "file": "game:blocktypes/clay/pot.json",
},
{
    "op": "add",
    "path": "/texturesByType/*/nut-breadnut",
    "value": {
      "base": "wildcraftfruit:block/food/pie/fill-breadnut"
    },
    "file": "game:blocktypes/clay/pot.json"
},
{
    "op": "add",
    "path": "/attributesByType/claypot-cooked/textureMapping/nut-breadnutbaked",
    "value": [
      "vegetable",
      "nut-breadnutbaked"
    ],
    "file": "game:blocktypes/clay/pot.json",
},
{
    "op": "add",
    "path": "/texturesByType/*/nut-breadnutbaked",
    "value": {
      "base": "wildcraftfruit:block/food/pie/fill-breadnut"
    },
    "file": "game:blocktypes/clay/pot.json"
},
{
    "op": "add",
    "path": "/attributesByType/claypot-cooked/textureMapping/fruit-pittedcherry",
    "value": [
      "fruit",
      "fruit-pittedcherry"
    ],
    "file": "game:blocktypes/clay/pot.json"
},
{
    "op": "add",
    "path": "/texturesByType/*/fruit-pittedcherry",
    "value": {
      "base": "game:block/food/pie/fill-cherry"
    },
    "file": "game:blocktypes/clay/pot.json"
},
{
    "op": "add",
    "path": "/attributesByType/claypot-cooked/textureMapping/fruit-pittedbreadfruit",
    "value": [
      "fruit",
      "fruit-pittedbreadfruit"
    ],
    "file": "game:blocktypes/clay/pot.json"
},
{
    "op": "add",
    "path": "/texturesByType/*/fruit-pittedbreadfruit",
    "value": {
      "base": "game:block/food/pie/fill-breadfruit"
    },
    "file": "game:blocktypes/clay/pot.json"
},
{
    "op": "add",
    "path": "/attributesByType/claypot-cooked/textureMapping/fruit-pittedapricot",
    "value": [
      "fruit",
      "fruit-pittedapricot"
    ],
    "file": "game:blocktypes/clay/pot.json"
},
{
    "op": "add",
    "path": "/texturesByType/*/fruit-pittedapricot",
    "value": {
      "base": "wildcraftfruit:block/food/pie/fill-apricot"
    },
    "file": "game:blocktypes/clay/pot.json"
},
{
    "op": "add",
    "path": "/attributesByType/claypot-cooked/textureMapping/fruit-cashewwhole",
    "value": [
      "fruit",
      "fruit-cashewwhole"
    ],
    "file": "game:blocktypes/clay/pot.json"
},
{
    "op": "add",
    "path": "/texturesByType/*/fruit-cashewwhole",
    "value": {
      "base": "wildcraftfruit:block/food/pie/fill-cashewapple"
    },
    "file": "game:blocktypes/clay/pot.json"
},
{
    "op": "add",
    "path": "/attributesByType/claypot-cooked/textureMapping/fruit-gardenstrawberry",
    "value": [
      "fruit",
      "fruit-gardenstrawberry"
    ],
    "file": "game:blocktypes/clay/pot.json"
},
{
    "op": "add",
    "path": "/texturesByType/*/fruit-gardenstrawberry",
    "value": {
      "base": "wildcraftfruit:block/food/pie/fill-gardenstrawberry"
    },
    "file": "game:blocktypes/clay/pot.json"
},
{
    "op": "add",
    "path": "/attributesByType/claypot-cooked/textureMapping/fruit-roseapple",
    "value": [
      "fruit",
      "fruit-roseapple"
    ],
    "file": "game:blocktypes/clay/pot.json"
},
{
    "op": "add",
    "path": "/texturesByType/*/fruit-roseapple",
    "value": {
      "base": "wildcraftfruit:block/food/pie/fill-roseapple"
    },
    "file": "game:blocktypes/clay/pot.json"
},
{
    "op": "add",
    "path": "/attributesByType/claypot-cooked/textureMapping/fruit-lemonaspen",
    "value": [
      "fruit",
      "fruit-lemonaspen"
    ],
    "file": "game:blocktypes/clay/pot.json"
},
{
    "op": "add",
    "path": "/texturesByType/*/fruit-lemonaspen",
    "value": {
      "base": "wildcraftfruit:block/food/pie/fill-lemonaspen"
    },
    "file": "game:blocktypes/clay/pot.json"
},
{
    "op": "add",
    "path": "/attributesByType/claypot-cooked/textureMapping/fruit-redquandong",
    "value": [
      "fruit",
      "fruit-redquandong"
    ],
    "file": "game:blocktypes/clay/pot.json"
},
{
    "op": "add",
    "path": "/texturesByType/*/fruit-redquandong",
    "value": {
      "base": "wildcraftfruit:block/food/pie/fill-redquandong"
    },
    "file": "game:blocktypes/clay/pot.json"
},
{
    "op": "add",
    "path": "/attributesByType/claypot-cooked/textureMapping/fruit-fingerlime",
    "value": [
      "fruit",
      "fruit-fingerlime"
    ],
    "file": "game:blocktypes/clay/pot.json"
},
{
    "op": "add",
    "path": "/texturesByType/*/fruit-fingerlime",
    "value": {
      "base": "wildcraftfruit:block/food/pie/fill-fingerlime"
    },
    "file": "game:blocktypes/clay/pot.json"
},
{
    "op": "add",
    "path": "/attributesByType/claypot-cooked/textureMapping/fruit-illawarra",
    "value": [
      "fruit",
      "fruit-illawarra"
    ],
    "file": "game:blocktypes/clay/pot.json"
},
{
    "op": "add",
    "path": "/texturesByType/*/fruit-illawarra",
    "value": {
      "base": "wildcraftfruit:block/food/pie/fill-illawarra"
    },
    "file": "game:blocktypes/clay/pot.json"
},
{
    "op": "add",
    "path": "/attributesByType/claypot-cooked/textureMapping/fruit-munthari",
    "value": [
      "fruit",
      "fruit-munthari"
    ],
    "file": "game:blocktypes/clay/pot.json"
},
{
    "op": "add",
    "path": "/texturesByType/*/fruit-munthari",
    "value": {
      "base": "wildcraftfruit:block/food/pie/fill-munthari"
    },
    "file": "game:blocktypes/clay/pot.json"
},
{
    "op": "add",
    "path": "/attributesByType/claypot-cooked/textureMapping/fruit-midyimberry",
    "value": [
      "fruit",
      "fruit-midyimberry"
    ],
    "file": "game:blocktypes/clay/pot.json"
},
{
    "op": "add",
    "path": "/texturesByType/*/fruit-midyimberry",
    "value": {
      "base": "wildcraftfruit:block/food/pie/fill-midyimberry"
    },
    "file": "game:blocktypes/clay/pot.json"
},
{
    "op": "add",
    "path": "/attributesByType/claypot-cooked/textureMapping/fruit-bluetongue",
    "value": [
      "fruit",
      "fruit-bluetongue"
    ],
    "file": "game:blocktypes/clay/pot.json"
},
{
    "op": "add",
    "path": "/texturesByType/*/fruit-bluetongue",
    "value": {
      "base": "wildcraftfruit:block/food/pie/fill-bluetongue"
    },
    "file": "game:blocktypes/clay/pot.json"
},
{
    "op": "add",
    "path": "/attributesByType/claypot-cooked/textureMapping/fruit-rubysaltbush",
    "value": [
      "fruit",
      "fruit-rubysaltbush"
    ],
    "file": "game:blocktypes/clay/pot.json"
},
{
    "op": "add",
    "path": "/texturesByType/*/fruit-rubysaltbush",
    "value": {
      "base": "wildcraftfruit:block/food/pie/fill-rubysaltbush"
    },
    "file": "game:blocktypes/clay/pot.json"
},
{
    "op": "add",
    "path": "/attributesByType/claypot-cooked/textureMapping/fruit-pineheath",
    "value": [
      "fruit",
      "fruit-pineheath"
    ],
    "file": "game:blocktypes/clay/pot.json"
},
{
    "op": "add",
    "path": "/texturesByType/*/fruit-pineheath",
    "value": {
      "base": "wildcraftfruit:block/food/pie/fill-pineheath"
    },
    "file": "game:blocktypes/clay/pot.json"
},
{
    "op": "add",
    "path": "/attributesByType/claypot-cooked/textureMapping/nut-oldmansaltbush",
    "value": [
      "grain",
      "nut-oldmansaltbush"
    ],
    "file": "game:blocktypes/clay/pot.json"
},
{
    "op": "add",
    "path": "/texturesByType/*/nut-oldmansaltbush",
    "value": {
      "base": "wildcraftfruit:block/food/pie/fill-oldmansaltbush"
    },
    "file": "game:blocktypes/clay/pot.json"
},
{
    "op": "add",
    "path": "/attributesByType/claypot-cooked/textureMapping/nut-bunya",
    "value": [
      "fruit",
      "nut-bunya"
    ],
    "file": "game:blocktypes/clay/pot.json"
},
{
    "op": "add",
    "path": "/texturesByType/*/nut-bunya",
    "value": {
      "base": "wildcraftfruit:block/food/pie/fill-bunya"
    },
    "file": "game:blocktypes/clay/pot.json"
},
{
    "op": "add",
    "path": "/attributesByType/claypot-cooked/textureMapping/nut-beachalmond",
    "value": [
      "fruit",
      "nut-beachalmond"
    ],
    "file": "game:blocktypes/clay/pot.json"
},
{
    "op": "add",
    "path": "/texturesByType/*/nut-beachalmond",
    "value": {
      "base": "wildcraftfruit:block/food/pie/fill-beachalmond"
    },
    "file": "game:blocktypes/clay/pot.json"
},
{
    "op": "add",
    "path": "/attributesByType/claypot-cooked/textureMapping/fruit-beachalmondwhole",
    "value": [
      "fruit",
      "fruit-beachalmondwhole"
    ],
    "file": "game:blocktypes/clay/pot.json"
},
{
    "op": "add",
    "path": "/texturesByType/*/fruit-beachalmondwhole",
    "value": {
      "base": "wildcraftfruit:block/food/pie/fill-pittedbeachalmond"
    },
    "file": "game:blocktypes/clay/pot.json"
},
{
    "op": "add",
    "path": "/attributesByType/claypot-cooked/textureMapping/fruit-pittedbeachalmond",
    "value": [
      "fruit",
      "fruit-pittedbeachalmond"
    ],
    "file": "game:blocktypes/clay/pot.json"
},
{
    "op": "add",
    "path": "/texturesByType/*/fruit-pittedbeachalmond",
    "value": {
      "base": "wildcraftfruit:block/food/pie/fill-pittedbeachalmond"
    },
    "file": "game:blocktypes/clay/pot.json"
},
{
    "op": "add",
    "path": "/attributesByType/claypot-cooked/textureMapping/fruit-pittedchinaberry",
    "value": [
      "fruit",
      "fruit-pittedchinaberry"
    ],
    "file": "game:blocktypes/clay/pot.json"
},
{
    "op": "add",
    "path": "/texturesByType/*/fruit-pittedchinaberry",
    "value": {
      "base": "wildcraftfruit:block/food/pie/fill-pittedchinaberry"
    },
    "file": "game:blocktypes/clay/pot.json"
},
{
    "op": "add",
    "path": "/attributesByType/claypot-cooked/textureMapping/fruit-chinaberry",
    "value": [
      "fruit",
      "fruit-chinaberry"
    ],
    "file": "game:blocktypes/clay/pot.json"
},
{
    "op": "add",
    "path": "/texturesByType/*/fruit-chinaberry",
    "value": {
      "base": "wildcraftfruit:block/food/pie/fill-chinaberry"
    },
    "file": "game:blocktypes/clay/pot.json"
},
{
    "op": "add",
    "path": "/attributesByType/claypot-cooked/textureMapping/fruit-seamango",
    "value": [
      "fruit",
      "fruit-seamango"
    ],
    "file": "game:blocktypes/clay/pot.json"
},
{
    "op": "add",
    "path": "/texturesByType/*/fruit-seamango",
    "value": {
      "base": "wildcraftfruit:block/food/pie/fill-seamango"
    },
    "file": "game:blocktypes/clay/pot.json"
},
{
    "op": "add",
    "path": "/attributesByType/claypot-cooked/textureMapping/fruit-lillypillypink",
    "value": [
      "fruit",
      "fruit-lillypillypink"
    ],
    "file": "game:blocktypes/clay/pot.json"
},
{
    "op": "add",
    "path": "/texturesByType/*/fruit-lillypillypink",
    "value": {
      "base": "wildcraftfruit:block/food/pie/fill-lillypillypink"
    },
    "file": "game:blocktypes/clay/pot.json"
},
{
    "op": "add",
    "path": "/attributesByType/claypot-cooked/textureMapping/fruit-lillypillywhite",
    "value": [
      "fruit",
      "fruit-lillypillywhite"
    ],
    "file": "game:blocktypes/clay/pot.json"
},
{
    "op": "add",
    "path": "/texturesByType/*/fruit-lillypillywhite",
    "value": {
      "base": "wildcraftfruit:block/food/pie/fill-lillypillypink"
    },
    "file": "game:blocktypes/clay/pot.json"
},
{
    "op": "add",
    "path": "/attributesByType/claypot-cooked/textureMapping/fruit-lillypillyblue",
    "value": [
      "fruit",
      "fruit-lillypillyblue"
    ],
    "file": "game:blocktypes/clay/pot.json"
},
{
    "op": "add",
    "path": "/texturesByType/*/fruit-lillypillyblue",
    "value": {
      "base": "wildcraftfruit:block/food/pie/fill-lillypillypink"
    },
    "file": "game:blocktypes/clay/pot.json"
},
{
    "op": "add",
    "path": "/attributesByType/claypot-cooked/textureMapping/fruit-honeypots",
    "value": [
      "fruit",
      "fruit-honeypots"
    ],
    "file": "game:blocktypes/clay/pot.json"
},
{
    "op": "add",
    "path": "/texturesByType/*/fruit-honeypots",
    "value": {
      "base": "wildcraftfruit:block/food/pie/fill-honeypots"
    },
    "file": "game:blocktypes/clay/pot.json"
},
{
    "op": "add",
    "path": "/attributesByType/claypot-cooked/textureMapping/fruit-cheeseberry",
    "value": [
      "fruit",
      "fruit-cheeseberry"
    ],
    "file": "game:blocktypes/clay/pot.json"
},
{
    "op": "add",
    "path": "/texturesByType/*/fruit-cheeseberry",
    "value": {
      "base": "wildcraftfruit:block/food/pie/fill-cheeseberry"
    },
    "file": "game:blocktypes/clay/pot.json"
},
{
    "op": "add",
    "path": "/attributesByType/claypot-cooked/textureMapping/fruit-creepingpine",
    "value": [
      "fruit",
      "fruit-creepingpine"
    ],
    "file": "game:blocktypes/clay/pot.json"
},
{
    "op": "add",
    "path": "/texturesByType/*/fruit-creepingpine",
    "value": {
      "base": "wildcraftfruit:block/food/pie/fill-creepingpine"
    },
    "file": "game:blocktypes/clay/pot.json"
},
{
    "op": "add",
    "path": "/attributesByType/claypot-cooked/textureMapping/fruit-achacha",
    "value": [
      "fruit",
      "fruit-achacha"
    ],
    "file": "game:blocktypes/clay/pot.json"
},
{
    "op": "add",
    "path": "/texturesByType/*/fruit-achacha",
    "value": {
      "base": "wildcraftfruit:block/food/pie/fill-achacha"
    },
    "file": "game:blocktypes/clay/pot.json"
},
{
    "op": "add",
    "path": "/attributesByType/claypot-cooked/textureMapping/fruit-lemon",
    "value": [
      "fruit",
      "fruit-lemon"
    ],
    "file": "game:blocktypes/clay/pot.json"
},
{
    "op": "add",
    "path": "/texturesByType/*/fruit-lemon",
    "value": {
      "base": "wildcraftfruit:block/food/pie/fill-citron"
    },
    "file": "game:blocktypes/clay/pot.json"
},
{
    "op": "add",
    "path": "/attributesByType/claypot-cooked/textureMapping/fruit-blacknightshadeunripe",
    "value": [
      "fruit",
      "fruit-blacknightshadeunripe"
    ],
    "file": "game:blocktypes/clay/pot.json"
},
{
    "op": "add",
    "path": "/texturesByType/*/fruit-blacknightshadeunripe",
    "value": {
      "base": "wildcraftfruit:block/food/pie/fill-blacknightshadeunripe"
    },
    "file": "game:blocktypes/clay/pot.json"
},
{
    "op": "add",
    "path": "/attributesByType/claypot-cooked/textureMapping/fruit-pilo",
    "value": [
      "fruit",
      "fruit-pilo"
    ],
    "file": "game:blocktypes/clay/pot.json"
},
{
    "op": "add",
    "path": "/texturesByType/*/fruit-pilo",
    "value": {
      "base": "wildcraftfruit:block/food/pie/fill-pilo"
    },
    "file": "game:blocktypes/clay/pot.json"
},
{
    "op": "add",
    "path": "/attributesByType/claypot-cooked/textureMapping/fruit-mingimingi",
    "value": [
      "fruit",
      "fruit-mingimingi"
    ],
    "file": "game:blocktypes/clay/pot.json"
},
{
    "op": "add",
    "path": "/texturesByType/*/fruit-mingimingi",
    "value": {
      "base": "wildcraftfruit:block/food/pie/fill-mingimingi"
    },
    "file": "game:blocktypes/clay/pot.json"
},
{
    "op": "add",
    "path": "/attributesByType/claypot-cooked/textureMapping/fruit-kakaha",
    "value": [
      "fruit",
      "fruit-kakaha"
    ],
    "file": "game:blocktypes/clay/pot.json"
},
{
    "op": "add",
    "path": "/texturesByType/*/fruit-kakaha",
    "value": {
      "base": "wildcraftfruit:block/food/pie/fill-kakaha"
    },
    "file": "game:blocktypes/clay/pot.json"
},
{
    "op": "add",
    "path": "/attributesByType/claypot-cooked/textureMapping/fruit-maritabits",
    "value": [
      "vegetable",
      "fruit-maritabits"
    ],
    "file": "game:blocktypes/clay/pot.json"
},
{
    "op": "add",
    "path": "/texturesByType/*/fruit-maritabits",
    "value": {
      "base": "wildcraftfruit:block/food/pie/fill-maritabits"
    },
    "file": "game:blocktypes/clay/pot.json"
},
{
    "op": "add",
    "path": "/attributesByType/claypot-cooked/textureMapping/fruit-blackelder",
    "value": [
      "fruit",
      "fruit-blackelder"
    ],
    "file": "game:blocktypes/clay/pot.json"
},
{
    "op": "add",
    "path": "/texturesByType/*/fruit-blackelder",
    "value": {
      "base": "wildcraftfruit:block/food/pie/fill-blackelder"
    },
    "file": "game:blocktypes/clay/pot.json"
},
{
    "op": "add",
    "path": "/attributesByType/claypot-cooked/textureMapping/fruit-cucumber",
    "value": [
      "vegetable",
      "fruit-cucumber"
    ],
    "file": "game:blocktypes/clay/pot.json"
},
{
    "op": "add",
    "path": "/texturesByType/*/fruit-cucumber",
    "value": {
      "base": "wildcraftfruit:block/food/pie/fill-cucumber"
    },
    "file": "game:blocktypes/clay/pot.json"
},
{
    "op": "add",
    "path": "/attributesByType/claypot-cooked/textureMapping/fruit-passionfruit",
    "value": [
      "fruit",
      "fruit-passionfruit"
    ],
    "file": "game:blocktypes/clay/pot.json"
},
{
    "op": "add",
    "path": "/texturesByType/*/fruit-passionfruit",
    "value": {
      "base": "wildcraftfruit:block/food/pie/fill-passionfruit"
    },
    "file": "game:blocktypes/clay/pot.json"
},
{
    "op": "add",
    "path": "/attributesByType/claypot-cooked/textureMapping/fruit-kiwi",
    "value": [
      "fruit",
      "fruit-kiwi"
    ],
    "file": "game:blocktypes/clay/pot.json"
},
{
    "op": "add",
    "path": "/texturesByType/*/fruit-kiwi",
    "value": {
      "base": "wildcraftfruit:block/food/pie/fill-kiwi"
    },
    "file": "game:blocktypes/clay/pot.json"
},
{
    "op": "add",
    "path": "/attributesByType/claypot-cooked/textureMapping/fruit-bryony",
    "value": [
      "fruit",
      "fruit-bryony"
    ],
    "file": "game:blocktypes/clay/pot.json"
},
{
    "op": "add",
    "path": "/texturesByType/*/fruit-bryony",
    "value": {
      "base": "wildcraftfruit:block/food/pie/fill-bryony"
    },
    "file": "game:blocktypes/clay/pot.json"
},
{
    "op": "add",
    "path": "/attributesByType/claypot-cooked/textureMapping/fruit-ivy",
    "value": [
      "fruit",
      "fruit-ivy"
    ],
    "file": "game:blocktypes/clay/pot.json"
},
{
    "op": "add",
    "path": "/texturesByType/*/fruit-ivy",
    "value": {
      "base": "wildcraftfruit:block/food/pie/fill-ivy"
    },
    "file": "game:blocktypes/clay/pot.json"
},
{
    "op": "add",
    "path": "/attributesByType/claypot-cooked/textureMapping/fruit-watermelon",
    "value": [
      "fruit",
      "fruit-watermelon"
    ],
    "file": "game:blocktypes/clay/pot.json"
},
{
    "op": "add",
    "path": "/texturesByType/*/fruit-watermelon",
    "value": {
      "base": "wildcraftfruit:block/food/pie/fill-watermelon"
    },
    "file": "game:blocktypes/clay/pot.json"
},
{
    "op": "add",
    "path": "/attributesByType/claypot-cooked/textureMapping/fruit-muskmelon",
    "value": [
      "fruit",
      "fruit-muskmelon"
    ],
    "file": "game:blocktypes/clay/pot.json"
},
{
    "op": "add",
    "path": "/texturesByType/*/fruit-muskmelon",
    "value": {
      "base": "wildcraftfruit:block/food/pie/fill-muskmelon"
    },
    "file": "game:blocktypes/clay/pot.json"
},
{
    "op": "add",
    "path": "/attributesByType/claypot-cooked/textureMapping/fruit-mirzamelon",
    "value": [
      "fruit",
      "fruit-mirzamelon"
    ],
    "file": "game:blocktypes/clay/pot.json"
},
{
    "op": "add",
    "path": "/texturesByType/*/fruit-mirzamelon",
    "value": {
      "base": "wildcraftfruit:block/food/pie/fill-mirzamelon"
    },
    "file": "game:blocktypes/clay/pot.json"
},
{
    "op": "add",
    "path": "/attributesByType/claypot-cooked/textureMapping/pickledvegetable-cucumber",
    "value": [
      "vegetable",
      "pickledvegetable-cucumber"
    ],
    "file": "game:blocktypes/clay/pot.json"
},
{
    "op": "add",
    "path": "/texturesByType/*/pickledvegetable-cucumber",
    "value": {
      "base": "wildcraftfruit:block/food/pie/fill-pickledcucumber"
    },
    "file": "game:blocktypes/clay/pot.json"
},
{
    "op": "add",
    "path": "/attributesByType/claypot-cooked/textureMapping/flower-elder",
    "value": [
      "fruit",
      "flower-elder"
    ],
    "file": "game:blocktypes/clay/pot.json"
},
{
    "op": "add",
    "path": "/texturesByType/*/flower-elder",
    "value": {
      "base": "wildcraftfruit:block/food/pie/fill-elderflower"
    },
    "file": "game:blocktypes/clay/pot.json"
},
{
    "op": "add",
    "path": "/attributesByType/claypot-cooked/textureMapping/flower-hibiscus",
    "value": [
      "fruit",
      "flower-hibiscus"
    ],
    "file": "game:blocktypes/clay/pot.json"
},
{
    "op": "add",
    "path": "/texturesByType/*/flower-hibiscus",
    "value": {
      "base": "wildcraftfruit:block/food/pie/fill-hibiscuspetal"
    },
    "file": "game:blocktypes/clay/pot.json"
},
{
    "op": "add",
    "path": "/attributesByType/claypot-cooked/textureMapping/flower-rose",
    "value": [
      "fruit",
      "flower-rose"
    ],
    "file": "game:blocktypes/clay/pot.json"
},
{
    "op": "add",
    "path": "/texturesByType/*/flower-rose",
    "value": {
      "base": "wildcraftfruit:block/food/pie/fill-rosepetal"
    },
    "file": "game:blocktypes/clay/pot.json"
},
{
    "op": "add",
    "path": "/attributesByType/claypot-cooked/textureMapping/flower-honeypots",
    "value": [
      "fruit",
      "flower-honeypots"
    ],
    "file": "game:blocktypes/clay/pot.json"
},
{
    "op": "add",
    "path": "/texturesByType/*/flower-honeypots",
    "value": {
      "base": "wildcraftfruit:block/food/pie/fill-honeypotsflower"
    },
    "file": "game:blocktypes/clay/pot.json"
},
{
    "op": "add",
    "path": "/attributesByType/claypot-cooked/textureMapping/flower-caper",
    "value": [
      "fruit",
      "flower-caper"
    ],
    "file": "game:blocktypes/clay/pot.json"
},
{
    "op": "add",
    "path": "/texturesByType/*/flower-caper",
    "value": {
      "base": "wildcraftfruit:block/food/pie/fill-caper"
    },
    "file": "game:blocktypes/clay/pot.json"
},
{
    "op": "add",
    "path": "/attributesByType/claypot-cooked/textureMapping/fruit-caperberry",
    "value": [
      "fruit",
      "fruit-caperberry"
    ],
    "file": "game:blocktypes/clay/pot.json"
},
{
    "op": "add",
    "path": "/texturesByType/*/fruit-caperberry",
    "value": {
      "base": "wildcraftfruit:block/food/pie/fill-caperberry"
    },
    "file": "game:blocktypes/clay/pot.json"
},
{
    "op": "add",
    "path": "/attributesByType/claypot-cooked/textureMapping/pickledvegetable-caper",
    "value": [
      "vegetable",
      "pickledvegetable-caper"
    ],
    "file": "game:blocktypes/clay/pot.json"
},
{
    "op": "add",
    "path": "/texturesByType/*/pickledvegetable-caper",
    "value": {
      "base": "wildcraftfruit:block/food/pie/fill-pickledcaper"
    },
    "file": "game:blocktypes/clay/pot.json"
},
{
    "op": "add",
    "path": "/attributesByType/claypot-cooked/textureMapping/pickledvegetable-caperberry",
    "value": [
      "vegetable",
      "pickledvegetable-caperberry"
    ],
    "file": "game:blocktypes/clay/pot.json"
},
{
    "op": "add",
    "path": "/texturesByType/*/pickledvegetable-caperberry",
    "value": {
      "base": "wildcraftfruit:block/food/pie/fill-pickledcaperberry"
    },
    "file": "game:blocktypes/clay/pot.json"
},
{
    "op": "add",
    "path": "/attributesByType/claypot-cooked/textureMapping/flower-currant",
    "value": [
      "fruit",
      "flower-currant"
    ],
    "file": "game:blocktypes/clay/pot.json"
},
{
    "op": "add",
    "path": "/texturesByType/*/flower-currant",
    "value": {
      "base": "wildcraftfruit:block/food/pie/fill-currantflower"
    },
    "file": "game:blocktypes/clay/pot.json"
},
{
    "op": "add",
    "path": "/attributesByType/claypot-cooked/textureMapping/flower-feijoa",
    "value": [
      "fruit",
      "flower-feijoa"
    ],
    "file": "game:blocktypes/clay/pot.json"
},
{
    "op": "add",
    "path": "/texturesByType/*/flower-feijoa",
    "value": {
      "base": "wildcraftfruit:block/food/pie/fill-feijoapetal"
    },
    "file": "game:blocktypes/clay/pot.json"
},
{
    "op": "add",
    "path": "/attributesByType/claypot-cooked/textureMapping/flower-honeysuckle",
    "value": [
      "fruit",
      "flower-honeysuckle"
    ],
    "file": "game:blocktypes/clay/pot.json"
},
{
    "op": "add",
    "path": "/texturesByType/*/flower-honeysuckle",
    "value": {
      "base": "wildcraftfruit:block/food/pie/fill-honeysuckleflower"
    },
    "file": "game:blocktypes/clay/pot.json"
},
{
    "op": "add",
    "path": "/attributesByType/claypot-cooked/textureMapping/berrymush-cloudberrymush",
    "value": [
      "fruit",
      "group18"
    ],
    "file": "game:blocktypes/clay/pot.json",
    "side": "server"
},
{
    "op": "add",
    "path": "/texturesByType/*/group18",
    "value": {
      "base": "wildcraftfruit:block/food/meal/group18-cloudberry"
    },
    "file": "game:blocktypes/clay/pot.json",
    "side": "server"
}
]