﻿[
    {
		"op": "addeach",
		"path": "/variantgroups/0/states/-",
		"value": ["birch", "pine", "maple"],
		"file": "game:itemtypes/food/bread",
		"side": "Server",
		"condition": { "when": "BarkBreadEnabled", "isValue": "true" }
	},
	{
		"op": "add",
		"path": "/nutritionPropsByType/*-birch-partbaked",
		"value": {
			saturation: 40, foodcategory: "Grain"
		},
		"file": "game:itemtypes/food/bread",
		"side": "Server",
		"condition": { "when": "BarkBreadEnabled", "isValue": "true" }
	},
	{
		"op": "add",
		"path": "/nutritionPropsByType/*-birch-perfect",
		"value": {
			saturation: 100, foodcategory: "Grain"
		},
		"file": "game:itemtypes/food/bread",
		"side": "Server",
		"condition": { "when": "BarkBreadEnabled", "isValue": "true" }
	},
	{
		"op": "add",
		"path": "/nutritionPropsByType/*-birch-charred",
		"value": {
			saturation: 60, foodcategory: "Grain"
		},
		"file": "game:itemtypes/food/bread",
		"side": "Server",
		"condition": { "when": "BarkBreadEnabled", "isValue": "true" }
	},
	{
		"op": "add",
		"path": "/nutritionPropsByType/*-pine-partbaked",
		"value": {
			saturation: 40, foodcategory: "Grain"
		},
		"file": "game:itemtypes/food/bread",
		"side": "Server",
		"condition": { "when": "BarkBreadEnabled", "isValue": "true" }
	},
	{
		"op": "add",
		"path": "/nutritionPropsByType/*-pine-perfect",
		"value": {
			saturation: 100, foodcategory: "Grain"
		},
		"file": "game:itemtypes/food/bread",
		"side": "Server",
		"condition": { "when": "BarkBreadEnabled", "isValue": "true" }
	},
	{
		"op": "add",
		"path": "/nutritionPropsByType/*-pine-charred",
		"value": {
			saturation: 60, foodcategory: "Grain"
		},
		"file": "game:itemtypes/food/bread",
		"side": "Server",
		"condition": { "when": "BarkBreadEnabled", "isValue": "true" }
	},
	{
		"op": "add",
		"path": "/nutritionPropsByType/*-maple-partbaked",
		"value": {
			saturation: 40, foodcategory: "Grain"
		},
		"file": "game:itemtypes/food/bread",
		"side": "Server",
		"condition": { "when": "BarkBreadEnabled", "isValue": "true" }
	},
	{
		"op": "add",
		"path": "/nutritionPropsByType/*-maple-perfect",
		"value": {
			saturation: 100, foodcategory: "Grain"
		},
		"file": "game:itemtypes/food/bread",
		"side": "Server",
		"condition": { "when": "BarkBreadEnabled", "isValue": "true" }
	},
	{
		"op": "add",
		"path": "/nutritionPropsByType/*-maple-charred",
		"value": {
			saturation: 60, foodcategory: "Grain"
		},
		"file": "game:itemtypes/food/bread",
		"side": "Server",
		"condition": { "when": "BarkBreadEnabled", "isValue": "true" }
	},
	{
		"op": "move",
		"frompath": "/nutritionPropsByType/*-partbaked",
		"path": "/temp",
		"file": "game:itemtypes/food/bread",
		"side": "Server",
		"condition": { "when": "BarkBreadEnabled", "isValue": "true" }
	},
	{
		"op": "move",
		"frompath": "/temp",
		"path": "/nutritionPropsByType/*-partbaked",
		"file": "game:itemtypes/food/bread",
		"side": "Server",
		"condition": { "when": "BarkBreadEnabled", "isValue": "true" }
	},
	{
		"op": "move",
		"frompath": "/nutritionPropsByType/*-perfect",
		"path": "/temp",
		"file": "game:itemtypes/food/bread",
		"side": "Server",
		"condition": { "when": "BarkBreadEnabled", "isValue": "true" }
	},
	{
		"op": "move",
		"frompath": "/temp",
		"path": "/nutritionPropsByType/*-perfect",
		"file": "game:itemtypes/food/bread",
		"side": "Server",
		"condition": { "when": "BarkBreadEnabled", "isValue": "true" }
	},
	{
		"op": "move",
		"frompath": "/nutritionPropsByType/*-charred",
		"path": "/temp",
		"file": "game:itemtypes/food/bread",
		"side": "Server",
		"condition": { "when": "BarkBreadEnabled", "isValue": "true" }
	},
	{
		"op": "move",
		"frompath": "/temp",
		"path": "/nutritionPropsByType/*-charred",
		"file": "game:itemtypes/food/bread",
		"side": "Server",
		"condition": { "when": "BarkBreadEnabled", "isValue": "true" }
	},
	{
		"op": "add",
		"path": "/creativeinventory/ancienttools",
		"value": ["*-birch-*", "*-pine-*", "*-maple-*"],
		"file": "game:itemtypes/food/bread",
		"side": "Server",
		"condition": { "when": "BarkBreadEnabled", "isValue": "true" }
	},
	{
		"op": "addeach",
		"path": "/creativeinventory/ancienttools/-",
		"value": ["*-acornbirch-*", "*-acornpine-*", "*-acornmaple-*"],
		"file": "game:itemtypes/food/bread",
		"dependsOn": [{ "modid": "acorns" }],
		"side": "Server",
		"condition": { "when": "BarkBreadEnabled", "isValue": "true" }
	}
]