{
	"editor": {
		"allAngles": false,
		"entityTextureMode": false
	},
	"textureWidth": 16,
	"textureHeight": 16,
	"textureSizes": {
	},
	"textures": {
		"burdock_leaf_small": "block/plant/leafygroundvegetable/burdock_leaf_small",
		"burdock_leaf_big": "block/plant/leafygroundvegetable/burdock_leaf_big",
		"burdock_stem": "block/plant/leafygroundvegetable/burdock_stem"
	},
	"elements": [
		{
			"name": "Leaves",
			"from": [ 8.0, 0.0, -4.0 ], 
			"to": [ 8.0, 24.0, 20.0 ], 
			"shade": false,
			"renderPass": 2,
			"rotationOrigin": [ 8.0, 0.0, 8.0 ],
			"faces": {
				"north": { "texture": "#burdock_stem", "uv": [ 0.0, 0.0, 0.3333, 24.0 ], "enabled": false, "windMode": [-1,-1,-1,-1], "windData": [0,1,1,0] },
				"east": { "texture": "#burdock_stem", "uv": [ 0.0, 0.0, 16.0, 16.0 ], "autoUv": false, "windMode": [0,5,5,0], "windData": [0,1,1,0] },
				"south": { "texture": "#burdock_stem", "uv": [ 0.0, 0.0, 0.3333, 24.0 ], "enabled": false, "windMode": [-1,-1,-1,-1], "windData": [0,0,1,1] },
				"west": { "texture": "#burdock_stem", "uv": [ 0.0, 0.0, 24.0, 24.0 ], "enabled": false, "windMode": [-1,-1,-1,-1], "windData": [0,0,1,1] },
				"up": { "texture": "#burdock_stem", "uv": [ 0.0, 0.0, 0.3333, 24.0 ], "enabled": false, "windMode": [-1,-1,-1,-1], "windData": [1,1,1,1] },
				"down": { "texture": "#burdock_stem", "uv": [ 0.0, 0.0, 0.3333, 24.0 ], "enabled": false, "windMode": [-1,-1,-1,-1] }
			},
			"children": [
				{
					"name": "Cube1",
					"from": [ -0.5, 22.5, 10.5 ], 
					"to": [ 0.5, 23.5, 11.5 ], 
					"rotationOrigin": [ -0.5, 22.5, 10.5 ],
					"faces": {
						"north": { "texture": "#burdock_stem", "uv": [ 7.6667, 15.0, 8.3334, 15.6634 ], "autoUv": false, "windMode": [5,5,5,5], "windData": [1,1,1,1] },
						"east": { "texture": "#burdock_stem", "uv": [ 7.6667, 15.0, 8.3334, 15.6667 ], "autoUv": false, "windMode": [5,5,5,5], "windData": [1,1,1,1] },
						"south": { "texture": "#burdock_stem", "uv": [ 7.6667, 15.0, 8.3334, 15.6667 ], "autoUv": false, "windMode": [5,5,5,5], "windData": [1,1,1,1] },
						"west": { "texture": "#burdock_stem", "uv": [ 7.6667, 15.0, 8.3334, 15.6667 ], "autoUv": false, "windMode": [5,5,5,5], "windData": [1,1,1,1] },
						"up": { "texture": "#burdock_stem", "uv": [ 7.6667, 15.0, 8.3334, 15.6667 ], "autoUv": false, "windMode": [5,5,5,5], "windData": [1,1,1,1] },
						"down": { "texture": "#burdock_stem", "uv": [ 7.6667, 15.0, 8.3334, 15.6667 ], "autoUv": false, "windMode": [5,5,5,5], "windData": [1,1,1,1] }
					}
				},
				{
					"name": "Cube10",
					"from": [ -0.5, 21.0, 14.0 ], 
					"to": [ 0.5, 22.5, 15.5 ], 
					"rotationOrigin": [ -0.5, 21.0, 14.0 ],
					"faces": {
						"north": { "texture": "#burdock_stem", "uv": [ 7.6667, 15.0, 8.3334, 15.9967 ], "autoUv": false, "windMode": [5,5,5,5], "windData": [1,1,1,1] },
						"east": { "texture": "#burdock_stem", "uv": [ 7.6667, 15.0, 8.6667, 16.0 ], "autoUv": false, "windMode": [5,5,5,5], "windData": [1,1,1,1] },
						"south": { "texture": "#burdock_stem", "uv": [ 7.6667, 15.0, 8.3334, 16.0 ], "autoUv": false, "windMode": [5,5,5,5], "windData": [1,1,1,1] },
						"west": { "texture": "#burdock_stem", "uv": [ 7.6667, 15.0, 8.6667, 16.0 ], "autoUv": false, "windMode": [5,5,5,5], "windData": [1,1,1,1] },
						"up": { "texture": "#burdock_stem", "uv": [ 7.6667, 15.0, 8.3334, 16.0 ], "autoUv": false, "windMode": [5,5,5,5], "windData": [1,1,1,1] },
						"down": { "texture": "#burdock_stem", "uv": [ 7.6667, 15.0, 8.3334, 16.0 ], "autoUv": false, "windMode": [5,5,5,5], "windData": [1,1,1,1] }
					}
				},
				{
					"name": "Cube11",
					"from": [ -0.5, 20.5, 9.0 ], 
					"to": [ 0.5, 21.5, 10.0 ], 
					"rotationOrigin": [ -0.5, 20.5, 9.0 ],
					"faces": {
						"north": { "texture": "#burdock_stem", "uv": [ 7.6667, 15.0, 8.3334, 15.6634 ], "autoUv": false, "windMode": [5,5,5,5], "windData": [1,1,1,1] },
						"east": { "texture": "#burdock_stem", "uv": [ 7.6667, 15.0, 8.3334, 15.6667 ], "autoUv": false, "windMode": [5,5,5,5], "windData": [1,1,1,1] },
						"south": { "texture": "#burdock_stem", "uv": [ 7.6666, 15.0, 8.3333, 15.6667 ], "autoUv": false, "windMode": [5,5,5,5], "windData": [1,1,1,1] },
						"west": { "texture": "#burdock_stem", "uv": [ 7.6667, 15.0, 8.3334, 15.6667 ], "autoUv": false, "windMode": [5,5,5,5], "windData": [1,1,1,1] },
						"up": { "texture": "#burdock_stem", "uv": [ 7.6667, 15.0, 8.3334, 15.6667 ], "autoUv": false, "windMode": [5,5,5,5], "windData": [1,1,1,1] },
						"down": { "texture": "#burdock_stem", "uv": [ 7.6667, 15.0, 8.3334, 15.6667 ], "autoUv": false, "windMode": [5,5,5,5], "windData": [1,1,1,1] }
					}
				},
				{
					"name": "Cube12",
					"from": [ -0.5, 18.5, 9.0 ], 
					"to": [ 0.5, 19.5, 10.0 ], 
					"rotationOrigin": [ -0.5, 18.5, 9.0 ],
					"faces": {
						"north": { "texture": "#burdock_stem", "uv": [ 7.6667, 15.0, 8.3334, 15.6634 ], "autoUv": false, "windMode": [5,5,5,5], "windData": [1,1,1,1] },
						"east": { "texture": "#burdock_stem", "uv": [ 7.6667, 15.0, 8.3334, 15.6667 ], "autoUv": false, "windMode": [5,5,5,5], "windData": [1,1,1,1] },
						"south": { "texture": "#burdock_stem", "uv": [ 7.6667, 15.0, 8.3334, 15.6667 ], "autoUv": false, "windMode": [5,5,5,5], "windData": [1,1,1,1] },
						"west": { "texture": "#burdock_stem", "uv": [ 7.6667, 15.0, 8.3334, 15.6667 ], "autoUv": false, "windMode": [5,5,5,5], "windData": [1,1,1,1] },
						"up": { "texture": "#burdock_stem", "uv": [ 7.6667, 15.0, 8.3334, 15.6667 ], "autoUv": false, "windMode": [5,5,5,5], "windData": [1,1,1,1] },
						"down": { "texture": "#burdock_stem", "uv": [ 7.6667, 15.0, 8.3334, 15.6667 ], "autoUv": false, "windMode": [5,5,5,5], "windData": [1,1,1,1] }
					}
				}
			]
		},
		{
			"name": "BigLeaf",
			"from": [ 3.7, 5.5, -9.5 ], 
			"to": [ 12.2, 5.5, 8.5 ], 
			"shade": false,
			"renderPass": 2,
			"rotationOrigin": [ 8.0, 5.0, 2.0 ],
			"rotationX": 22.5,
			"faces": {
				"north": { "texture": "#burdock_leaf_big", "uv": [ 0.0, 2.0, 8.3333, 2.3333 ], "enabled": false },
				"east": { "texture": "#burdock_leaf_big", "uv": [ 0.0, 0.0, 18.0, 0.3333 ], "enabled": false, "windMode": [-1,-1,-1,-1] },
				"south": { "texture": "#burdock_leaf_big", "uv": [ 0.0, 0.0, 8.3333, 0.3333 ], "enabled": false, "windMode": [-1,-1,-1,-1] },
				"west": { "texture": "#burdock_leaf_big", "uv": [ 0.0, 0.0, 18.0, 0.3333 ], "enabled": false, "windMode": [-1,-1,-1,-1] },
				"up": { "texture": "#burdock_leaf_big", "uv": [ 5.3333, 4.0, 11.0, 16.0 ], "autoUv": false, "windMode": [1,0,0,1] },
				"down": { "texture": "#burdock_leaf_big", "uv": [ 0.0, 0.0, 8.3333, 18.0 ], "enabled": false, "windMode": [-1,-1,-1,-1] }
			}
		},
		{
			"name": "SmallLeaf",
			"from": [ 2.0, 11.0, -1.0 ], 
			"to": [ 8.5, 11.0, 9.5 ], 
			"shade": false,
			"renderPass": 2,
			"rotationOrigin": [ 4.0, 8.0, 7.0 ],
			"rotationX": 22.5,
			"rotationY": 45.0,
			"rotationZ": -22.5,
			"faces": {
				"north": { "texture": "#burdock_leaf_small", "uv": [ 0.0, 2.0, 6.3333, 2.3333 ], "enabled": false },
				"east": { "texture": "#burdock_leaf_small", "uv": [ 0.0, 0.0, 10.3333, 0.3333 ], "enabled": false, "windMode": [-1,-1,-1,-1] },
				"south": { "texture": "#burdock_leaf_small", "uv": [ 0.0, 0.0, 6.3333, 0.3333 ], "enabled": false, "windMode": [-1,-1,-1,-1] },
				"west": { "texture": "#burdock_leaf_small", "uv": [ 0.0, 0.0, 10.3333, 0.3333 ], "enabled": false, "windMode": [-1,-1,-1,-1] },
				"up": { "texture": "#burdock_leaf_small", "uv": [ 5.6667, 9.0, 10.0, 16.0 ], "autoUv": false, "snapUv": false, "windMode": [1,5,5,1] },
				"down": { "texture": "#burdock_leaf_small", "uv": [ 0.0, 0.0, 6.3333, 10.3333 ], "enabled": false, "windMode": [-1,-1,-1,-1] }
			}
		},
		{
			"name": "SmallLeaf7",
			"from": [ 7.0, 15.5, 3.5 ], 
			"to": [ 13.5, 15.5, 14.0 ], 
			"shade": false,
			"renderPass": 2,
			"rotationOrigin": [ 9.0, 15.0, 11.0 ],
			"rotationX": 157.5,
			"rotationZ": 180.0,
			"faces": {
				"north": { "texture": "#burdock_leaf_small", "uv": [ 0.0, 2.0, 6.3333, 2.3333 ], "enabled": false },
				"east": { "texture": "#burdock_leaf_small", "uv": [ 0.0, 0.0, 10.3333, 0.3333 ], "enabled": false, "windMode": [-1,-1,-1,-1] },
				"south": { "texture": "#burdock_leaf_small", "uv": [ 0.0, 0.0, 6.3333, 0.3333 ], "enabled": false, "windMode": [-1,-1,-1,-1] },
				"west": { "texture": "#burdock_leaf_small", "uv": [ 0.0, 0.0, 10.3333, 0.3333 ], "enabled": false, "windMode": [-1,-1,-1,-1] },
				"up": { "texture": "#burdock_leaf_small", "uv": [ 5.6667, 9.0, 10.0, 16.0 ], "autoUv": false, "windMode": [1,5,5,1], "windData": [1,0,0,1] },
				"down": { "texture": "#burdock_leaf_small", "uv": [ 0.0, 0.0, 6.3333, 10.3333 ], "enabled": false, "windMode": [-1,-1,-1,-1] }
			}
		},
		{
			"name": "BigLeaf9",
			"from": [ 5.5, 5.0, 2.5 ], 
			"to": [ 14.0, 5.0, 20.5 ], 
			"shade": false,
			"renderPass": 2,
			"rotationOrigin": [ 10.0, 4.0, 14.0 ],
			"rotationX": 157.5,
			"rotationY": -22.5,
			"rotationZ": -180.0,
			"faces": {
				"north": { "texture": "#burdock_leaf_big", "uv": [ 0.0, 2.0, 8.3333, 2.3333 ], "enabled": false },
				"east": { "texture": "#burdock_leaf_big", "uv": [ 0.0, 0.0, 18.0, 0.3333 ], "enabled": false, "windMode": [-1,-1,-1,-1] },
				"south": { "texture": "#burdock_leaf_big", "uv": [ 0.0, 0.0, 8.3333, 0.3333 ], "enabled": false, "windMode": [-1,-1,-1,-1] },
				"west": { "texture": "#burdock_leaf_big", "uv": [ 0.0, 0.0, 18.0, 0.3333 ], "enabled": false, "windMode": [-1,-1,-1,-1] },
				"up": { "texture": "#burdock_leaf_big", "uv": [ 5.3333, 4.0, 11.0, 16.0 ], "autoUv": false, "windMode": [1,0,5,1] },
				"down": { "texture": "#burdock_leaf_big", "uv": [ 0.0, 0.0, 8.3333, 18.0 ], "enabled": false }
			}
		},
		{
			"name": "SmallLeaf9",
			"from": [ 9.0, 10.0, -0.8 ], 
			"to": [ 15.5, 10.0, 9.7 ], 
			"shade": false,
			"renderPass": 2,
			"rotationOrigin": [ 10.3, 13.0, 7.0 ],
			"rotationX": 157.5,
			"rotationY": -67.5,
			"rotationZ": 157.5,
			"faces": {
				"north": { "texture": "#burdock_leaf_small", "uv": [ 0.0, 2.0, 6.3333, 2.3333 ], "enabled": false },
				"east": { "texture": "#burdock_leaf_small", "uv": [ 0.0, 0.0, 10.3333, 0.3333 ], "enabled": false, "windMode": [-1,-1,-1,-1] },
				"south": { "texture": "#burdock_leaf_small", "uv": [ 0.0, 0.0, 6.3333, 0.3333 ], "enabled": false, "windMode": [-1,-1,-1,-1] },
				"west": { "texture": "#burdock_leaf_small", "uv": [ 0.0, 0.0, 10.3333, 0.3333 ], "enabled": false, "windMode": [-1,-1,-1,-1] },
				"up": { "texture": "#burdock_leaf_small", "uv": [ 5.6667, 9.0, 10.0, 16.0 ], "autoUv": false, "windMode": [1,5,5,1] },
				"down": { "texture": "#burdock_leaf_small", "uv": [ 0.0, 0.0, 6.3333, 10.3333 ], "enabled": false, "windMode": [-1,-1,-1,-1] }
			}
		},
		{
			"name": "Leaves13",
			"from": [ 8.0, 0.0, -4.0 ], 
			"to": [ 8.0, 24.0, 20.0 ], 
			"shade": false,
			"renderPass": 2,
			"rotationOrigin": [ 8.0, 0.0, 8.0 ],
			"rotationY": -112.5,
			"faces": {
				"north": { "texture": "#burdock_stem", "uv": [ 0.0, 0.0, 0.3333, 24.0 ], "enabled": false },
				"east": { "texture": "#burdock_stem", "uv": [ 0.0, 0.0, 16.0, 16.0 ], "autoUv": false, "windMode": [0,5,5,0], "windData": [0,1,1,0] },
				"south": { "texture": "#burdock_stem", "uv": [ 0.0, 0.0, 0.3333, 24.0 ], "enabled": false },
				"west": { "texture": "#burdock_stem", "uv": [ 0.0, 0.0, 24.0, 24.0 ], "enabled": false },
				"up": { "texture": "#burdock_stem", "uv": [ 0.0, 0.0, 0.3333, 24.0 ], "enabled": false },
				"down": { "texture": "#burdock_stem", "uv": [ 0.0, 0.0, 0.3333, 24.0 ], "enabled": false }
			},
			"children": [
				{
					"name": "Cube14",
					"from": [ -0.5, 22.5, 10.5 ], 
					"to": [ 0.5, 23.5, 11.5 ], 
					"rotationOrigin": [ -0.5, 22.5, 10.5 ],
					"faces": {
						"north": { "texture": "#burdock_stem", "uv": [ 7.6667, 15.0, 8.3334, 15.6634 ], "autoUv": false, "windMode": [5,5,5,5], "windData": [1,1,1,1] },
						"east": { "texture": "#burdock_stem", "uv": [ 7.6667, 15.0, 8.3334, 15.6667 ], "autoUv": false, "windMode": [5,5,5,5], "windData": [1,1,1,1] },
						"south": { "texture": "#burdock_stem", "uv": [ 7.6667, 15.0, 8.3334, 15.6667 ], "autoUv": false, "windMode": [5,5,5,5], "windData": [1,1,1,1] },
						"west": { "texture": "#burdock_stem", "uv": [ 7.6667, 15.0, 8.3334, 15.6667 ], "autoUv": false, "windMode": [5,5,5,5], "windData": [1,1,1,1] },
						"up": { "texture": "#burdock_stem", "uv": [ 7.6667, 15.0, 8.3334, 15.6667 ], "autoUv": false, "windMode": [5,5,5,5], "windData": [1,1,1,1] },
						"down": { "texture": "#burdock_stem", "uv": [ 7.6667, 15.0, 8.3334, 15.6667 ], "autoUv": false, "windMode": [5,5,5,5], "windData": [1,1,1,1] }
					}
				},
				{
					"name": "Cube15",
					"from": [ -0.5, 21.0, 14.0 ], 
					"to": [ 0.5, 22.5, 15.5 ], 
					"rotationOrigin": [ -0.5, 21.0, 14.0 ],
					"faces": {
						"north": { "texture": "#burdock_stem", "uv": [ 7.6667, 15.0, 8.3334, 15.9967 ], "autoUv": false, "windMode": [5,5,5,5], "windData": [1,1,1,1] },
						"east": { "texture": "#burdock_stem", "uv": [ 7.6667, 15.0, 8.6667, 16.0 ], "autoUv": false, "windMode": [5,5,5,5], "windData": [1,1,1,1] },
						"south": { "texture": "#burdock_stem", "uv": [ 7.6667, 15.0, 8.3334, 16.0 ], "autoUv": false, "windMode": [5,5,5,5], "windData": [1,1,1,1] },
						"west": { "texture": "#burdock_stem", "uv": [ 7.6667, 15.0, 8.6667, 16.0 ], "autoUv": false, "windMode": [5,5,5,5], "windData": [1,1,1,1] },
						"up": { "texture": "#burdock_stem", "uv": [ 7.6667, 15.0, 8.3334, 16.0 ], "autoUv": false, "windMode": [5,5,5,5], "windData": [1,1,1,1] },
						"down": { "texture": "#burdock_stem", "uv": [ 7.6667, 15.0, 8.3334, 16.0 ], "autoUv": false, "windMode": [5,5,5,5], "windData": [1,1,1,1] }
					}
				},
				{
					"name": "Cube16",
					"from": [ -0.5, 20.5, 9.0 ], 
					"to": [ 0.5, 21.5, 10.0 ], 
					"rotationOrigin": [ -0.5, 20.5, 9.0 ],
					"faces": {
						"north": { "texture": "#burdock_stem", "uv": [ 7.6667, 15.0, 8.3334, 15.6634 ], "autoUv": false, "windMode": [5,5,5,5], "windData": [1,1,1,1] },
						"east": { "texture": "#burdock_stem", "uv": [ 7.6667, 15.0, 8.3334, 15.6667 ], "autoUv": false, "windMode": [5,5,5,5], "windData": [1,1,1,1] },
						"south": { "texture": "#burdock_stem", "uv": [ 7.6666, 15.0, 8.3333, 15.6667 ], "autoUv": false, "windMode": [5,5,5,5], "windData": [1,1,1,1] },
						"west": { "texture": "#burdock_stem", "uv": [ 7.6667, 15.0, 8.3334, 15.6667 ], "autoUv": false, "windMode": [5,5,5,5], "windData": [1,1,1,1] },
						"up": { "texture": "#burdock_stem", "uv": [ 7.6667, 15.0, 8.3334, 15.6667 ], "autoUv": false, "windMode": [5,5,5,5], "windData": [1,1,1,1] },
						"down": { "texture": "#burdock_stem", "uv": [ 7.6667, 15.0, 8.3334, 15.6667 ], "autoUv": false, "windMode": [5,5,5,5], "windData": [1,1,1,1] }
					}
				},
				{
					"name": "Cube17",
					"from": [ -0.5, 18.5, 9.0 ], 
					"to": [ 0.5, 19.5, 10.0 ], 
					"rotationOrigin": [ -0.5, 18.5, 9.0 ],
					"faces": {
						"north": { "texture": "#burdock_stem", "uv": [ 7.6667, 15.0, 8.3334, 15.6634 ], "autoUv": false, "windMode": [5,5,5,5], "windData": [1,1,1,1] },
						"east": { "texture": "#burdock_stem", "uv": [ 7.6667, 15.0, 8.3334, 15.6667 ], "autoUv": false, "windMode": [5,5,5,5], "windData": [1,1,1,1] },
						"south": { "texture": "#burdock_stem", "uv": [ 7.6667, 15.0, 8.3334, 15.6667 ], "autoUv": false, "windMode": [5,5,5,5], "windData": [1,1,1,1] },
						"west": { "texture": "#burdock_stem", "uv": [ 7.6667, 15.0, 8.3334, 15.6667 ], "autoUv": false, "windMode": [5,5,5,5], "windData": [1,1,1,1] },
						"up": { "texture": "#burdock_stem", "uv": [ 7.6667, 15.0, 8.3334, 15.6667 ], "autoUv": false, "windMode": [5,5,5,5], "windData": [1,1,1,1] },
						"down": { "texture": "#burdock_stem", "uv": [ 7.6667, 15.0, 8.3334, 15.6667 ], "autoUv": false, "windMode": [5,5,5,5], "windData": [1,1,1,1] }
					}
				}
			]
		},
		{
			"name": "Leaves18",
			"from": [ 8.0, 0.0, -4.0 ], 
			"to": [ 8.0, 24.0, 20.0 ], 
			"shade": false,
			"renderPass": 2,
			"rotationOrigin": [ 8.0, 0.0, 8.0 ],
			"rotationY": 135.0,
			"faces": {
				"north": { "texture": "#burdock_stem", "uv": [ 0.0, 0.0, 0.3333, 24.0 ], "enabled": false },
				"east": { "texture": "#burdock_stem", "uv": [ 0.0, 0.0, 16.0, 16.0 ], "autoUv": false, "windMode": [0,5,5,0], "windData": [0,1,1,0] },
				"south": { "texture": "#burdock_stem", "uv": [ 0.0, 0.0, 0.3333, 24.0 ], "enabled": false },
				"west": { "texture": "#burdock_stem", "uv": [ 0.0, 0.0, 24.0, 24.0 ], "enabled": false },
				"up": { "texture": "#burdock_stem", "uv": [ 0.0, 0.0, 0.3333, 24.0 ], "enabled": false },
				"down": { "texture": "#burdock_stem", "uv": [ 0.0, 0.0, 0.3333, 24.0 ], "enabled": false }
			},
			"children": [
				{
					"name": "Cube19",
					"from": [ -0.5, 22.5, 10.5 ], 
					"to": [ 0.5, 23.5, 11.5 ], 
					"rotationOrigin": [ -0.5, 22.5, 10.5 ],
					"faces": {
						"north": { "texture": "#burdock_stem", "uv": [ 7.6667, 15.0, 8.3334, 15.6634 ], "autoUv": false, "windMode": [5,5,5,5], "windData": [1,1,1,1] },
						"east": { "texture": "#burdock_stem", "uv": [ 7.6667, 15.0, 8.3334, 15.6667 ], "autoUv": false, "windMode": [5,5,5,5], "windData": [1,1,1,1] },
						"south": { "texture": "#burdock_stem", "uv": [ 7.6667, 15.0, 8.3334, 15.6667 ], "autoUv": false, "windMode": [5,5,5,5], "windData": [1,1,1,1] },
						"west": { "texture": "#burdock_stem", "uv": [ 7.6667, 15.0, 8.3334, 15.6667 ], "autoUv": false, "windMode": [5,5,5,5], "windData": [1,1,1,1] },
						"up": { "texture": "#burdock_stem", "uv": [ 7.6667, 15.0, 8.3334, 15.6667 ], "autoUv": false, "windMode": [5,5,5,5], "windData": [1,1,1,1] },
						"down": { "texture": "#burdock_stem", "uv": [ 7.6667, 15.0, 8.3334, 15.6667 ], "autoUv": false, "windMode": [5,5,5,5], "windData": [1,1,1,1] }
					}
				},
				{
					"name": "Cube20",
					"from": [ -0.5, 21.0, 14.0 ], 
					"to": [ 0.5, 22.5, 15.5 ], 
					"rotationOrigin": [ -0.5, 21.0, 14.0 ],
					"faces": {
						"north": { "texture": "#burdock_stem", "uv": [ 7.6667, 15.0, 8.3334, 15.9967 ], "autoUv": false, "windMode": [5,5,5,5], "windData": [1,1,1,1] },
						"east": { "texture": "#burdock_stem", "uv": [ 7.6667, 15.0, 8.6667, 16.0 ], "autoUv": false, "windMode": [5,5,5,5], "windData": [1,1,1,1] },
						"south": { "texture": "#burdock_stem", "uv": [ 7.6667, 15.0, 8.3334, 16.0 ], "autoUv": false, "windMode": [5,5,5,5], "windData": [1,1,1,1] },
						"west": { "texture": "#burdock_stem", "uv": [ 7.6667, 15.0, 8.6667, 16.0 ], "autoUv": false, "windMode": [5,5,5,5], "windData": [1,1,1,1] },
						"up": { "texture": "#burdock_stem", "uv": [ 7.6667, 15.0, 8.3334, 16.0 ], "autoUv": false, "windMode": [5,5,5,5], "windData": [1,1,1,1] },
						"down": { "texture": "#burdock_stem", "uv": [ 7.6667, 15.0, 8.3334, 16.0 ], "autoUv": false, "windMode": [5,5,5,5], "windData": [1,1,1,1] }
					}
				},
				{
					"name": "Cube21",
					"from": [ -0.5, 20.5, 9.0 ], 
					"to": [ 0.5, 21.5, 10.0 ], 
					"rotationOrigin": [ -0.5, 20.5, 9.0 ],
					"faces": {
						"north": { "texture": "#burdock_stem", "uv": [ 7.6667, 15.0, 8.3334, 15.6634 ], "autoUv": false, "windMode": [5,5,5,5], "windData": [1,1,1,1] },
						"east": { "texture": "#burdock_stem", "uv": [ 7.6667, 15.0, 8.3334, 15.6667 ], "autoUv": false, "windMode": [5,5,5,5], "windData": [1,1,1,1] },
						"south": { "texture": "#burdock_stem", "uv": [ 7.6666, 15.0, 8.3333, 15.6667 ], "autoUv": false, "windMode": [5,5,5,5], "windData": [1,1,1,1] },
						"west": { "texture": "#burdock_stem", "uv": [ 7.6667, 15.0, 8.3334, 15.6667 ], "autoUv": false, "windMode": [5,5,5,5], "windData": [1,1,1,1] },
						"up": { "texture": "#burdock_stem", "uv": [ 7.6667, 15.0, 8.3334, 15.6667 ], "autoUv": false, "windMode": [5,5,5,5], "windData": [1,1,1,1] },
						"down": { "texture": "#burdock_stem", "uv": [ 7.6667, 15.0, 8.3334, 15.6667 ], "autoUv": false, "windMode": [5,5,5,5], "windData": [1,1,1,1] }
					}
				},
				{
					"name": "Cube22",
					"from": [ -0.5, 18.5, 9.0 ], 
					"to": [ 0.5, 19.5, 10.0 ], 
					"rotationOrigin": [ -0.5, 18.5, 9.0 ],
					"faces": {
						"north": { "texture": "#burdock_stem", "uv": [ 7.6667, 15.0, 8.3334, 15.6634 ], "autoUv": false, "windMode": [5,5,5,5], "windData": [1,1,1,1] },
						"east": { "texture": "#burdock_stem", "uv": [ 7.6667, 15.0, 8.3334, 15.6667 ], "autoUv": false, "windMode": [5,5,5,5], "windData": [1,1,1,1] },
						"south": { "texture": "#burdock_stem", "uv": [ 7.6667, 15.0, 8.3334, 15.6667 ], "autoUv": false, "windMode": [5,5,5,5], "windData": [1,1,1,1] },
						"west": { "texture": "#burdock_stem", "uv": [ 7.6667, 15.0, 8.3334, 15.6667 ], "autoUv": false, "windMode": [5,5,5,5], "windData": [1,1,1,1] },
						"up": { "texture": "#burdock_stem", "uv": [ 7.6667, 15.0, 8.3334, 15.6667 ], "autoUv": false, "windMode": [5,5,5,5], "windData": [1,1,1,1] },
						"down": { "texture": "#burdock_stem", "uv": [ 7.6667, 15.0, 8.3334, 15.6667 ], "autoUv": false, "windMode": [5,5,5,5], "windData": [1,1,1,1] }
					}
				}
			]
		}
	]}