{
	"editor": {
		"allAngles": false,
		"entityTextureMode": false
	},
	"textureWidth": 16,
	"textureHeight": 16,
	"textureSizes": {
	},
	"textures": {
	},
	"elements": [
		{
			"name": "Leaves",
			"from": [ 8.0, 0.0, -4.0 ], 
			"to": [ 8.0, 48.0, 20.0 ], 
			"rotationOrigin": [ 8.0, 0.0, 8.0 ],
			"rotationY": 22.5,
			"shade": false,
			"renderPass": 2,
			"faces": {
				"north": { "texture": "#null", "uv": [ 0.0, 0.0, 0.5, 48.0 ], "enabled": false },
				"east": { "texture": "#null", "uv": [ 0.0, 0.0, 24.0, 48.0 ], "enabled": false },
				"south": { "texture": "#null", "uv": [ 0.0, 0.0, 0.5, 48.0 ], "enabled": false },
				"west": { "texture": "#leaves", "uv": [ 0.0, 0.0, 16.0, 16.0 ], "autoUv": false, "windMode": [0,0,5,5], "windData": [0,0,3,3] },
				"up": { "texture": "#null", "uv": [ 2.5, 1.0, 3.0, 25.0 ], "enabled": false },
				"down": { "texture": "#null", "uv": [ 4.0, 0.5, 4.5, 24.5 ], "enabled": false }
			}
		},
		{
			"name": "Leaves2",
			"from": [ 8.0, 0.0, -4.0 ], 
			"to": [ 8.0, 48.0, 20.0 ], 
			"rotationOrigin": [ 8.0, 0.0, 8.0 ],
			"rotationY": 106.0,
			"shade": false,
			"renderPass": 2,
			"faces": {
				"north": { "texture": "#null", "uv": [ 0.0, 0.0, 0.5, 48.0 ], "enabled": false },
				"east": { "texture": "#null", "uv": [ 0.0, 0.0, 24.0, 48.0 ], "enabled": false },
				"south": { "texture": "#null", "uv": [ 0.0, 0.0, 0.5, 48.0 ], "enabled": false },
				"west": { "texture": "#leaves", "uv": [ 0.0, 0.0, 16.0, 16.0 ], "autoUv": false, "windMode": [0,0,5,5], "windData": [0,0,3,3] },
				"up": { "texture": "#null", "uv": [ 2.5, 1.0, 3.0, 25.0 ], "enabled": false },
				"down": { "texture": "#null", "uv": [ 4.0, 0.5, 4.5, 24.5 ], "enabled": false }
			}
		}
	]}