{
	"editor": {
		"allAngles": false,
		"entityTextureMode": false
	},
	"textureWidth": 16,
	"textureHeight": 16,
	"textureSizes": {
	},
	"textures": {
		"tule": "wildcraft:block/plant/leafygroundvegetable/stem/tule"
	},
	"elements": [
		{
			"name": "Leaves",
			"from": [ -4.0, 0.0, 8.0 ], 
			"to": [ 20.0, 64.0, 8.0 ], 
			"rotationOrigin": [ 8.0, 0.0, 8.0 ],
			"climateColorMap": "climatePlantTint",
			"seasonColorMap": "seasonalGrass",
			"faces": {
				"north": { "texture": "#tule", "uv": [ 0.0, 0.0, 16.0, 16.0 ], "autoUv": false, "windMode": [0,5,5,0], "windData": [0,4,4,0] },
				"east": { "texture": "#null", "uv": [ 0.0, 0.0, 0.5, 64.0 ], "enabled": false },
				"south": { "texture": "#null", "uv": [ 0.0, 0.0, 24.0, 64.0 ], "enabled": false },
				"west": { "texture": "#null", "uv": [ 0.0, 0.0, 0.5, 64.0 ], "enabled": false },
				"up": { "texture": "#null", "uv": [ 2.0, 1.0, 26.0, 1.5 ], "enabled": false },
				"down": { "texture": "#null", "uv": [ 0.0, 0.0, 24.0, 0.5 ], "enabled": false }
			}
		},
		{
			"name": "Leaves2",
			"from": [ -4.0, 0.0, 8.0 ], 
			"to": [ 20.0, 64.0, 8.0 ], 
			"rotationOrigin": [ 8.0, 0.0, 8.0 ],
			"climateColorMap": "climatePlantTint",
			"seasonColorMap": "seasonalGrass",
			"rotationY": 67.5,
			"faces": {
				"north": { "texture": "#tule", "uv": [ 0.0, 0.0, 16.0, 16.0 ], "autoUv": false, "windMode": [0,5,5,0], "windData": [0,4,4,0] },
				"east": { "texture": "#null", "uv": [ 0.0, 0.0, 0.5, 64.0 ], "enabled": false },
				"south": { "texture": "#null", "uv": [ 0.0, 0.0, 24.0, 64.0 ], "enabled": false },
				"west": { "texture": "#null", "uv": [ 0.0, 0.0, 0.5, 64.0 ], "enabled": false },
				"up": { "texture": "#null", "uv": [ 2.0, 1.0, 26.0, 1.5 ], "enabled": false },
				"down": { "texture": "#null", "uv": [ 0.0, 0.0, 24.0, 0.5 ], "enabled": false }
			}
		},
		{
			"name": "Leaves3",
			"from": [ -4.0, 0.0, 8.0 ], 
			"to": [ 20.0, 64.0, 8.0 ], 
			"rotationOrigin": [ 8.0, 0.0, 8.0 ],
			"climateColorMap": "climatePlantTint",
			"seasonColorMap": "seasonalGrass",
			"rotationY": -45.0,
			"faces": {
				"north": { "texture": "#tule", "uv": [ 0.0, 0.0, 16.0, 16.0 ], "autoUv": false, "windMode": [0,5,5,0], "windData": [0,4,4,0] },
				"east": { "texture": "#null", "uv": [ 0.0, 0.0, 0.5, 64.0 ], "enabled": false },
				"south": { "texture": "#null", "uv": [ 0.0, 0.0, 24.0, 64.0 ], "enabled": false },
				"west": { "texture": "#null", "uv": [ 0.0, 0.0, 0.5, 64.0 ], "enabled": false },
				"up": { "texture": "#null", "uv": [ 2.0, 1.0, 26.0, 1.5 ], "enabled": false },
				"down": { "texture": "#null", "uv": [ 0.0, 0.0, 24.0, 0.5 ], "enabled": false }
			}
		}
	]}