﻿[
	{
		"op": "add",
		"path": "/attributes/handbook/createdByByType",
		"value": { 
			"@debarkedlog-(aged|birch|oak|maple|pine|acacia|kapok|baldcypress|larch|redwood|ebony|walnut|purpleheart)-(ud)": "ancienttools:handbook-barkstripping-craftinfo"
		},
		"file": "game:blocktypes/wood/woodtyped/log-debarked",
		"side": "Server",
	},
	{
		"op": "add",
		"path":"/behaviors/-",
		"value": {
			name: "SplitLog",
			properties: {
				wedgeboxnorth: { x1: 0.4, y1: 1, z1: 0.2, x2: 0.6, y2: 1.1, z2: 0.4 },
				wedgeboxeast: { x1: 0.6, y1: 1.0, z1: 0.4, x2: 0.8, y2: 1.1, z2: 0.6 },
				wedgeboxsouth: { x1: 0.4, y1: 1, z1: 0.6, x2: 0.6, y2: 1.1, z2: 0.8 },
				wedgeboxwest: { x1: 0.2, y1: 1.0, z1: 0.4, x2: 0.4, y2: 1.1, z2: 0.6 },
				mallethitboxnorth: { x1: 0.4, y1: 1, z1: 0.2, x2: 0.6, y2: 1.3, z2: 0.4 },
				mallethitboxeast: { x1: 0.6, y1: 1.0, z1: 0.4, x2: 0.8, y2: 1.3, z2: 0.6 },
				mallethitboxsouth: { x1: 0.4, y1: 1, z1: 0.6, x2: 0.6, y2: 1.3, z2: 0.8 },
				mallethitboxwest: { x1: 0.2, y1: 1.0, z1: 0.4, x2: 0.4, y2: 1.3, z2: 0.6 },
			}
		},
		"file": "game:blocktypes/wood/woodtyped/log-debarked",
		"side": "Server",
	},
	{
		"op": "add",
		"path": "/classByType",
		"value": {
			"*-ud": "BlockSplitLog",
			"*": "BlockLog"
		},
		"file": "game:blocktypes/wood/woodtyped/log-debarked",
		"side": "Server",
	},
	{
		"op": "remove",
		"path": "/class",
		"file": "game:blocktypes/wood/woodtyped/log-debarked",
		"side": "Server",
	},
	{
		"op": "add",
		"path": "/entityClassByType",
		"value": { 
			"*-ud": "BESplitLog"
		},
		"file": "game:blocktypes/wood/woodtyped/log-debarked",
		"side": "Server",
	},
	{
		"op": "replace",
		"path": "/drawtype",
		"value": "json",
		"file": "game:blocktypes/wood/woodtyped/log-debarked",
		"side": "Server",
	},
	{
		"op": "add",
		"path": "/sideopaquebytype",
		"value": {
			"*-ud": { all: false },
		},
		"file": "game:blocktypes/wood/woodtyped/log-debarked",
		"side": "Server",
	},
	{
		"op": "addmerge",
		"path": "/attributes/splitLogDropCodeByType",
		"value": { 
			"@debarkedlog-(aged|birch|oak|maple|pine|acacia|kapok|baldcypress|larch|redwood|ebony|walnut|purpleheart)-(ud)": "game:supportbeam-{wood}"
		},
		"file": "game:blocktypes/wood/woodtyped/log-debarked",
		"side": "Server",
	},
]