﻿[
    {
        "op": "add",
        "path": "/attributes/woodStrippable",
        "value": {
            "resultingLog": "game:debarkedlog-{wood}-{rotation}", 
            "barkMultiplier": 1
        },
        "file": "game:blocktypes/wood/woodtyped/log",
		"side": "Server"
    },
    {
        "op": "add",
        "path": "/behaviorsByType/*-grown-*/-",
        "value": { "name": "ConvertToResinLog", properties: { "variantType": "wood", "variantValues": ["pine", "acacia"] } },
        "file": "game:blocktypes/wood/woodtyped/log",
        "side": "Server",
        "condition": { "when": "AllowCarvingForResin", "isValue": "true" }
    },
    {
        "op": "move",
		"frompath": "/behaviorsByType/*",
		"path": "/temp",
		"file": "game:blocktypes/wood/woodtyped/log",
		"side": "Server",
        "condition": { "when": "AllowCarvingForResin", "isValue": "true" }
    },
    {
        "op": "move",
		"frompath": "/temp",
		"path": "/behaviorsByType/*",
		"file": "game:blocktypes/wood/woodtyped/log",
		"side": "Server",
        "condition": { "when": "AllowCarvingForResin", "isValue": "true" }
    },
    {
        "op": "add",
        "path": "/enabled",
        "value": "false",
        "file": "blocktypes/directionalresin",
        "side": "Server",
        "condition": { "when": "AllowCarvingForResin", "isValue": "false" }
    }
]