﻿{
  "code": "quiver",
  "class": "ItemWearable",
  "variantgroups": [{"code": "category", "states": ["waist"]}, {"code": "subtype", "states": ["plain"]}],
  "shape": {"base": "quiver-waist-plain"},
  "texturesByType": {"*": {"seraph": {"base": "game:block/transparent"}}},
  "storageFlags": 128,
  "behaviors": [{"name": "CombatOverhaul:GearEquipableBag", "properties": {"canHoldWildcards": ["*javelin-*"], "color": "#969350", "slotsNumber": 5}}],
  "attributes": {"wearableAttachment": true, "clothescategory": "waist", "warmthByType": {"*": 0}},
  "creativeinventory": {"armory": ["*"]},
  "renderAlphaTest": 0.25,
  "tpHandTransform": {"translation": {"x": -0.78, "y": -0.93, "z": -1.23}, "rotation": {"x": 35, "y": -90, "z": 49}, "scale": 0.67},
  "guiTransform": {"translation": {"x": 0, "y": 0, "z": 36}, "rotation": {"x": 174, "y": -29, "z": 13}, "origin": {"x": 0.9, "y": 0.75, "z": 1.1}, "scale": 1.89},
  "groundTransform": {"translation": {"x": 0.05, "y": -0.21, "z": 0}, "rotation": {"x": 0, "y": 0, "z": 0}, "origin": {"x": 0.5, "y": 0.5, "z": 0.5299}, "scale": 2.72}
}