{
	"code": "tongarm",
	"variantgroups": [
		{
			"code": "metal",
			"states": [
				"copper",
				"tinbronze",
				"bismuthbronze",
				"blackbronze",
				"iron",
				"meteoriciron",
				"steel"
			]
		}
	],
	"heldTpUseAnimation": "interactstatic",
	"maxstacksize": 8,
	"shape": {
		"base": "metaltongs:item/toolhead/tongarm"
	},
	"texturesByType": {
		"*": {
			"metal": {
				"base": "game:block/metal/ingot/{metal}"
			}
		}
	},
	"creativeinventory": {
		"general": [
			"*"
		],
		"items": [
			"*"
		]
	},
	"guiTransform": {
		"translation": {
			"x": 0,
			"y": 0,
			"z": 0
		},
		"rotation": {
			"x": -65,
			"y": 98,
			"z": 33
		},
		"origin": {
			"x": 0.57,
			"y": 0.5,
			"z": 0.47
		},
		"scale": 1.84
	},
	"fpHandTransform": {
		"translation": {
			"x": -0.01,
			"y": -0.48,
			"z": 0
		},
		"rotation": {
			"x": 35,
			"y": 50,
			"z": -11
		},
		"scale": 2.75
	},
	"groundTransform": {
		"translation": {
			"x": 0,
			"y": 0,
			"z": 0
		},
		"rotation": {
			"x": 0,
			"y": 0,
			"z": 0
		},
		"origin": {
			"x": 0.5,
			"y": 0,
			"z": 0.5
		},
		"scale": 4.5
	},
	"tpHandTransform": {
		"translation": {
			"x": -0.8,
			"y": -0.7,
			"z": -0.9
		},
		"rotation": {
			"x": -36,
			"y": 5,
			"z": -73
		},
		"origin": {
			"x": 0.5,
			"y": 0.2,
			"z": 0.5
		},
		"scale": 0.6
	}
}