{
	"editor": {
		"allAngles": false,
		"entityTextureMode": false
	},
	"textureWidth": 16,
	"textureHeight": 16,
	"textureSizes": {
	},
	"textures": {
	},
	"elements": [
		{
			"name": "Origin",
			"from": [ 8.0, 1.0, 8.0 ],
			"to": [ 8.0, 1.0, 8.0 ],
			"rotationOrigin": [ 8.0, 1.0, 8.0 ],
			"faces": {
			},
			"children": [
				{
					"name": "Cube1",
					"from": [ -3.0, 0.1, -2.0 ],
					"to": [ 0.0, 1.1, 2.0 ],
					"rotationOrigin": [ -1.0, 0.1, 0.0 ],
					"faces": {
						"north": { "texture": "#calcinedflint", "uv": [ 6.0, 8.0, 9.0, 9.0 ] },
						"east": { "texture": "#calcinedflint", "uv": [ 6.0, 7.0, 10.0, 8.0 ] },
						"south": { "texture": "#calcinedflint", "uv": [ 7.0, 8.0, 10.0, 9.0 ] },
						"west": { "texture": "#calcinedflint", "uv": [ 6.5, 6.5, 10.5, 7.5 ] },
						"up": { "texture": "#calcinedflint", "uv": [ 7.0, 6.0, 10.0, 10.0 ] }
					}
				},
				{
					"name": "Cube3",
					"from": [ -2.0, 0.1, -2.5 ],
					"to": [ 0.0, 2.1, 0.5 ],
					"rotationOrigin": [ 0.0, 0.1, -0.5 ],
					"faces": {
						"north": { "texture": "#calcinedflint", "uv": [ 8.0, 7.0, 10.0, 9.0 ] },
						"east": { "texture": "#calcinedflint", "uv": [ 5.5, 7.5, 8.5, 9.5 ] },
						"south": { "texture": "#calcinedflint", "uv": [ 5.5, 6.0, 7.5, 8.0 ] },
						"west": { "texture": "#calcinedflint", "uv": [ 6.5, 7.5, 9.5, 9.5 ] },
						"up": { "texture": "#calcinedflint", "uv": [ 5.0, 5.5, 7.0, 8.5 ] }
					}
				},
				{
					"name": "Cube4",
					"from": [ 0.0, 1.1, -1.0 ],
					"to": [ 1.0, 2.6, 1.0 ],
					"rotationOrigin": [ 0.0, 0.1, -1.5 ],
					"faces": {
						"north": { "texture": "#calcinedflint", "uv": [ 7.5, 8.5, 8.5, 10.0 ] },
						"east": { "texture": "#calcinedflint", "uv": [ 5.5, 9.5, 7.5, 11.0 ] },
						"south": { "texture": "#calcinedflint", "uv": [ 5.5, 7.0, 6.5, 8.5 ] },
						"west": { "texture": "#calcinedflint", "uv": [ 6.5, 6.0, 8.5, 7.5 ] },
						"up": { "texture": "#calcinedflint", "uv": [ 7.5, 6.5, 8.5, 8.5 ] }
					}
				},
				{
					"name": "Cube11",
					"from": [ -2.5, 0.6, -1.5 ],
					"to": [ -2.0, 1.6, 0.0 ],
					"rotationOrigin": [ -0.5, 0.6, -2.0 ],
					"faces": {
						"north": { "texture": "#calcinedflint", "uv": [ 10.0, 11.5, 10.5, 12.5 ] },
						"south": { "texture": "#calcinedflint", "uv": [ 5.0, 5.5, 5.5, 6.5 ] },
						"west": { "texture": "#calcinedflint", "uv": [ 9.0, 7.5, 10.5, 8.5 ] },
						"up": { "texture": "#calcinedflint", "uv": [ 11.5, 4.5, 12.0, 6.0 ] }
					}
				},
				{
					"name": "Cube12",
					"from": [ -1.5, 2.1, -2.0 ],
					"to": [ -0.5, 2.6, -0.5 ],
					"rotationOrigin": [ 0.5, 0.6, -2.5 ],
					"faces": {
						"north": { "texture": "#calcinedflint", "uv": [ 8.0, 8.5, 9.0, 9.0 ] },
						"east": { "texture": "#calcinedflint", "uv": [ 6.0, 5.5, 7.5, 6.0 ] },
						"south": { "texture": "#calcinedflint", "uv": [ 8.0, 5.5, 9.0, 6.0 ] },
						"west": { "texture": "#calcinedflint", "uv": [ 6.0, 5.5, 7.5, 6.0 ] },
						"up": { "texture": "#calcinedflint", "uv": [ 7.0, 5.5, 8.0, 7.0 ] }
					}
				},
				{
					"name": "Cube13",
					"from": [ -0.5, 0.1, -3.0 ],
					"to": [ 1.5, 1.6, -1.0 ],
					"rotationOrigin": [ 1.0, -1.4, -3.5 ],
					"faces": {
						"north": { "texture": "#calcinedflint", "uv": [ 7.0, 8.5, 9.0, 10.0 ] },
						"east": { "texture": "#calcinedflint", "uv": [ 7.0, 5.5, 9.0, 7.0 ] },
						"south": { "texture": "#calcinedflint", "uv": [ 5.0, 5.5, 7.0, 7.0 ] },
						"up": { "texture": "#calcinedflint", "uv": [ 6.5, 6.5, 8.5, 8.5 ] }
					}
				},
				{
					"name": "Cube15",
					"from": [ 1.5, 0.1, -2.5 ],
					"to": [ 2.5, 0.6, -1.5 ],
					"rotationOrigin": [ 0.5, 0.6, -3.0 ],
					"faces": {
						"north": { "texture": "#calcinedflint", "uv": [ 7.5, 7.5, 8.5, 8.0 ] },
						"east": { "texture": "#calcinedflint", "uv": [ 6.0, 5.5, 7.0, 6.0 ] },
						"south": { "texture": "#calcinedflint", "uv": [ 8.0, 5.0, 9.0, 5.5 ] },
						"up": { "texture": "#calcinedflint", "uv": [ 6.0, 7.0, 7.0, 8.0 ] }
					}
				},
				{
					"name": "Cube17",
					"from": [ -2.0, 0.1, 1.0 ],
					"to": [ 0.0, 0.6, 2.5 ],
					"rotationOrigin": [ 1.0, 0.6, -4.5 ],
					"faces": {
						"east": { "texture": "#calcinedflint", "uv": [ 6.0, 7.0, 7.5, 7.5 ] },
						"south": { "texture": "#calcinedflint", "uv": [ 6.5, 9.5, 8.5, 10.0 ] },
						"west": { "texture": "#calcinedflint", "uv": [ 6.5, 6.0, 8.0, 6.5 ] },
						"up": { "texture": "#calcinedflint", "uv": [ 7.5, 7.5, 9.5, 9.0 ] }
					}
				},
				{
					"name": "Cube18",
					"from": [ 0.5, 0.1, 2.0 ],
					"to": [ 1.5, 0.6, 3.0 ],
					"rotationOrigin": [ 3.5, 0.6, -3.5 ],
					"faces": {
						"north": { "texture": "#calcinedflint", "uv": [ 0.0, 0.0, 1.0, 0.5 ], },
						"east": { "texture": "#calcinedflint", "uv": [ 7.0, 6.0, 8.0, 6.5 ] },
						"south": { "texture": "#calcinedflint", "uv": [ 6.0, 7.0, 7.0, 7.5 ] },
						"west": { "texture": "#calcinedflint", "uv": [ 7.0, 7.0, 8.0, 7.5 ] },
						"up": { "texture": "#calcinedflint", "uv": [ 6.0, 8.5, 7.0, 9.5 ] }
					}
				},
				{
					"name": "Cube19",
					"from": [ -0.5, 1.1, -0.5 ],
					"to": [ 1.5, 1.6, 1.5 ],
					"rotationOrigin": [ 2.5, 1.6, -6.0 ],
					"faces": {
						"north": { "texture": "#calcinedflint", "uv": [ 6.5, 8.5, 8.5, 9.0 ] },
						"east": { "texture": "#calcinedflint", "uv": [ 7.0, 5.5, 9.0, 6.0 ] },
						"south": { "texture": "#calcinedflint", "uv": [ 5.5, 7.0, 7.5, 7.5 ] },
						"west": { "texture": "#calcinedflint", "uv": [ 8.5, 6.5, 10.5, 7.0 ] },
						"up": { "texture": "#calcinedflint", "uv": [ 7.5, 9.0, 9.5, 11.0 ] }
					}
				},
				{
					"name": "Cube20",
					"from": [ 1.5, 0.1, -1.0 ],
					"to": [ 3.0, 0.6, 1.5 ],
					"rotationOrigin": [ 0.5, 0.6, -1.5 ],
					"faces": {
						"north": { "texture": "#calcinedflint", "uv": [ 7.5, 6.5, 9.0, 7.0 ] },
						"east": { "texture": "#calcinedflint", "uv": [ 8.0, 5.0, 10.5, 5.5 ] },
						"south": { "texture": "#calcinedflint", "uv": [ 7.5, 5.5, 9.0, 6.0 ] },
						"west": { "texture": "#calcinedflint", "uv": [ 0.0, 0.0, 2.5, 0.5 ], },
						"up": { "texture": "#calcinedflint", "uv": [ 5.5, 4.5, 7.0, 7.0 ] }
					}
				},
				{
					"name": "Cube21",
					"from": [ 0.0, 1.6, -2.0 ],
					"to": [ 0.5, 2.1, -1.0 ],
					"rotationOrigin": [ -1.0, 2.1, -2.5 ],
					"faces": {
						"north": { "texture": "#calcinedflint", "uv": [ 8.5, 6.0, 9.0, 6.5 ] },
						"east": { "texture": "#calcinedflint", "uv": [ 6.5, 5.5, 7.5, 6.0 ] },
						"up": { "texture": "#calcinedflint", "uv": [ 7.5, 6.0, 8.0, 7.0 ] }
					}
				},
				{
					"name": "Cube23",
					"from": [ -1.5, 0.6, -3.5 ],
					"to": [ -0.5, 1.6, -2.5 ],
					"rotationOrigin": [ 0.5, -1.9, -3.0 ],
					"faces": {
						"north": { "texture": "#calcinedflint", "uv": [ 8.0, 9.5, 9.0, 10.5 ] },
						"east": { "texture": "#calcinedflint", "uv": [ 7.0, 5.5, 8.0, 6.5 ] },
						"west": { "texture": "#calcinedflint", "uv": [ 7.5, 7.5, 8.5, 8.5 ] },
						"up": { "texture": "#calcinedflint", "uv": [ 7.0, 6.0, 8.0, 7.0 ] }
					}
				},
				{
					"name": "Cube26",
					"from": [ 2.0, 0.6, -0.5 ],
					"to": [ 2.5, 1.1, 0.5 ],
					"rotationOrigin": [ 1.0, 1.1, -1.0 ],
					"faces": {
						"north": { "texture": "#calcinedflint", "uv": [ 8.0, 8.5, 8.5, 9.0 ] },
						"east": { "texture": "#calcinedflint", "uv": [ 6.0, 6.5, 7.0, 7.0 ] },
						"south": { "texture": "#calcinedflint", "uv": [ 5.5, 6.5, 6.0, 7.0 ] },
						"west": { "texture": "#null", "uv": [ 0.0, 0.0, 1.0, 0.5 ], "windMode": [-1,-1,-1,-1] },
						"up": { "texture": "#calcinedflint", "uv": [ 8.5, 7.5, 9.0, 8.5 ] }
					}
				},
				{
					"name": "Cube32",
					"from": [ 1.5, 1.1, -1.5 ],
					"to": [ 2.0, 1.6, -1.0 ],
					"rotationOrigin": [ 2.5, -2.4, -7.0 ],
					"faces": {
						"north": { "texture": "#calcinedflint", "uv": [ 8.5, 8.0, 9.0, 8.5 ] },
						"east": { "texture": "#calcinedflint", "uv": [ 8.5, 6.5, 9.0, 7.0 ] },
						"south": { "texture": "#calcinedflint", "uv": [ 6.0, 7.5, 6.5, 8.0 ] },
						"up": { "texture": "#calcinedflint", "uv": [ 9.5, 8.5, 10.0, 9.0 ] }
					}
				},
				{
					"name": "Cube36",
					"from": [ 1.5, 1.1, 0.0 ],
					"to": [ 2.0, 1.6, 0.5 ],
					"rotationOrigin": [ 2.5, -2.4, -5.5 ],
					"faces": {
						"north": { "texture": "#calcinedflint", "uv": [ 9.5, 9.0, 10.0, 9.5 ] },
						"east": { "texture": "#calcinedflint", "uv": [ 7.0, 5.5, 7.5, 6.0 ] },
						"south": { "texture": "#calcinedflint", "uv": [ 7.0, 6.0, 7.5, 6.5 ] },
						"up": { "texture": "#calcinedflint", "uv": [ 7.5, 8.5, 8.0, 9.0 ] }
					}
				},
				{
					"name": "Cube38",
					"from": [ 0.5, 2.6, 0.0 ],
					"to": [ 1.0, 3.1, 0.5 ],
					"rotationOrigin": [ 1.5, -0.9, -5.5 ],
					"faces": {
						"north": { "texture": "#calcinedflint", "uv": [ 7.5, 8.0, 8.0, 8.5 ] },
						"east": { "texture": "#calcinedflint", "uv": [ 8.0, 5.5, 8.5, 6.0 ] },
						"south": { "texture": "#calcinedflint", "uv": [ 5.5, 7.0, 6.0, 7.5 ] },
						"west": { "texture": "#calcinedflint", "uv": [ 9.0, 10.0, 9.5, 10.5 ] },
						"up": { "texture": "#calcinedflint", "uv": [ 7.5, 6.0, 8.0, 6.5 ] }
					}
				},
				{
					"name": "Cube39",
					"from": [ 1.0, 1.6, 0.0 ],
					"to": [ 1.5, 2.1, 0.5 ],
					"rotationOrigin": [ 2.0, -1.9, -5.5 ],
					"faces": {
						"north": { "texture": "#calcinedflint", "uv": [ 8.5, 8.0, 9.0, 8.5 ] },
						"east": { "texture": "#calcinedflint", "uv": [ 4.5, 7.5, 5.0, 8.0 ] },
						"south": { "texture": "#calcinedflint", "uv": [ 7.5, 6.0, 8.0, 6.5 ] },
						"up": { "texture": "#calcinedflint", "uv": [ 7.5, 5.5, 8.0, 6.0 ] }
					}
				},
				{
					"name": "Cube47",
					"from": [ -1.0, 0.1, 2.5 ],
					"to": [ -0.5, 0.6, 3.0 ],
					"rotationOrigin": [ 0.0, -3.4, -3.0 ],
					"faces": {
						"east": { "texture": "#calcinedflint", "uv": [ 6.5, 9.0, 7.0, 9.5 ] },
						"south": { "texture": "#calcinedflint", "uv": [ 5.5, 8.0, 6.0, 8.5 ] },
						"west": { "texture": "#calcinedflint", "uv": [ 7.5, 6.5, 8.0, 7.0 ] },
						"up": { "texture": "#calcinedflint", "uv": [ 8.5, 8.0, 9.0, 8.5 ] },
						"down": { "texture": "#calcinedflint", "uv": [ 6.0, 5.5, 6.5, 6.0 ] }
					}
				},
				{
					"name": "Cube48",
					"from": [ 2.5, 0.1, 1.5 ],
					"to": [ 3.0, 0.6, 2.0 ],
					"rotationOrigin": [ 3.5, -3.4, -4.0 ],
					"faces": {
						"north": { "texture": "#calcinedflint", "uv": [ 7.5, 6.0, 8.0, 6.5 ] },
						"east": { "texture": "#calcinedflint", "uv": [ 6.5, 5.5, 7.0, 6.0 ] },
						"south": { "texture": "#calcinedflint", "uv": [ 7.5, 8.0, 8.0, 8.5 ] },
						"west": { "texture": "#calcinedflint", "uv": [ 7.5, 9.0, 8.0, 9.5 ] },
						"up": { "texture": "#calcinedflint", "uv": [ 10.0, 8.5, 10.5, 9.0 ] }
					}
				}
			]
		}
	]}