{
	"editor": {
		"allAngles": false,
		"entityTextureMode": false
	},
	"textureWidth": 16,
	"textureHeight": 16,
	"textureSizes": {
	},
	"textures": {
		"plantain_b": "wildcraft:block/plant/leafygroundvegetable/plantain_b",
		"plantain_c": "wildcraft:block/plant/leafygroundvegetable/plantain_c",
		"plantain_f": "wildcraft:block/plant/leafygroundvegetable/plantain_f",
		"plantain_g": "wildcraft:block/plant/leafygroundvegetable/plantain_g",
		"plantain_d": "wildcraft:block/plant/leafygroundvegetable/plantain_d",
		"plantain_e": "wildcraft:block/plant/leafygroundvegetable/plantain_e"
	},
	"elements": [
		{
			"name": "root",
			"from": [ 8.0, 0.0, 8.0 ], 
			"to": [ 8.0, 0.0, 8.0 ], 
			"rotationOrigin": [ 8.0, 0.0, 8.0 ],
			"faces": {
				"north": { "texture": "#plantain_b", "uv": [ 0.0, 0.0, 0.3333, 0.3333 ], "enabled": false },
				"east": { "texture": "#plantain_b", "uv": [ 0.0, 0.0, 0.3333, 0.3333 ], "enabled": false },
				"south": { "texture": "#plantain_b", "uv": [ 0.0, 0.0, 0.3333, 0.3333 ], "enabled": false },
				"west": { "texture": "#plantain_b", "uv": [ 0.0, 0.0, 0.3333, 0.3333 ], "enabled": false },
				"up": { "texture": "#plantain_b", "uv": [ 0.0, 0.0, 0.3333, 0.3333 ], "enabled": false },
				"down": { "texture": "#plantain_b", "uv": [ 0.0, 0.0, 0.3333, 0.3333 ], "enabled": false }
			},
			"children": [
				{
					"name": "Stems",
					"from": [ 0.0, 0.0, -12.0 ], 
					"to": [ 0.0, 24.0, 12.0 ], 
					"shade": false,
					"renderPass": 2,
					"rotationOrigin": [ 0.0, 0.0, 0.0 ],
					"rotationY": 45.0,
					"faces": {
						"north": { "texture": "#stems", "uv": [ 0.0, 0.0, 0.5, 24.0 ], "enabled": false, "windMode": [-1,-1,-1,-1], "windData": [0,1,1,0] },
						"east": { "texture": "#plantain_f", "uv": [ 0.0, 0.0, 16.0, 16.0 ], "autoUv": false, "windMode": [0,2,2,0], "windData": [0,1,1,0] },
						"south": { "texture": "#stems", "uv": [ 0.0, 0.0, 0.5, 24.0 ], "enabled": false, "windMode": [-1,-1,-1,-1], "windData": [0,0,1,1] },
						"west": { "texture": "#stems", "uv": [ 0.0, 0.0, 24.0, 24.0 ], "enabled": false, "windMode": [-1,-1,-1,-1], "windData": [0,0,1,1] },
						"up": { "texture": "#stems", "uv": [ 0.0, 0.0, 0.5, 24.0 ], "enabled": false, "windMode": [-1,-1,-1,-1], "windData": [1,1,1,1] },
						"down": { "texture": "#stems", "uv": [ 0.0, 0.0, 0.5, 24.0 ], "enabled": false, "windMode": [-1,-1,-1,-1] }
					},
					"children": [
						{
							"name": "Stems2",
							"from": [ 0.0, 0.0, 0.0 ], 
							"to": [ 0.0, 24.0, 24.0 ], 
							"shade": false,
							"renderPass": 2,
							"rotationOrigin": [ 0.0, 0.0, 12.0 ],
							"rotationY": 90.0,
							"faces": {
								"north": { "texture": "#stems", "uv": [ 0.0, 0.0, 0.5, 24.0 ], "enabled": false },
								"east": { "texture": "#plantain_g", "uv": [ 0.0, 0.0, 16.0, 16.0 ], "autoUv": false, "windMode": [0,2,2,0], "windData": [0,1,1,0] },
								"south": { "texture": "#stems", "uv": [ 0.0, 0.0, 0.5, 24.0 ], "enabled": false },
								"west": { "texture": "#stems", "uv": [ 0.0, 0.0, 24.0, 24.0 ], "enabled": false },
								"up": { "texture": "#stems", "uv": [ 0.0, 0.0, 0.5, 24.0 ], "enabled": false },
								"down": { "texture": "#stems", "uv": [ 0.0, 0.0, 0.5, 24.0 ], "enabled": false }
							}
						}
					]
				},
				{
					"name": "Leaves",
					"from": [ -0.5, 0.0, -12.0 ], 
					"to": [ 23.5, 0.0, 12.0 ], 
					"shade": false,
					"renderPass": 2,
					"rotationOrigin": [ -0.5, 0.0, 0.0 ],
					"rotationX": 0.0,
					"rotationY": 15.0,
					"rotationZ": 15.0,
					"faces": {
						"north": { "texture": "#leaves", "uv": [ 0.0, 0.0, 24.0, 0.5 ], "enabled": false },
						"east": { "texture": "#leaves", "uv": [ 0.0, 0.0, 24.0, 0.5 ], "enabled": false },
						"south": { "texture": "#leaves", "uv": [ 0.0, 0.0, 24.0, 0.5 ], "enabled": false },
						"west": { "texture": "#leaves", "uv": [ 0.0, 0.0, 24.0, 0.5 ], "enabled": false },
						"up": { "texture": "#plantain_c", "uv": [ 0.0, 0.0, 16.0, 16.0 ], "rotation": 90, "autoUv": false, "windMode": [0,0,2,2] },
						"down": { "texture": "#leaves", "uv": [ 0.0, 0.0, 24.0, 24.0 ], "enabled": false }
					}
				},
				{
					"name": "Leaves2",
					"from": [ -22.0, 0.0, -12.0 ], 
					"to": [ 0.0, 0.0, 12.0 ], 
					"shade": false,
					"renderPass": 2,
					"rotationOrigin": [ -2.0, 0.0, 0.0 ],
					"rotationY": 63.0,
					"rotationZ": -19.0,
					"faces": {
						"north": { "texture": "#leaves", "uv": [ 0.0, 0.0, 22.0, 0.5 ], "enabled": false },
						"east": { "texture": "#leaves", "uv": [ 0.0, 0.0, 24.0, 0.5 ], "enabled": false },
						"south": { "texture": "#leaves", "uv": [ 0.0, 0.0, 22.0, 0.5 ], "enabled": false },
						"west": { "texture": "#leaves", "uv": [ 0.0, 0.0, 24.0, 0.5 ], "enabled": false },
						"up": { "texture": "#plantain_d", "uv": [ 0.0, 0.0, 16.0, 15.33 ], "rotation": 270, "autoUv": false, "windMode": [2,2,0,0] },
						"down": { "texture": "#leaves", "uv": [ 0.0, 0.0, 22.0, 24.0 ], "enabled": false }
					}
				},
				{
					"name": "Leaves3",
					"from": [ -22.0, 0.0, -11.0 ], 
					"to": [ 0.0, 0.0, 13.0 ], 
					"shade": false,
					"renderPass": 2,
					"rotationOrigin": [ 0.0, 0.0, 0.0 ],
					"rotationX": -180.0,
					"rotationY": 66.0,
					"rotationZ": 156.0,
					"faces": {
						"north": { "texture": "#leaves", "uv": [ 0.0, 0.0, 22.0, 0.5 ], "enabled": false },
						"east": { "texture": "#leaves", "uv": [ 0.0, 0.0, 24.0, 0.5 ], "enabled": false },
						"south": { "texture": "#leaves", "uv": [ 0.0, 0.0, 22.0, 0.5 ], "enabled": false },
						"west": { "texture": "#leaves", "uv": [ 0.0, 0.0, 24.0, 0.5 ], "enabled": false },
						"up": { "texture": "#plantain_e", "uv": [ 0.0, 0.0, 16.0, 15.33 ], "rotation": 270, "autoUv": false, "windMode": [2,2,-1,-1] },
						"down": { "texture": "#leaves", "uv": [ 0.0, 0.0, 22.0, 24.0 ], "enabled": false }
					}
				},
				{
					"name": "Leaves4",
					"from": [ -0.5, 0.0, -13.0 ], 
					"to": [ 23.5, 0.0, 11.0 ], 
					"shade": false,
					"renderPass": 2,
					"rotationOrigin": [ 0.5, 0.0, 1.0 ],
					"rotationX": 180.0,
					"rotationY": 75.0,
					"rotationZ": -168.0,
					"faces": {
						"north": { "texture": "#leaves", "uv": [ 0.0, 0.0, 24.0, 0.5 ], "enabled": false },
						"east": { "texture": "#leaves", "uv": [ 0.0, 0.0, 24.0, 0.5 ], "enabled": false },
						"south": { "texture": "#leaves", "uv": [ 0.0, 0.0, 24.0, 0.5 ], "enabled": false },
						"west": { "texture": "#leaves", "uv": [ 0.0, 0.0, 24.0, 0.5 ], "enabled": false },
						"up": { "texture": "#plantain_e", "uv": [ 0.0, 0.0, 16.0, 16.0 ], "rotation": 90, "autoUv": false, "windMode": [-1,-1,2,2] },
						"down": { "texture": "#leaves", "uv": [ 0.0, 0.0, 24.0, 24.0 ], "enabled": false }
					}
				}
			]
		}
	]}