{
	"editor": {
		"allAngles": false,
		"entityTextureMode": false
	},
	"textureWidth": 16,
	"textureHeight": 16,
	"textureSizes": {
	},
	"textures": {
		"trunk": "wildcraftfruit:block/plant/berrybush/large/branches/maritatrunk"
	},
	"elements": [
		{
			"name": "Trunk1",
			"from": [ 6.5, 0.0, 6.5 ], 
			"to": [ 9.5, 16.0, 9.5 ], 
			"rotationOrigin": [ 8.0, 0.0, 8.0 ],
			"rotationY": -90.0,
			"faces": {
				"north": { "texture": "#trunk", "uv": [ 1.0, 0.0, 4.0, 16.0 ], "rotation": 180, "windMode": [-1,-1,-1,-1], "windData": [0,1,1,0] },
				"east": { "texture": "#trunk", "uv": [ 0.0, 0.0, 3.0, 16.0 ], "windMode": [-1,-1,-1,-1], "windData": [0,1,1,0] },
				"south": { "texture": "#trunk", "uv": [ 0.5, 0.0, 3.5, 16.0 ], "rotation": 180, "windMode": [-1,-1,-1,-1], "windData": [0,0,1,1] },
				"west": { "texture": "#trunk", "uv": [ 1.0, 0.0, 4.0, 16.0 ], "windMode": [-1,-1,-1,-1], "windData": [0,0,1,1] },
				"up": { "texture": "#trunk", "uv": [ 0.5, 4.0, 3.5, 7.0 ], "windMode": [-1,-1,-1,-1], "windData": [1,1,1,1] },
				"down": { "texture": "#trunk", "uv": [ 0.5, 9.5, 3.5, 12.5 ], "enabled": false, "windMode": [-1,-1,-1,-1] }
			}
		},
		{
			"name": "Root1",
			"from": [ 10.8, -1.0, 4.3 ], 
			"to": [ 11.8, 6.0, 5.3 ], 
			"rotationOrigin": [ 10.8, -1.0, 4.3 ],
			"rotationX": 155.525,
			"rotationY": -72.371,
			"rotationZ": 132.469,
			"faces": {
				"north": { "texture": "#trunk", "uv": [ 0.0, 0.0, 1.0, 7.0 ] },
				"east": { "texture": "#trunk", "uv": [ 0.0, 0.0, 1.0, 7.0 ] },
				"south": { "texture": "#trunk", "uv": [ 0.5, 2.0, 1.5, 9.0 ] },
				"west": { "texture": "#trunk", "uv": [ 2.5, 2.5, 3.5, 9.5 ] },
				"up": { "texture": "#null", "uv": [ 0.0, 0.0, 1.0, 1.0 ], "enabled": false },
				"down": { "texture": "#null", "uv": [ 0.0, 0.0, 1.0, 1.0 ], "enabled": false }
			}
		},
		{
			"name": "Root2",
			"from": [ 1.9, -1.0, 7.1 ], 
			"to": [ 3.4, 7.0, 8.6 ], 
			"rotationOrigin": [ 3.5, -1.0, 8.6 ],
			"rotationX": -130.811,
			"rotationY": -60.123,
			"rotationZ": -130.824,
			"faces": {
				"north": { "texture": "#trunk", "uv": [ 0.0, 4.5, 1.5, 12.5 ] },
				"east": { "texture": "#trunk", "uv": [ 1.0, 2.0, 2.5, 10.0 ] },
				"south": { "texture": "#trunk", "uv": [ 2.0, 5.0, 3.5, 13.0 ] },
				"west": { "texture": "#trunk", "uv": [ 1.5, 2.0, 3.0, 10.0 ] },
				"up": { "texture": "#null", "uv": [ 0.0, 0.0, 1.5, 1.5 ], "enabled": false },
				"down": { "texture": "#null", "uv": [ 0.0, 0.0, 1.5, 1.5 ], "enabled": false }
			}
		},
		{
			"name": "Root4",
			"from": [ 10.0, -1.0, 9.0 ], 
			"to": [ 11.0, 3.0, 10.0 ], 
			"rotationOrigin": [ 11.0, -1.0, 9.0 ],
			"rotationX": 111.848,
			"rotationY": -59.154,
			"rotationZ": 117.995,
			"faces": {
				"north": { "texture": "#trunk", "uv": [ 2.0, 4.5, 3.0, 8.5 ] },
				"east": { "texture": "#trunk", "uv": [ 0.5, 2.5, 1.5, 6.5 ] },
				"south": { "texture": "#trunk", "uv": [ 2.5, 9.5, 3.5, 13.5 ] },
				"west": { "texture": "#trunk", "uv": [ 1.0, 5.0, 2.0, 9.0 ] },
				"up": { "texture": "#null", "uv": [ 0.0, 0.0, 1.0, 1.0 ], "enabled": false },
				"down": { "texture": "#null", "uv": [ 0.0, 0.0, 1.0, 1.0 ], "enabled": false }
			}
		},
		{
			"name": "Root5",
			"from": [ 5.0, -1.0, 10.0 ], 
			"to": [ 6.0, 4.0, 11.0 ], 
			"rotationOrigin": [ 6.0, -1.0, 11.0 ],
			"rotationX": -118.627,
			"rotationY": -75.264,
			"rotationZ": -98.828,
			"faces": {
				"north": { "texture": "#trunk", "uv": [ 1.0, 2.5, 2.0, 7.5 ] },
				"east": { "texture": "#trunk", "uv": [ 2.5, 3.0, 3.5, 8.0 ] },
				"south": { "texture": "#trunk", "uv": [ 0.0, 3.5, 1.0, 8.5 ] },
				"west": { "texture": "#trunk", "uv": [ 1.5, 8.5, 2.5, 13.5 ] },
				"up": { "texture": "#null", "uv": [ 0.0, 0.0, 1.0, 1.0 ], "enabled": false },
				"down": { "texture": "#null", "uv": [ 0.0, 0.0, 1.0, 1.0 ], "enabled": false }
			}
		},
		{
			"name": "Root3",
			"from": [ 8.0, -1.0, 12.9 ], 
			"to": [ 9.0, 10.0, 13.9 ], 
			"rotationOrigin": [ 9.0, -1.0, 14.0 ],
			"rotationX": -7.764,
			"rotationY": -68.796,
			"rotationZ": 17.68,
			"faces": {
				"north": { "texture": "#trunk", "uv": [ 0.5, 1.0, 1.5, 12.0 ] },
				"east": { "texture": "#trunk", "uv": [ 1.5, 3.5, 2.5, 14.5 ] },
				"south": { "texture": "#trunk", "uv": [ 0.5, 2.0, 1.5, 13.0 ] },
				"west": { "texture": "#trunk", "uv": [ 0.0, 0.0, 1.0, 11.0 ] },
				"up": { "texture": "#null", "uv": [ 0.0, 0.0, 1.0, 1.0 ], "enabled": false },
				"down": { "texture": "#null", "uv": [ 0.0, 0.0, 1.0, 1.0 ], "enabled": false }
			}
		},
		{
			"name": "Trunk2",
			"from": [ 11.7493, 16.0, 7.7503 ], 
			"to": [ 14.2493, 32.0, 10.2503 ], 
			"rotationOrigin": [ 11.0, 16.0, 6.0 ],
			"rotationY": -89.98,
			"faces": {
				"north": { "texture": "#trunk", "uv": [ 1.0, 0.0, 3.5, 16.0 ], "rotation": 180 },
				"east": { "texture": "#trunk", "uv": [ 0.0, 0.0, 2.5, 16.0 ] },
				"south": { "texture": "#trunk", "uv": [ 1.0, 0.0, 3.5, 16.0 ], "rotation": 180 },
				"west": { "texture": "#trunk", "uv": [ 0.5, 0.0, 3.0, 16.0 ] },
				"up": { "texture": "#trunk", "uv": [ 0.5, 2.5, 3.0, 5.0 ] },
				"down": { "texture": "#trunk", "uv": [ 0.5, 9.5, 3.0, 12.0 ], "enabled": false }
			}
		},
		{
			"name": "Root6",
			"from": [ 6.5, -1.0, 4.0 ], 
			"to": [ 7.5, 2.0, 5.0 ], 
			"rotationOrigin": [ 6.5, -1.0, 5.0 ],
			"rotationX": -37.577,
			"rotationY": -78.616,
			"rotationZ": -71.128,
			"faces": {
				"north": { "texture": "#trunk", "uv": [ 0.0, 0.0, 1.0, 3.0 ] },
				"east": { "texture": "#trunk", "uv": [ 1.0, 3.0, 2.0, 6.0 ] },
				"south": { "texture": "#trunk", "uv": [ 2.0, 9.5, 3.0, 12.5 ] },
				"west": { "texture": "#trunk", "uv": [ 1.5, 3.0, 2.5, 6.0 ] },
				"up": { "texture": "#null", "uv": [ 0.0, 0.0, 1.0, 1.0 ], "enabled": false },
				"down": { "texture": "#null", "uv": [ 0.0, 0.0, 1.0, 1.0 ], "enabled": false }
			}
		}
	]}