{
	"editor": {
		"allAngles": false,
		"entityTextureMode": false
	},
	"textureWidth": 16,
	"textureHeight": 16,
	"textureSizes": {
	},
	"textures": {
	},
	"elements": [
		{
			"name": "Beam1",
			"from": [ 6.0, 0.0, 6.0 ], 
			"to": [ 10.0, 16.0, 10.0 ], 
			"rotationOrigin": [ 1.0, 0.0, 16.0 ],
			"faces": {
				"north": { "texture": "#side", "uv": [ 0.0, 0.0, 4.0, 16.0 ] },
				"east": { "texture": "#side", "uv": [ 10.0, 0.0, 14.0, 16.0 ] },
				"south": { "texture": "#side", "uv": [ 2.0, 0.0, 6.0, 16.0 ] },
				"west": { "texture": "#side", "uv": [ 10.0, 0.0, 14.0, 16.0 ] },
				"up": { "texture": "#end", "uv": [ 2.0, 2.0, 6.0, 6.0 ] },
				"down": { "texture": "#end", "uv": [ 2.0, 2.0, 6.0, 6.0 ] }
			}
		}
	]}