[
  {
    "ingredientPattern": "K,H",
    "shapeless": true,
    "ingredients": {
      "K": { "type": "item", "code": "game:knife-*", "isTool": true },
      "H": { "type": "item", "code": "wildcraftfruit:fruit-*", "name": "berry", "allowedVariants": ["lingonberry", "coralbead", "strawberry", "gardenstrawberry", "falsestrawberry", "cloudberry", "crowberry", "bunchberry", "knyazberry", "crowseye", "creepingpine", "honeypots", "cheeseberry", "pineheath", "rubysaltbush", "kakaha"] }
    },
    "name": "berryseeds",
    "width": 1,
    "height": 2,
    "output": { "type": "item", "code": "wildcraftfruit:seeds-{berry}" }
  }
]
