{
    "code": "wildroots",
    "variants": [
      {
        "code": "bearleek"
      },
      {
        "code": "marshmallow"
      },
      {
        "code": "burdock"
      },
      {
        "code": "chicory"
      },
      {
        "code": "liquorice"
      },
      {
        "code": "waterchestnut"
      },
      {
        "code": "ginger"
      },
      {
        "code": "celery"
      },
      {
        "code": "burnet"
      },
      {
        "code": "arrowhead"
      },
      {
        "code": "ginseng"
      }
    ]
  }
  