{
	"editor": {
		"collapsedPaths": ",Root/HandleA,Root/Base/HandleA,Root/origin/HandleB1,Root/origin/HandleA,Root/Base/HandleB",
		"allAngles": false,
		"entityTextureMode": false
	},
	"textureWidth": 16,
	"textureHeight": 16,
	"textureSizes": {
	},
	"textures": {
		"metal": "block/metal/ingot/bismuthbronze"
	},
	"elements": [
		{
			"name": "Base",
			"from": [ 0.0, 0.0, 0.0 ],
			"to": [ 0.0, 0.0, 0.0 ],
			"rotationOrigin": [ 8.0, 5.0, 8.0 ],
			"faces": {
				"north": { "texture": "#null", "uv": [ 0.0, 0.0, 0.5, 0.5 ] },
				"east": { "texture": "#null", "uv": [ 0.0, 0.0, 0.5, 0.5 ] },
				"south": { "texture": "#null", "uv": [ 0.0, 0.0, 0.5, 0.5 ] },
				"west": { "texture": "#null", "uv": [ 0.0, 0.0, 0.5, 0.5 ] },
				"up": { "texture": "#null", "uv": [ 0.0, 0.0, 0.5, 0.5 ] },
				"down": { "texture": "#null", "uv": [ 0.0, 0.0, 0.5, 0.5 ] }
			},
			"children": [
				{
					"name": "HandleB",
					"from": [ 10.0, 7.65, 5.5 ],
					"to": [ 14.0, 8.25, 6.1 ],
					"rotationOrigin": [ 10.0, 7.9, 5.8 ],
					"rotationY": 6.0,
					"faces": {
						"north": { "texture": "#metal", "uv": [ 3.5, 9.0, 10.5, 10.5 ], "autoUv": false },
						"east": { "texture": "#metal", "uv": [ 7.0, 4.5, 8.5, 6.0 ], "autoUv": false },
						"south": { "texture": "#metal", "uv": [ 6.5, 8.5, 13.5, 10.0 ], "autoUv": false },
						"west": { "texture": "#metal", "uv": [ 7.5, 7.0, 9.0, 8.5 ], "autoUv": false },
						"up": { "texture": "#metal", "uv": [ 5.0, 4.0, 12.0, 5.5 ], "autoUv": false },
						"down": { "texture": "#metal", "uv": [ 4.0, 0.5, 11.0, 2.0 ], "autoUv": false }
					},
					"children": [
						{
							"name": "HandleB2",
							"from": [ 3.9704, 0.05, 0.0499 ],
							"to": [ 7.9704, 0.55, 0.5499 ],
							"rotationOrigin": [ 3.9204, -0.7, 0.3099 ],
							"faces": {
								"north": { "texture": "#metal", "uv": [ 6.5, 5.0, 13.5, 6.5 ], "autoUv": false },
								"east": { "texture": "#metal", "uv": [ 9.0, 5.0, 10.5, 6.5 ], "autoUv": false },
								"south": { "texture": "#metal", "uv": [ 2.0, 7.0, 9.0, 8.5 ], "autoUv": false },
								"west": { "texture": "#metal", "uv": [ 11.0, 7.5, 12.5, 9.0 ], "autoUv": false },
								"up": { "texture": "#metal", "uv": [ 4.0, 4.0, 11.0, 5.5 ], "autoUv": false },
								"down": { "texture": "#metal", "uv": [ 5.5, 11.5, 12.5, 13.0 ], "autoUv": false }
							},
							"children": [
								{
									"name": "HandleB3",
									"from": [ -4.1104, -0.04, -0.0099 ],
									"to": [ -1.1104, 0.56, 0.5901 ],
									"rotationOrigin": [ -3.9704, 0.25, 0.2501 ],
									"rotationX": 180.0,
									"rotationY": 28.5,
									"rotationZ": 180.0,
									"faces": {
										"north": { "texture": "#metal", "uv": [ 5.5, 7.0, 11.5, 8.5 ], "autoUv": false },
										"east": { "texture": "#metal", "uv": [ 8.5, 5.0, 10.0, 6.5 ], "autoUv": false },
										"south": { "texture": "#metal", "uv": [ 5.5, 7.5, 11.5, 9.0 ], "autoUv": false },
										"west": { "texture": "#metal", "uv": [ 10.0, 7.0, 11.5, 8.5 ], "autoUv": false },
										"up": { "texture": "#metal", "uv": [ 4.0, 6.0, 10.0, 7.5 ], "autoUv": false },
										"down": { "texture": "#metal", "uv": [ 4.5, 3.0, 10.5, 4.5 ], "autoUv": false }
									},
									"children": [
										{
											"name": "HandleB4",
											"from": [ 2.8469, -0.01, -0.0573 ],
											"to": [ 4.8469, 0.59, 0.5427 ],
											"rotationOrigin": [ 3.0542, 0.29, 0.1807 ],
											"rotationY": 22.5,
											"faces": {
												"north": { "texture": "#metal", "uv": [ 5.0, 6.5, 10.0, 8.0 ], "autoUv": false },
												"east": { "texture": "#metal", "uv": [ 6.5, 5.0, 8.0, 6.5 ], "autoUv": false },
												"south": { "texture": "#metal", "uv": [ 5.0, 8.0, 10.0, 9.5 ], "autoUv": false },
												"west": { "texture": "#metal", "uv": [ 11.5, 4.0, 13.0, 5.5 ], "autoUv": false },
												"up": { "texture": "#metal", "uv": [ 8.0, 4.0, 13.0, 5.5 ], "autoUv": false },
												"down": { "texture": "#metal", "uv": [ 6.0, 5.0, 11.0, 6.5 ], "autoUv": false }
											},
											"children": [
												{
													"name": "HandleB5",
													"from": [ 1.83, 0.01, -0.0798 ],
													"to": [ 3.83, 0.61, 0.5202 ],
													"rotationOrigin": [ 2.1073, 0.3, 0.1381 ],
													"rotationX": -1.0E-4,
													"rotationY": 22.5,
													"rotationZ": 1.0E-4,
													"faces": {
														"north": { "texture": "#metal", "uv": [ 7.5, 13.0, 12.5, 14.5 ], "autoUv": false },
														"east": { "texture": "#metal", "uv": [ 9.5, 9.0, 11.0, 10.5 ], "autoUv": false },
														"south": { "texture": "#metal", "uv": [ 8.5, 12.0, 13.5, 13.5 ], "autoUv": false },
														"west": { "texture": "#metal", "uv": [ 13.0, 7.0, 14.5, 8.5 ], "autoUv": false },
														"up": { "texture": "#metal", "uv": [ 5.5, 8.0, 10.5, 9.5 ], "autoUv": false },
														"down": { "texture": "#metal", "uv": [ 8.0, 5.0, 13.0, 6.5 ], "autoUv": false }
													},
													"children": [
														{
															"name": "HandleB6",
															"from": [ 1.7866, -0.01, -0.0945 ],
															"to": [ 5.7866, 0.59, 0.5055 ],
															"rotationOrigin": [ 2.0777, 0.29, 0.1254 ],
															"rotationX": 1.0E-4,
															"rotationY": 28.5,
															"faces": {
																"north": { "texture": "#metal", "uv": [ 2.0, 10.5, 9.0, 12.0 ], "autoUv": false },
																"east": { "texture": "#metal", "uv": [ 7.0, 6.0, 8.5, 7.5 ], "autoUv": false },
																"south": { "texture": "#metal", "uv": [ 5.0, 7.5, 12.0, 9.0 ], "autoUv": false },
																"west": { "texture": "#metal", "uv": [ 11.5, 13.0, 13.0, 14.5 ], "autoUv": false },
																"up": { "texture": "#metal", "uv": [ 4.0, 14.0, 11.0, 15.5 ], "autoUv": false },
																"down": { "texture": "#metal", "uv": [ 5.0, 8.5, 12.0, 10.0 ], "autoUv": false }
															},
															"children": [
																{
																	"name": "HandleB7",
																	"from": [ 3.8684, 0.06, 0.0934 ],
																	"to": [ 4.8684, 0.56, 0.5934 ],
																	"rotationOrigin": [ 4.1095, 0.3, 0.3613 ],
																	"rotationY": -22.5,
																	"faces": {
																		"north": { "texture": "#metal", "uv": [ 6.5, 7.5, 9.5, 9.0 ], "autoUv": false },
																		"east": { "texture": "#metal", "uv": [ 4.5, 7.5, 6.0, 9.0 ], "autoUv": false },
																		"south": { "texture": "#metal", "uv": [ 6.0, 7.5, 9.0, 9.0 ], "autoUv": false },
																		"west": { "texture": "#metal", "uv": [ 12.5, 11.0, 14.0, 12.5 ], "autoUv": false },
																		"up": { "texture": "#metal", "uv": [ 8.5, 9.0, 11.5, 10.5 ], "autoUv": false },
																		"down": { "texture": "#metal", "uv": [ 7.0, 8.5, 10.0, 10.0 ], "autoUv": false }
																	},
																	"children": [
																		{
																			"name": "HandleB8",
																			"from": [ 0.8084, -0.31, 0.1869 ],
																			"to": [ 1.8084, 0.49, 0.6869 ],
																			"rotationOrigin": [ 1.1984, -0.01, 0.4069 ],
																			"rotationX": -1.0E-4,
																			"rotationY": -34.5,
																			"faces": {
																				"north": { "texture": "#metal", "uv": [ 3.5, 10.5, 5.5, 12.0 ], "autoUv": false },
																				"east": { "texture": "#metal", "uv": [ 6.0, 6.5, 7.5, 8.0 ], "autoUv": false },
																				"south": { "texture": "#metal", "uv": [ 5.0, 9.0, 7.0, 10.5 ], "autoUv": false },
																				"west": { "texture": "#metal", "uv": [ 9.5, 10.0, 11.0, 11.5 ], "autoUv": false },
																				"up": { "texture": "#metal", "uv": [ 9.5, 13.5, 12.5, 15.0 ], "autoUv": false },
																				"down": { "texture": "#metal", "uv": [ 6.0, 9.0, 9.0, 10.5 ], "autoUv": false }
																			},
																			"children": [
																				{
																					"name": "HandleB9",
																					"from": [ 0.9522, 0.01, 0.032 ],
																					"to": [ 1.4522, 0.71, 0.432 ],
																					"rotationOrigin": [ 1.3119, 0.3, 0.2285 ],
																					"rotationY": 12.0,
																					"faces": {
																						"north": { "texture": "#metal", "uv": [ 6.5, 6.0, 8.0, 7.5 ], "autoUv": false },
																						"east": { "texture": "#metal", "uv": [ 5.0, 5.5, 6.5, 7.0 ], "autoUv": false },
																						"south": { "texture": "#metal", "uv": [ 5.0, 11.0, 6.5, 12.5 ], "autoUv": false },
																						"west": { "texture": "#metal", "uv": [ 11.0, 7.0, 12.5, 8.5 ], "autoUv": false },
																						"up": { "texture": "#metal", "uv": [ 9.5, 7.0, 11.0, 8.5 ], "autoUv": false },
																						"down": { "texture": "#metal", "uv": [ 7.0, 10.5, 8.5, 12.0 ], "autoUv": false }
																					},
																					"children": [
																						{
																							"name": "HandleB10",
																							"from": [ 0.5, 0.01, 0.1 ],
																							"to": [ 1.5, 0.61, 0.4 ],
																							"rotationOrigin": [ 0.8597, 0.39, 0.2965 ],
																							"faces": {
																								"north": { "texture": "#metal", "uv": [ 7.0, 8.5, 10.0, 10.0 ], "autoUv": false },
																								"east": { "texture": "#metal", "uv": [ 5.0, 5.5, 6.5, 7.0 ], "autoUv": false },
																								"south": { "texture": "#metal", "uv": [ 2.0, 5.5, 5.0, 7.0 ], "autoUv": false },
																								"west": { "texture": "#metal", "uv": [ 13.0, 3.5, 14.5, 5.0 ], "autoUv": false },
																								"up": { "texture": "#metal", "uv": [ 7.5, 5.5, 11.5, 7.0 ], "autoUv": false },
																								"down": { "texture": "#metal", "uv": [ 8.5, 9.0, 12.5, 10.5 ], "autoUv": false }
																							}
																						}
																					]
																				}
																			]
																		}
																	]
																}
															]
														}
													]
												}
											]
										}
									]
								}
							]
						}
					]
				},
				{
					"name": "HandleA",
					"from": [ 10.0, 7.05, 9.5 ],
					"to": [ 14.0, 7.65, 10.1 ],
					"rotationOrigin": [ 10.0, 5.3, 9.8 ],
					"rotationY": -6.0,
					"faces": {
						"north": { "texture": "#metal", "uv": [ 2.5, 7.5, 9.5, 9.0 ], "autoUv": false },
						"east": { "texture": "#metal", "uv": [ 9.5, 10.5, 11.0, 12.0 ], "autoUv": false },
						"south": { "texture": "#metal", "uv": [ 3.5, 9.0, 10.5, 10.5 ], "autoUv": false },
						"west": { "texture": "#metal", "uv": [ 10.0, 7.5, 11.5, 9.0 ], "autoUv": false },
						"up": { "texture": "#metal", "uv": [ 5.0, 9.0, 12.0, 10.5 ], "autoUv": false },
						"down": { "texture": "#metal", "uv": [ 5.0, 8.5, 12.0, 10.0 ], "autoUv": false }
					},
					"children": [
						{
							"name": "HandleA2",
							"from": [ 3.9699, 0.05, 0.0497 ],
							"to": [ 7.9699, 0.55, 0.5497 ],
							"rotationOrigin": [ 4.0199, 0.3, 0.2797 ],
							"faces": {
								"north": { "texture": "#metal", "uv": [ 6.0, 9.0, 13.0, 10.5 ], "autoUv": false },
								"east": { "texture": "#metal", "uv": [ 7.5, 11.5, 9.0, 13.0 ], "autoUv": false },
								"south": { "texture": "#metal", "uv": [ 6.0, 8.5, 13.0, 10.0 ], "autoUv": false },
								"west": { "texture": "#metal", "uv": [ 8.5, 5.0, 10.0, 6.5 ], "autoUv": false },
								"up": { "texture": "#metal", "uv": [ 6.0, 4.5, 13.0, 6.0 ], "autoUv": false },
								"down": { "texture": "#metal", "uv": [ 2.5, 7.5, 9.5, 9.0 ], "autoUv": false }
							},
							"children": [
								{
									"name": "HandleA3",
									"from": [ -3.9104, -0.06, -0.0602 ],
									"to": [ -0.9104, 0.54, 0.5398 ],
									"rotationOrigin": [ -3.8704, 0.2, 0.2398 ],
									"rotationX": 180.0,
									"rotationY": -28.5,
									"rotationZ": 180.0,
									"faces": {
										"north": { "texture": "#metal", "uv": [ 1.5, 10.0, 7.5, 11.5 ], "autoUv": false },
										"east": { "texture": "#metal", "uv": [ 4.0, 11.5, 5.5, 13.0 ], "autoUv": false },
										"south": { "texture": "#metal", "uv": [ 5.5, 7.0, 11.5, 8.5 ], "autoUv": false },
										"west": { "texture": "#metal", "uv": [ 12.0, 4.5, 13.5, 6.0 ], "autoUv": false },
										"up": { "texture": "#metal", "uv": [ 7.0, 3.5, 14.0, 5.0 ], "autoUv": false },
										"down": { "texture": "#metal", "uv": [ 5.5, 3.5, 11.5, 4.0 ], "autoUv": false }
									},
									"children": [
										{
											"name": "HandleA4",
											"from": [ 2.8853, 0.01, 0.0198 ],
											"to": [ 4.8853, 0.61, 0.6198 ],
											"rotationOrigin": [ 3.0021, 0.26, 0.2913 ],
											"rotationY": -22.5,
											"faces": {
												"north": { "texture": "#metal", "uv": [ 2.0, 11.5, 7.0, 13.0 ], "autoUv": false },
												"east": { "texture": "#metal", "uv": [ 9.0, 7.0, 10.5, 8.5 ], "autoUv": false },
												"south": { "texture": "#metal", "uv": [ 5.0, 6.5, 10.0, 8.0 ], "autoUv": false },
												"west": { "texture": "#metal", "uv": [ 9.0, 8.5, 10.5, 10.0 ], "autoUv": false },
												"up": { "texture": "#metal", "uv": [ 7.0, 5.5, 12.0, 7.0 ], "autoUv": false },
												"down": { "texture": "#metal", "uv": [ 5.5, 9.0, 10.5, 10.5 ], "autoUv": false }
											},
											"children": [
												{
													"name": "HandleA5",
													"from": [ 1.91, -0.01, 0.0701 ],
													"to": [ 3.91, 0.59, 0.6701 ],
													"rotationOrigin": [ 2.1168, 0.25, 0.2716 ],
													"rotationX": -1.0E-4,
													"rotationY": -22.5,
													"rotationZ": 1.0E-4,
													"faces": {
														"north": { "texture": "#metal", "uv": [ 3.0, 14.0, 8.0, 15.5 ], "autoUv": false },
														"east": { "texture": "#metal", "uv": [ 8.5, 11.5, 10.0, 13.0 ], "autoUv": false },
														"south": { "texture": "#metal", "uv": [ 7.0, 13.5, 12.0, 15.0 ], "autoUv": false },
														"west": { "texture": "#metal", "uv": [ 10.5, 9.0, 12.0, 10.5 ], "autoUv": false },
														"up": { "texture": "#metal", "uv": [ 6.0, 5.5, 11.0, 7.0 ], "autoUv": false },
														"down": { "texture": "#metal", "uv": [ 6.5, 4.0, 11.5, 5.5 ], "autoUv": false }
													},
													"children": [
														{
															"name": "HandleA6",
															"from": [ 1.8816, 0.01, 0.0861 ],
															"to": [ 5.8816, 0.61, 0.6861 ],
															"rotationOrigin": [ 2.1031, 0.26, 0.2656 ],
															"rotationX": -1.0E-4,
															"rotationY": -28.5,
															"faces": {
																"north": { "texture": "#metal", "uv": [ 5.5, 4.0, 12.5, 5.5 ], "autoUv": false },
																"east": { "texture": "#metal", "uv": [ 9.5, 3.5, 11.0, 5.0 ], "autoUv": false },
																"south": { "texture": "#metal", "uv": [ 5.5, 3.0, 12.5, 4.5 ], "autoUv": false },
																"west": { "texture": "#metal", "uv": [ 10.5, 3.5, 12.0, 5.0 ], "autoUv": false },
																"up": { "texture": "#metal", "uv": [ 5.0, 4.5, 12.0, 6.0 ], "autoUv": false },
																"down": { "texture": "#metal", "uv": [ 5.0, 4.0, 12.0, 5.5 ], "autoUv": false }
															},
															"children": [
																{
																	"name": "HandleA8",
																	"from": [ 3.8598, 0.06, -0.03 ],
																	"to": [ 4.8598, 0.56, 0.47 ],
																	"rotationOrigin": [ 4.1813, 0.25, 0.1795 ],
																	"rotationY": 22.5,
																	"faces": {
																		"north": { "texture": "#metal", "uv": [ 3.5, 11.0, 6.5, 12.5 ], "autoUv": false },
																		"east": { "texture": "#metal", "uv": [ 3.5, 9.5, 5.0, 11.0 ], "autoUv": false },
																		"south": { "texture": "#metal", "uv": [ 7.0, 10.5, 10.0, 12.0 ], "autoUv": false },
																		"west": { "texture": "#metal", "uv": [ 12.0, 12.0, 13.5, 13.5 ], "autoUv": false },
																		"up": { "texture": "#metal", "uv": [ 4.5, 11.5, 7.5, 13.0 ], "autoUv": false },
																		"down": { "texture": "#metal", "uv": [ 4.5, 10.0, 7.5, 11.5 ], "autoUv": false }
																	},
																	"children": [
																		{
																			"name": "HandleA9",
																			"from": [ 0.8403, -0.01, -0.1278 ],
																			"to": [ 1.8403, 0.79, 0.3722 ],
																			"rotationOrigin": [ 1.1377, 0.14, 0.1614 ],
																			"rotationX": 2.0E-4,
																			"rotationY": 34.5,
																			"rotationZ": -1.0E-4,
																			"faces": {
																				"north": { "texture": "#metal", "uv": [ 2.5, 12.5, 5.5, 14.0 ], "autoUv": false },
																				"east": { "texture": "#metal", "uv": [ 7.5, 5.5, 9.0, 7.0 ], "autoUv": false },
																				"south": { "texture": "#metal", "uv": [ 6.5, 10.0, 9.5, 11.5 ], "autoUv": false },
																				"west": { "texture": "#metal", "uv": [ 10.0, 7.5, 11.5, 9.0 ], "autoUv": false },
																				"up": { "texture": "#metal", "uv": [ 10.0, 14.0, 13.0, 15.5 ], "autoUv": false },
																				"down": { "texture": "#metal", "uv": [ 1.0, 7.5, 4.0, 9.0 ], "autoUv": false }
																			},
																			"children": [
																				{
																					"name": "HandleA10",
																					"from": [ 0.9426, 0.09, 0.0768 ],
																					"to": [ 1.4426, 0.79, 0.4768 ],
																					"rotationOrigin": [ 1.3171, 0.25, 0.3015 ],
																					"rotationY": -12.0,
																					"faces": {
																						"north": { "texture": "#metal", "uv": [ 4.5, 10.5, 6.0, 12.0 ], "autoUv": false },
																						"east": { "texture": "#metal", "uv": [ 4.5, 9.0, 7.0, 10.5 ], "autoUv": false },
																						"south": { "texture": "#metal", "uv": [ 6.5, 10.5, 8.0, 12.0 ], "autoUv": false },
																						"west": { "texture": "#metal", "uv": [ 8.5, 7.0, 11.0, 8.5 ], "autoUv": false },
																						"up": { "texture": "#metal", "uv": [ 9.5, 7.5, 11.0, 9.0 ], "autoUv": false },
																						"down": { "texture": "#metal", "uv": [ 5.5, 9.5, 7.0, 11.0 ], "autoUv": false }
																					},
																					"children": [
																						{
																							"name": "HandleA11",
																							"from": [ 0.5, 0.09, 0.0 ],
																							"to": [ 1.5, 0.69, 0.3 ],
																							"rotationOrigin": [ 0.8745, 0.26, 0.2248 ],
																							"faces": {
																								"north": { "texture": "#metal", "uv": [ 3.0, 11.0, 6.0, 12.5 ], "autoUv": false },
																								"east": { "texture": "#metal", "uv": [ 8.0, 9.5, 9.5, 11.0 ], "autoUv": false },
																								"south": { "texture": "#metal", "uv": [ 0.5, 10.0, 3.5, 11.5 ], "autoUv": false },
																								"west": { "texture": "#metal", "uv": [ 8.0, 11.0, 9.5, 12.5 ], "autoUv": false },
																								"up": { "texture": "#metal", "uv": [ 7.0, 10.0, 10.0, 11.5 ], "autoUv": false },
																								"down": { "texture": "#metal", "uv": [ 6.0, 8.5, 9.0, 10.0 ], "autoUv": false }
																							}
																						}
																					]
																				}
																			]
																		}
																	]
																}
															]
														}
													]
												}
											]
										}
									]
								}
							]
						}
					]
				},
				{
					"name": "Rivet",
					"from": [ 1.65, 6.9, 7.72 ],
					"to": [ 1.95, 8.4, 8.02 ],
					"rotationOrigin": [ 1.7, 7.3, 7.74 ],
					"rotationY": 45.0,
					"faces": {
						"north": { "texture": "#metal", "uv": [ 6.0, 9.0, 7.5, 11.5 ], "autoUv": false },
						"east": { "texture": "#metal", "uv": [ 9.0, 1.5, 10.5, 4.0 ], "autoUv": false },
						"south": { "texture": "#metal", "uv": [ 5.5, 9.5, 7.0, 12.0 ], "autoUv": false },
						"west": { "texture": "#metal", "uv": [ 10.5, 8.0, 12.0, 10.5 ], "autoUv": false },
						"up": { "texture": "#metal", "uv": [ 4.0, 6.5, 5.5, 8.0 ], "autoUv": false },
						"down": { "texture": "#metal", "uv": [ 8.5, 4.0, 10.0, 5.5 ], "autoUv": false }
					}
				}
			]
		}
	]}