{
	"editor": {
		"allAngles": false,
		"entityTextureMode": false
	},
	"textureWidth": 16,
	"textureHeight": 16,
	"textureSizes": {
	},
	"textures": {
	},
	"elements": [
		{
			"name": "Leaves",
			"from": [ 8.0, 0.0, -4.0 ], 
			"to": [ 8.0, 48.0, 20.0 ], 
			"shade": false,
			"renderPass": 2,
			"rotationOrigin": [ 8.0, 0.0, 8.0 ],
			"rotationY": 22.5,
			"faces": {
				"north": { "texture": "#laminaria", "uv": [ 0.0, 0.0, 0.3333, 48.0 ], "enabled": false, "windMode": [-1,-1,-1,-1], "windData": [0,1,1,0] },
				"east": { "texture": "#laminaria", "uv": [ 0.0, 0.0, 16.0, 16.0 ], "autoUv": false, "windMode": [0,4,4,0], "windData": [0,3,3,0] },
				"south": { "texture": "#laminaria", "uv": [ 0.0, 0.0, 0.3333, 48.0 ], "enabled": false, "windMode": [-1,-1,-1,-1], "windData": [0,0,1,1] },
				"west": { "texture": "#laminaria", "uv": [ 0.0, 0.0, 24.0, 48.0 ], "enabled": false, "windMode": [-1,-1,-1,-1], "windData": [0,0,1,1] },
				"up": { "texture": "#laminaria", "uv": [ 0.0, 0.0, 0.3333, 24.0 ], "enabled": false, "windMode": [-1,-1,-1,-1], "windData": [1,1,1,1] },
				"down": { "texture": "#laminaria", "uv": [ 0.0, 0.0, 0.3333, 24.0 ], "enabled": false, "windMode": [-1,-1,-1,-1] }
			},
			"children": [
				{
					"name": "Leaves2",
					"from": [ -6.0, 0.0, 5.0 ], 
					"to": [ -6.0, 48.0, 29.0 ], 
					"shade": false,
					"renderPass": 2,
					"rotationOrigin": [ -6.0, 0.0, 17.0 ],
					"rotationY": -22.5,
					"faces": {
						"north": { "texture": "#laminaria_growing", "uv": [ 0.0, 0.0, 0.3333, 48.0 ], "enabled": false },
						"east": { "texture": "#laminaria_growing", "uv": [ 0.0, 0.0, 16.0, 16.0 ], "autoUv": false, "windMode": [0,4,4,0], "windData": [0,3,3,0] },
						"south": { "texture": "#laminaria_growing", "uv": [ 0.0, 0.0, 0.3333, 48.0 ], "enabled": false },
						"west": { "texture": "#laminaria_growing", "uv": [ 0.0, 0.0, 24.0, 48.0 ], "enabled": false },
						"up": { "texture": "#laminaria_growing", "uv": [ 0.0, 0.0, 0.3333, 24.0 ], "enabled": false },
						"down": { "texture": "#laminaria_growing", "uv": [ 0.0, 0.0, 0.3333, 24.0 ], "enabled": false }
					}
				},
				{
					"name": "Leaves3",
					"from": [ 6.0, 0.0, -4.0 ], 
					"to": [ 6.0, 48.0, 20.0 ], 
					"shade": false,
					"renderPass": 2,
					"rotationOrigin": [ 6.0, 0.0, 8.0 ],
					"faces": {
						"north": { "texture": "#laminaria_growing", "uv": [ 0.0, 0.0, 0.3333, 48.0 ], "enabled": false },
						"east": { "texture": "#laminaria_growing", "uv": [ 0.0, 0.0, 16.0, 16.0 ], "autoUv": false, "windMode": [0,4,4,0], "windData": [0,3,3,0] },
						"south": { "texture": "#laminaria_growing", "uv": [ 0.0, 0.0, 0.3333, 48.0 ], "enabled": false },
						"west": { "texture": "#laminaria_growing", "uv": [ 0.0, 0.0, 24.0, 48.0 ], "enabled": false },
						"up": { "texture": "#laminaria_growing", "uv": [ 0.0, 0.0, 0.3333, 24.0 ], "enabled": false },
						"down": { "texture": "#laminaria_growing", "uv": [ 0.0, 0.0, 0.3333, 24.0 ], "enabled": false }
					}
				},
				{
					"name": "Leaves4",
					"from": [ -4.0, 0.0, -6.0 ], 
					"to": [ -4.0, 48.0, 18.0 ], 
					"shade": false,
					"renderPass": 2,
					"rotationOrigin": [ -4.0, 0.0, 6.0 ],
					"rotationY": 22.5,
					"faces": {
						"north": { "texture": "#laminaria_planted", "uv": [ 0.0, 0.0, 0.3333, 48.0 ], "enabled": false },
						"east": { "texture": "#laminaria_planted", "uv": [ 0.0, 0.0, 16.0, 16.0 ], "autoUv": false, "windMode": [0,4,4,0], "windData": [0,3,3,0] },
						"south": { "texture": "#laminaria_planted", "uv": [ 0.0, 0.0, 0.3333, 48.0 ], "enabled": false },
						"west": { "texture": "#laminaria_planted", "uv": [ 0.0, 0.0, 24.0, 48.0 ], "enabled": false },
						"up": { "texture": "#laminaria_planted", "uv": [ 0.0, 0.0, 0.3333, 24.0 ], "enabled": false },
						"down": { "texture": "#laminaria_planted", "uv": [ 0.0, 0.0, 0.3333, 24.0 ], "enabled": false }
					}
				}
			]
		}
	]}