{
	"editor": {
		"allAngles": false,
		"entityTextureMode": false
	},
	"textureWidth": 16,
	"textureHeight": 16,
	"textureSizes": {
	},
	"textures": {
	},
	"elements": [
		{
			"name": "origin",
			"from": [ 11.0, 0.5, 7.7 ], 
			"to": [ 11.0, 0.5, 7.7 ], 
			"rotationOrigin": [ 8.0, 0.0, 8.0 ],
			"faces": {
				"north": { "texture": "#string", "uv": [ 0.0, 0.0, 0.5, 0.5 ] },
				"east": { "texture": "#string", "uv": [ 0.0, 0.0, 0.5, 0.5 ] },
				"south": { "texture": "#string", "uv": [ 0.0, 0.0, 0.5, 0.5 ] },
				"west": { "texture": "#string", "uv": [ 0.0, 0.0, 0.5, 0.5 ] },
				"up": { "texture": "#string", "uv": [ 0.0, 0.0, 0.5, 0.5 ] },
				"down": { "texture": "#string", "uv": [ 0.0, 0.0, 0.5, 0.5 ] }
			},
			"children": [
				{
					"name": "handle 2",
					"from": [ -8.0, -0.5, -0.5 ], 
					"to": [ 8.0, 1.0, 0.5 ], 
					"rotationOrigin": [ 0.0, 0.3, 0.0 ],
					"faces": {
						"north": { "texture": "#handle", "uv": [ 0.0, 5.5, 16.0, 7.0 ] },
						"east": { "texture": "#handle", "uv": [ 0.5, 0.5, 1.5, 2.0 ] },
						"south": { "texture": "#handle", "uv": [ 0.0, 10.5, 16.0, 12.0 ] },
						"west": { "texture": "#handle", "uv": [ 14.0, 10.0, 15.0, 11.5 ], "enabled": false },
						"up": { "texture": "#handle", "uv": [ 0.0, 4.5, 16.0, 5.5 ] },
						"down": { "texture": "#handle", "uv": [ 0.0, 5.0, 16.0, 6.0 ] }
					}
				},
				{
					"name": "handle 3",
					"from": [ -8.5, -0.5, 0.5 ], 
					"to": [ 7.5, 1.0, 1.0 ], 
					"rotationOrigin": [ -10.0, -8.0, 1.0 ],
					"faces": {
						"north": { "texture": "#handle", "uv": [ 0.0, 5.5, 16.0, 7.0 ], "enabled": false },
						"east": { "texture": "#handle", "uv": [ 0.5, 0.5, 1.0, 2.0 ] },
						"south": { "texture": "#handle", "uv": [ 0.0, 10.5, 16.0, 12.0 ] },
						"west": { "texture": "#handle", "uv": [ 14.0, 10.0, 14.5, 11.5 ], "enabled": false },
						"up": { "texture": "#handle", "uv": [ 0.0, 8.5, 16.0, 9.0 ] },
						"down": { "texture": "#handle", "uv": [ 0.0, 5.0, 16.0, 5.5 ] }
					}
				},
				{
					"name": "string",
					"from": [ 5.4, -0.8, -1.0 ], 
					"to": [ 5.9, 1.2, 2.0 ], 
					"rotationOrigin": [ 5.4, -0.8, 0.5 ],
					"rotationY": 51.999988138810544,
					"faces": {
						"north": { "texture": "#string", "uv": [ 9.5, 0.0, 11.5, 0.5 ], "rotation": 90 },
						"east": { "texture": "#string", "uv": [ 2.0, 2.0, 5.0, 4.0 ] },
						"south": { "texture": "#string", "uv": [ 5.5, 2.0, 7.5, 2.5 ], "rotation": 90 },
						"west": { "texture": "#string", "uv": [ 1.0, 1.5, 4.0, 3.5 ] },
						"up": { "texture": "#string", "uv": [ 1.0, 0.0, 4.0, 0.5 ], "rotation": 90 },
						"down": { "texture": "#string", "uv": [ 7.5, 1.0, 10.5, 1.5 ], "rotation": 90 }
					}
				},
				{
					"name": "string7",
					"from": [ 5.5, -0.7, -1.5 ], 
					"to": [ 6.0, 1.3, 1.5 ], 
					"rotationOrigin": [ 5.5, -0.7, 0.0 ],
					"rotationY": -51.999988138810544,
					"faces": {
						"north": { "texture": "#string", "uv": [ 1.0, 0.0, 3.0, 0.5 ], "rotation": 90 },
						"east": { "texture": "#string", "uv": [ 0.0, 0.0, 3.0, 2.0 ] },
						"south": { "texture": "#string", "uv": [ 0.0, 0.0, 0.5, 2.0 ] },
						"west": { "texture": "#string", "uv": [ 0.0, 0.0, 3.0, 2.0 ] },
						"up": { "texture": "#string", "uv": [ 3.5, 0.0, 6.5, 0.5 ], "rotation": 90 },
						"down": { "texture": "#string", "uv": [ 0.0, 0.0, 0.5, 3.0 ] }
					}
				},
				{
					"name": "string8",
					"from": [ 4.0, -0.6, -0.7 ], 
					"to": [ 4.5, 1.1, 1.3 ], 
					"rotationOrigin": [ 4.0, -0.6, 0.8 ],
					"rotationY": 12.000001625280545,
					"faces": {
						"north": { "texture": "#string", "uv": [ 8.5, 0.5, 10.0, 1.0 ], "rotation": 90 },
						"east": { "texture": "#string", "uv": [ 0.0, 0.0, 2.0, 1.5 ] },
						"south": { "texture": "#string", "uv": [ 1.0, 0.5, 2.5, 1.0 ], "rotation": 90 },
						"west": { "texture": "#string", "uv": [ 2.0, 2.5, 4.0, 4.0 ] },
						"up": { "texture": "#string", "uv": [ 0.0, 0.0, 0.5, 2.0 ] },
						"down": { "texture": "#string", "uv": [ 0.0, 0.0, 0.5, 2.0 ] }
					}
				},
				{
					"name": "string9",
					"from": [ 3.2, -0.6, -0.9 ], 
					"to": [ 3.7, 1.1, 1.1 ], 
					"rotationOrigin": [ 3.2, -0.6, 0.6 ],
					"rotationX": 1.9999995073623897,
					"rotationY": -25.999996984765755,
					"rotationZ": -2.9684691826926236E-8,
					"faces": {
						"north": { "texture": "#string", "uv": [ 0.0, 0.5, 1.5, 1.0 ], "rotation": 90 },
						"east": { "texture": "#string", "uv": [ 0.0, 0.0, 2.0, 1.5 ] },
						"south": { "texture": "#string", "uv": [ 2.0, 0.5, 3.5, 1.0 ], "rotation": 90 },
						"west": { "texture": "#string", "uv": [ 0.0, 4.0, 2.0, 5.5 ] },
						"up": { "texture": "#string", "uv": [ 3.0, 0.5, 5.0, 1.0 ], "rotation": 90 },
						"down": { "texture": "#string", "uv": [ 6.5, 0.5, 8.5, 1.0 ], "rotation": 90 }
					}
				},
				{
					"name": "string10",
					"from": [ 2.8, -0.6, -0.8 ], 
					"to": [ 3.3, 1.1, 1.2 ], 
					"rotationOrigin": [ 2.8, -0.6, 0.7 ],
					"rotationX": 0.9999997998811924,
					"faces": {
						"north": { "texture": "#string", "uv": [ 1.0, 0.5, 2.5, 1.0 ], "rotation": 90 },
						"east": { "texture": "#string", "uv": [ 0.0, 2.0, 2.0, 3.5 ] },
						"south": { "texture": "#string", "uv": [ 0.0, 2.5, 1.5, 3.0 ], "rotation": 90 },
						"west": { "texture": "#string", "uv": [ 2.0, 2.5, 4.0, 4.0 ] },
						"up": { "texture": "#string", "uv": [ 4.5, 0.0, 6.5, 0.5 ], "rotation": 90 },
						"down": { "texture": "#string", "uv": [ 2.5, 2.0, 4.5, 2.5 ], "rotation": 90 }
					}
				},
				{
					"name": "handle 11",
					"from": [ -14.0, -0.5, -0.5 ], 
					"to": [ -8.0, 1.0, 0.5 ], 
					"rotationOrigin": [ -11.0, 0.3, 0.0 ],
					"faces": {
						"north": { "texture": "#handle", "uv": [ 0.0, 5.5, 6.0, 7.0 ] },
						"east": { "texture": "#handle", "uv": [ 0.5, 0.5, 1.5, 2.0 ], "enabled": false },
						"south": { "texture": "#handle", "uv": [ 0.0, 10.5, 6.0, 12.0 ] },
						"west": { "texture": "#handle", "uv": [ 14.0, 10.0, 15.0, 11.5 ] },
						"up": { "texture": "#handle", "uv": [ 0.0, 4.5, 6.0, 5.5 ] },
						"down": { "texture": "#handle", "uv": [ 0.0, 5.0, 6.0, 6.0 ] }
					}
				},
				{
					"name": "handle 12",
					"from": [ -12.5, -0.5, 0.5 ], 
					"to": [ -8.5, 1.0, 1.0 ], 
					"rotationOrigin": [ -14.0, -8.0, 1.0 ],
					"faces": {
						"north": { "texture": "#handle", "uv": [ 0.0, 5.5, 4.0, 7.0 ], "enabled": false },
						"east": { "texture": "#handle", "uv": [ 0.5, 0.5, 1.0, 2.0 ], "enabled": false },
						"south": { "texture": "#handle", "uv": [ 0.0, 10.5, 4.0, 12.0 ] },
						"west": { "texture": "#handle", "uv": [ 14.0, 10.0, 14.5, 11.5 ] },
						"up": { "texture": "#handle", "uv": [ 0.0, 8.5, 4.0, 9.0 ] },
						"down": { "texture": "#handle", "uv": [ 0.0, 5.0, 4.0, 5.5 ] }
					}
				},
				{
					"name": "head",
					"from": [ 5.0, -0.56, 0.3 ], 
					"to": [ 5.0, -0.56, 0.3 ], 
					"rotationOrigin": [ 5.0, -0.5, 0.3 ],
					"faces": {
						"north": { "texture": "#material", "uv": [ 4.5, 11.0, 5.0, 11.5 ], "enabled": false },
						"east": { "texture": "#material", "uv": [ 2.0, 9.5, 2.5, 10.0 ], "enabled": false },
						"south": { "texture": "#material", "uv": [ 4.5, 9.5, 5.0, 10.0 ], "enabled": false },
						"west": { "texture": "#material", "uv": [ 3.5, 3.0, 4.0, 3.5 ], "enabled": false },
						"up": { "texture": "#material", "uv": [ 4.0, 5.5, 4.5, 6.0 ], "enabled": false },
						"down": { "texture": "#material", "uv": [ 10.0, 10.5, 10.5, 11.0 ], "enabled": false }
					},
					"children": [
						{
							"name": "Cube19",
							"from": [ 0.0, 0.1, -1.5 ], 
							"to": [ 1.5, 1.55, 1.5 ], 
							"faces": {
								"north": { "texture": "#material", "uv": [ 7.0, 0.5, 8.5, 1.5 ] },
								"east": { "texture": "#material", "uv": [ 5.0, 2.5, 8.0, 3.5 ] },
								"south": { "texture": "#material", "uv": [ 13.5, 12.5, 15.0, 13.5 ] },
								"west": { "texture": "#material", "uv": [ 0.5, 7.0, 3.5, 8.0 ] },
								"up": { "texture": "#material", "uv": [ 14.0, 10.0, 15.5, 13.0 ] },
								"down": { "texture": "#material", "uv": [ 13.5, 0.0, 15.0, 3.0 ] }
							},
							"children": [
								{
									"name": "Cube20",
									"from": [ -0.3, 0.12, -1.0 ], 
									"to": [ 1.2, 1.37, 1.0 ], 
									"rotationOrigin": [ 0.0, -0.1, 0.0 ],
									"rotationY": 22.50000022689532,
									"faces": {
										"north": { "texture": "#material", "uv": [ 0.0, 3.0, 1.5, 4.0 ] },
										"east": { "texture": "#material", "uv": [ 4.5, 13.0, 6.5, 14.0 ] },
										"south": { "texture": "#material", "uv": [ 7.5, 8.5, 9.0, 9.5 ] },
										"west": { "texture": "#material", "uv": [ 13.0, 4.0, 15.0, 5.0 ] },
										"up": { "texture": "#material", "uv": [ 9.5, 0.0, 11.0, 2.0 ] },
										"down": { "texture": "#material", "uv": [ 5.5, 13.5, 7.0, 15.5 ] }
									},
									"children": [
										{
											"name": "Cube18",
											"from": [ 0.26, 0.125, -1.3097 ], 
											"to": [ 1.26, 1.125, 0.6903 ], 
											"rotationOrigin": [ -0.7, -0.125, 1.0 ],
											"rotationY": 22.499996530423793,
											"faces": {
												"north": { "texture": "#material", "uv": [ 13.0, 8.0, 14.0, 9.0 ] },
												"east": { "texture": "#material", "uv": [ 13.5, 8.0, 15.5, 9.0 ] },
												"south": { "texture": "#material", "uv": [ 9.5, 14.5, 10.5, 15.5 ] },
												"west": { "texture": "#material", "uv": [ 11.0, 12.5, 13.0, 13.5 ] },
												"up": { "texture": "#material", "uv": [ 12.0, 8.0, 13.0, 10.0 ] },
												"down": { "texture": "#material", "uv": [ 7.5, 10.0, 8.5, 12.0 ] }
											},
											"children": [
												{
													"name": "Cube21",
													"from": [ -0.3, 0.125, -0.6601 ], 
													"to": [ 0.45, 0.875, 0.3399 ], 
													"rotationOrigin": [ -0.1567, -0.25, -0.5187 ],
													"rotationY": 22.50000207513112,
													"faces": {
														"north": { "texture": "#material", "uv": [ 12.5, 2.0, 13.0, 2.5 ] },
														"east": { "texture": "#material", "uv": [ 7.5, 7.5, 8.5, 8.0 ] },
														"south": { "texture": "#material", "uv": [ 9.0, 10.0, 9.5, 10.5 ] },
														"west": { "texture": "#material", "uv": [ 0.0, 7.0, 1.0, 7.5 ] },
														"up": { "texture": "#material", "uv": [ 4.5, 3.5, 5.0, 4.5 ] },
														"down": { "texture": "#material", "uv": [ 14.5, 0.5, 15.0, 1.5 ] }
													}
												}
											]
										}
									]
								}
							]
						}
					]
				}
			]
		}
	]}