{
	code: "flour",
	maxstacksize: 64,
	behaviors: [
		{ name: "GroundStorable", properties: { layout: 'Quadrants', collisionBox: { x1: 0, y1: 0, z1: 0, x2: 1, y2: 0.125, z2: 1 } } }
	],
	attributes: {
		dissolveInWater: true,
		groundStorageTransform: {
			translation: { x: 0, y: -0.06, z: 0 },
			scale: 0.89
		}
	},
	variantgroups: [
		{ code: "type", states: ["acorn"] },
	],
	shape: { base: "game:item/food/flour" },
	texture: { base: "wildcraftfruit:items/grain/acorn-flour" },
	creativeinventory: { "general": ["*"], "items": ["*"], "wildcraftfruit": ["*"] },
	materialDensity: 600,
	transitionableProps: [{
		type: "Perish",
		freshHours: { avg: 4320 },
		transitionHours: { avg: 336 },
		transitionedStack: { type: "item", code: "game:rot" },
		transitionRatio: 0.25
	}],
	guiTransform: {
		translation: { x: 0, y: 0, z: -25 },
		rotation: { x: 171, y: 57, z: -20 },
		origin: { x: 0.46, y: 0.08, z: 0.48 },
		scale: 2.75
	},
	fpHandTransform: {
		translation: { x: 0.1, y: 0.16, z: 0 },
		rotation: { x: 37, y: 77, z: 2 },
		origin: { x: 0.5, y: 0.1, z: 0.5 },
		scale: 1.95
	},
	tpHandTransform: {
		"translation": { "x": -0.04, "y": -0.6, "z": -0.8 },
		"rotation": { "x": 119, "y": -7, "z": -72 },
		"origin": { "x": -0.1, "y": 0.32, "z": 0.82 },
		"scale": 0.48
	},
	groundTransform: {
		translation: { x: 0, y: 0, z: 0 },
		rotation: { x: 0, y: 0, z: 0 },
		origin: { x: 0.5, y: 0, z: 0.5 },
		scale: 3
	},
	"heldRightReadyAnimationByType": {
		"*": "holdbothhands"
	},
	"heldTpIdleAnimationByType": {
		"*": "holdbothhands"
        }
}