{
    "code": "oneroof",
    "class": "oneroof",
    "entityclassByType": {
        "*-dynamic-*": "oneroof-fill",
        "*": "oneroof"
    },

    "attributes": {
        "slopesByType": {
            "*clay-*": [ 1, 2, 3, 4, 5 ],
            "*-thatch-*": [ 1, 2, 3, 4 ],
            "*-slate-*": [ 1, 2, 3, 4, 5 ],
            "*-copper-*": [ 1, 2, 3, 4, 5 ],
            "*-bamboo-*": [ 1, 2, 3, 4, 5 ],
            "*-sod-*": [ 1, 2, 3 ]
        },
        "mapColorCode": "settlement"
    },
    
    "variantgroups": [
        {
            "code": "material",
            "states": [ "blueclay", "blackclay", "brownclay", "creamclay", "fireclay", "grayclay", "orangeclay", "redclay", "tanclay", "thatch", "bamboo", "copper", "slate", "sod" ]
        },
        {
            "code": "fill",
            "states": [ "standard", "dynamic" ]
        },
        {
            "code": "trim",
            "states": [ "none", "aged" ], "loadFromProperties": "game:block/wood"
        },
        {
            "code": "cover",
            "states": [ "free", "snow" ]
        }
    ],
    "allowedVariants": [
        "oneroof-sod-standard-none-*",
        "oneroof-sod-dynamic-none-*",
        "oneroof-thatch-standard-none-*",
        "oneroof-thatch-dynamic-none-*",
        "oneroof-bamboo-standard-none-*",
        "oneroof-bamboo-dynamic-none-*",
        "oneroof-slate-standard-none-*",
        "oneroof-slate-dynamic-none-*",
        "oneroof-copper-dynamic-none-*",
        "oneroof-copper-standard-none-*",
        "oneroof-fireclay-dynamic-none-*",
        "oneroof-grayclay-dynamic-none-*",
        "oneroof-redclay-dynamic-none-*",
        "oneroof-brownclay-dynamic-none-*",
        "oneroof-fireclay-standard-none-*",
        "oneroof-grayclay-standard-none-*",
        "oneroof-redclay-standard-none-*",
        "oneroof-brownclay-standard-none-*",
        "oneroof-blackclay-dynamic-none-*",
        "oneroof-blackclay-standard-none-*",
        "oneroof-tanclay-dynamic-none-*",
        "oneroof-tanclay-standard-none-*",
        "oneroof-creamclay-dynamic-none-*",
        "oneroof-creamclay-standard-none-*",
        "oneroof-orangeclay-dynamic-none-*",
        "oneroof-orangeclay-standard-none-*",
    ],
    "shapeByType": {
        "*clay-*": {
            "base": "block/roofing/main/shingles-clay-{cover}",
            "overlays": [ { "base": "block/roofing/main/trim-{cover}" } ]
        },
        "*-thatch-*": {
            "base": "block/roofing/main/thatch-{cover}",
            "overlays": [ { "base": "block/roofing/main/trim-{cover}" } ]
        },
        "*-bamboo-*": {
            "base": "block/roofing/main/bamboo-{cover}",
            "overlays": [ { "base": "block/roofing/main/trim-{cover}" } ]
        },
        "*-slate-*": {
            "base": "block/roofing/main/shingles-slate-copper-{cover}",
            "overlays": [ { "base": "block/roofing/main/trim-{cover}" } ]
        },
        "*-copper-*": {
            "base": "block/roofing/main/shingles-slate-copper-{cover}",
            "overlays": [ { "base": "block/roofing/main/trim-{cover}" } ]
        },
        "*-sod-*": {
            "base": "block/roofing/main/sod-{cover}",
            "overlays": [ { "base": "block/roofing/main/trim-{cover}" } ]
        }
    },
    "shapeInventoryByType": {
        "*clay-*": {
            "base": "block/roofing/main/shingles-clay-{fill}-demo"
        },
        "*-thatch-*": {
            "base": "block/roofing/main/thatch-demo"
        },
        "*-bamboo-*": {
            "base": "block/roofing/main/bamboo-demo"
        },
        "*-slate-*": {
            "base": "block/roofing/main/shingles-slate-copper-demo"
        },
        "*-copper-*": {
            "base": "block/roofing/main/shingles-slate-copper-demo"
        },
        "*-sod-*": {
            "base": "block/roofing/main/sod-demo"
        }
    },
    "texturesInventoryByType": {
        "*-fireclay-*-none-*": {
            "material": { "base": "game:block/clay/shingles/fire" },
            "trim": { "base": "game:block/transparent" },
            "fill": { "base": "game:unknown" }
        },
        "*-blueclay-*-none-*": {
            "material": { "base": "game:block/clay/shingles/blue" },
            "trim": { "base": "game:block/transparent" },
            "fill": { "base": "game:unknown" }
        },
        "*-brownclay-*-none-*": {
            "material": { "base": "game:block/clay/shingles/brown" },
            "trim": { "base": "game:block/transparent" },
            "fill": { "base": "game:unknown" }
        },
        "*-redclay-*-none-*": {
            "material": { "base": "game:block/clay/shingles/red" },
            "trim": { "base": "game:block/transparent" },
            "fill": { "base": "game:unknown" }
        },
        "*-blackclay-*-none-*": {
            "material": { "base": "game:block/clay/shingles/black" },
            "trim": { "base": "game:block/transparent" },
            "fill": { "base": "game:unknown" }
        },
        "*-creamclay-*-none-*": {
            "material": { "base": "game:block/clay/shingles/cream" },
            "trim": { "base": "game:block/transparent" },
            "fill": { "base": "game:unknown" }
        },
        "*-grayclay-*-none-*": {
            "material": { "base": "game:block/clay/shingles/gray" },
            "trim": { "base": "game:block/transparent" },
            "fill": { "base": "game:unknown" }
        },
        "*-orangeclay-*-none-*": {
            "material": { "base": "game:block/clay/shingles/orange" },
            "trim": { "base": "game:block/transparent" },
            "fill": { "base": "game:unknown" }
        },
        "*-tanclay-*-none-*": {
            "material": { "base": "game:block/clay/shingles/tan" },
            "trim": { "base": "game:block/transparent" },
            "fill": { "base": "game:unknown" }
        },
        "*-thatch-standard-*": {
            "normal-side": { "base": "game:block/plant/grassroofing/normal-side" },
            "normal-top": { "base": "game:block/plant/grassroofing/normal-top" },
            "straw1": { "base": "game:block/plant/grassroofing/straw1" },
            "bamboo-side": { "base": "game:block/hay/bamboo-side" },
            "fill": { "base": "game:block/transparent" },
            "material": { "base": "game:block/transparent" }
        },
        "*-thatch-dynamic-*": {
            "normal-side": { "base": "game:block/plant/grassroofing/normal-side" },
            "normal-top": { "base": "game:block/plant/grassroofing/normal-top" },
            "straw1": { "base": "game:block/plant/grassroofing/straw1" },
            "bamboo-side": { "base": "game:block/hay/bamboo-side" },
            "fill": { "base": "game:unknown" },
            "material": { "base": "game:block/transparent" }
        },
        "*-bamboo-standard-*": {
            "material-2": { "base": "game:block/wood/planks/bamboo-side" },
		    "material-1": { "base": "game:block/wood/planks/bamboo-top" },
		    "material": { "base": "game:block/wood/planks/bamboosmooth" },
            "fill": { "base": "game:block/transparent" }
        },
        "*-bamboo-dynamic-*": {
            "material-2": { "base": "game:block/wood/planks/bamboo-side" },
		    "material-1": { "base": "game:block/wood/planks/bamboo-top" },
		    "material": { "base": "game:block/wood/planks/bamboosmooth" },
            "fill": { "base": "game:unknown" }
        },
        "*-slate-standard-*": {
		    "material": { "base": "game:block/stone/shingles/slate*" },
            "fill": { "base": "game:block/transparent" }
        },
        "*-slate-dynamic-*": {
		    "material": { "base": "game:block/stone/shingles/slate*" },
            "fill": { "base": "game:unknown" }
        },
        "*-copper-standard-*": {
		    "material": { "base": "game:block/metal/shingles/copper*" },
            "fill": { "base": "game:block/transparent" }
        },
        "*-copper-dynamic-*": {
		    "material": { "base": "game:block/metal/shingles/copper*" },
            "fill": { "base": "game:unknown" }
        },
        "*fireclay-*": {
            "material": { "base": "game:block/clay/shingles/fire" },
            "trim": { "base": "game:block/wood/planks/{trim}*" },
            "fill": { "base": "game:unknown" }
        },
        "*blueclay-*": {
            "material": { "base": "game:block/clay/shingles/blue" },
            "trim": { "base": "game:block/wood/planks/{trim}*" },
            "fill": { "base": "game:unknown" }
        },
        "*blackclay-*": {
            "material": { "base": "game:block/clay/shingles/black" },
            "trim": { "base": "game:block/wood/planks/{trim}*" },
            "fill": { "base": "game:unknown" }
        },
        "*redclay-*": {
            "material": { "base": "game:block/clay/shingles/red" },
            "trim": { "base": "game:block/wood/planks/{trim}*" },
            "fill": { "base": "game:unknown" }
        },
        "*brownclay-*": {
            "material": { "base": "game:block/clay/shingles/brown" },
            "trim": { "base": "game:block/wood/planks/{trim}*" },
            "fill": { "base": "game:unknown" }
        },
        "*creamclay-*": {
            "material": { "base": "game:block/clay/shingles/cream" },
            "trim": { "base": "game:block/wood/planks/{trim}*" },
            "fill": { "base": "game:unknown" }
        },
        "*orangeclay-*": {
            "material": { "base": "game:block/clay/shingles/orange" },
            "trim": { "base": "game:block/wood/planks/{trim}*" },
            "fill": { "base": "game:unknown" }
        },
        "*tanclay-*": {
            "material": { "base": "game:block/clay/shingles/tan" },
            "trim": { "base": "game:block/wood/planks/{trim}*" },
            "fill": { "base": "game:unknown" }
        },
        "*grayclay-*": {
            "material": { "base": "game:block/clay/shingles/gray" },
            "trim": { "base": "game:block/wood/planks/{trim}*" },
            "fill": { "base": "game:unknown" }
        },
        "*-sod-standard-*": {
            "normal": { "base": "game:block/plant/grasscoverage/normal"},
            "short-north": { "base": "game:block/plant/tallgrass/free/short-north"},
            "short-south": { "base": "game:block/plant/tallgrass/free/short-south"},
            "aged1": { "base": "game:block/wood/planks/aged/generic1"},
            "aged-side": { "base": "game:block/wood/roof/aged-side"},
            "aged-top": { "base": "game:block/wood/roof/aged-top"},
            "fill": { "base": "game:block/transparent" }
        },
        "*-sod-dynamic-*": {
            "normal": { "base": "game:block/plant/grasscoverage/normal"},
            "short-north": { "base": "game:block/plant/tallgrass/free/short-north"},
            "short-south": { "base": "game:block/plant/tallgrass/free/short-south"},
            "aged1": { "base": "game:block/wood/planks/aged/generic1"},
            "aged-side": { "base": "game:block/wood/roof/aged-side"},
            "aged-top": { "base": "game:block/wood/roof/aged-top"},
            "fill": { "base": "game:unknown" }
        }
    },
    "texturesByType": {
        "*-fireclay-*-none-*": {
            "material": { "base": "game:block/clay/shingles/fire" },
            "trim": { "base": "game:block/transparent" },
            "fill": { "base": "game:block/clay/shingles/fire" }
        },
        "*-blueclay-*-none-*": {
            "material": { "base": "game:block/clay/shingles/blue" },
            "trim": { "base": "game:block/transparent" },
            "fill": { "base": "game:block/clay/shingles/blue" }
        },
        "*-blackclay-*-none-*": {
            "material": { "base": "game:block/clay/shingles/black" },
            "trim": { "base": "game:block/transparent" },
            "fill": { "base": "game:block/clay/shingles/black" }
        },
        "*-redclay-*-none-*": {
            "material": { "base": "game:block/clay/shingles/red" },
            "trim": { "base": "game:block/transparent" },
            "fill": { "base": "game:block/clay/shingles/red" }
        },
        "*-brownclay-*-none-*": {
            "material": { "base": "game:block/clay/shingles/brown" },
            "trim": { "base": "game:block/transparent" },
            "fill": { "base": "game:block/clay/shingles/brown" }
        },
        "*-creamclay-*-none-*": {
            "material": { "base": "game:block/clay/shingles/cream" },
            "trim": { "base": "game:block/transparent" },
            "fill": { "base": "game:block/clay/shingles/cream" }
        },
        "*-tanclay-*-none-*": {
            "material": { "base": "game:block/clay/shingles/tan" },
            "trim": { "base": "game:block/transparent" },
            "fill": { "base": "game:block/clay/shingles/tan" }
        },
        "*-orangeclay-*-none-*": {
            "material": { "base": "game:block/clay/shingles/orange" },
            "trim": { "base": "game:block/transparent" },
            "fill": { "base": "game:block/clay/shingles/orange" }
        },
        "*-grayclay-*-none-*": {
            "material": { "base": "game:block/clay/shingles/gray" },
            "trim": { "base": "game:block/transparent" },
            "fill": { "base": "game:block/clay/shingles/gray" }
        },
        "*-thatch-*-free": {
            "normal-side": { "base": "game:block/plant/grassroofing/normal-side" },
            "normal-top": { "base": "game:block/plant/grassroofing/normal-top" },
            "straw1": { "base": "game:block/plant/grassroofing/straw1" },
            "bamboo-side": { "base": "game:block/hay/bamboo-side" },
            "material": { "base": "game:block/transparent" },
            "fill": { "base": "game:block/hay/bamboo-side" },
            "trim": { "base": "game:block/transparent" }
        },
        "*-thatch-*-snow": {
            "normal-side": { "base": "game:block/plant/grassroofing/normal-side" },
            "normal-top": { "base": "game:block/plant/grassroofing/normal-top" },
            "straw1": { "base": "game:block/plant/grassroofing/straw-winter" },
            "bamboo-side": { "base": "game:block/hay/bamboo-side" },
            "material": { "base": "game:block/transparent" },
            "fill": { "base": "game:block/transparent" },
            "trim": { "base": "game:block/transparent" },
        },
        "*-bamboo-*": {
            "material-2": { "base": "game:block/wood/planks/bamboo-side" },
		    "material-1": { "base": "game:block/wood/planks/bamboo-top" },
		    "material": { "base": "game:block/wood/planks/bamboosmooth" },
            "fill": { "base": "game:block/wood/planks/bamboo-side" },
            "trim": { "base": "game:block/transparent" }
        },
        "*-slate-*": {
		    "material": { "base": "game:block/stone/shingles/slate*" },
            "fill": { "base": "game:block/stone/shingles/slate*" },
            "trim": { "base": "game:block/transparent" },
        },
        "*-copper-*": {
		    "material": { "base": "game:block/metal/shingles/copper*" },
            "fill": { "base": "game:block/metal/shingles/copper*" },
            "trim": { "base": "game:block/transparent" },
        },
        "*fireclay-*": {
            "material": { "base": "game:block/clay/shingles/fire" },
            "trim": { "base": "game:block/transparent" },
            "fill": { "base": "game:block/clay/shingles/fire" }
        },
        "*blueclay-*": {
            "material": { "base": "game:block/clay/shingles/blue" },
            "trim": { "base": "game:block/transparent" },
            "fill": { "base": "game:block/clay/shingles/blue" }
        },
        "*blackclay-*": {
            "material": { "base": "game:block/clay/shingles/black" },
            "trim": { "base": "game:block/transparent" },
            "fill": { "base": "game:block/clay/shingles/black" }
        },
        "*redclay-*": {
            "material": { "base": "game:block/clay/shingles/red" },
            "trim": { "base": "game:block/transparent" },
            "fill": { "base": "game:block/clay/shingles/red" }
        },
        "*brownclay-*": {
            "material": { "base": "game:block/clay/shingles/brown" },
            "trim": { "base": "game:block/transparent" },
            "fill": { "base": "game:block/clay/shingles/brown" }
        },
        "*orangeclay-*": {
            "material": { "base": "game:block/clay/shingles/orange" },
            "trim": { "base": "game:block/transparent" },
            "fill": { "base": "game:block/clay/shingles/orange" }
        },
        "*creamclay-*": {
            "material": { "base": "game:block/clay/shingles/cream" },
            "trim": { "base": "game:block/transparent" },
            "fill": { "base": "game:block/clay/shingles/cream" }
        },
        "*tanclay-*": {
            "material": { "base": "game:block/clay/shingles/tan" },
            "trim": { "base": "game:block/transparent" },
            "fill": { "base": "game:block/clay/shingles/tan" }
        },
        "*grayclay-*": {
            "material": { "base": "game:block/clay/shingles/gray" },
            "trim": { "base": "game:block/transparent" },
            "fill": { "base": "game:block/clay/shingles/gray" }
        },
        "*-sod-*-free": {
            "normal": { "base": "game:block/plant/grasscoverage/normal"},
            "short-north": { "base": "game:block/plant/tallgrass/free/short-north"},
            "short-south": { "base": "game:block/plant/tallgrass/free/short-south"},
            "aged1": { "base": "game:block/wood/planks/aged/generic1"},
            "aged-side": { "base": "game:block/wood/roof/aged-side"},
            "aged-top": { "base": "game:block/wood/roof/aged-top"},
            "fill": { "base": "game:block/wood/planks/aged/generic1"},
            "trim": { "base": "game:block/transparent" },
        },
        "*-sod-*-snow": {
            "normal": { "base": "game:block/plant/grasscoverage/normal"},
            "short-north": { "base": "game:block/transparent"},
            "short-south": { "base": "game:block/transparent"},
            "aged1": { "base": "game:block/wood/planks/aged/generic1"},
            "aged-side": { "base": "game:block/wood/roof/aged-side"},
            "aged-top": { "base": "game:block/wood/roof/aged-top"},
            "fill": { "base": "game:block/wood/planks/aged/generic1"},
            "trim": { "base": "game:block/transparent" },
        }
    },
    "textures": {
        "snowcover": { "base": "game:block/liquid/snow/normal1" }
    },
    "drawtype": "json",
    "faceCullMode": "NeverCull",
    "renderpass": "OpaqueNoCull",
    "sidesolid": {
        "all": true, "up": false
    },
    "sideopaque": { "all": false },
    "blockmaterialByType": {
        "*clay-*": "Ceramic",
        "*-thatch-*": "Plant",
        "*-bamboo-*": "Wood",
        "*-copper-*": "Metal",
        "*-slate-*": "Stone",
        "*-sod-*": "Plant"
    },
    "creativeinventory": {
        "general": [ "oneroof-*-none-free" ],
        "decorative": [ "oneroof-*-none-free" ]
    },
    "replaceable": 300,
    "resistance": 2,
    "lightAbsorption": 99,
    "emitSideAo": {
        "all": true
    },
    "soundsByType": {
        "*clay-*": {
            "walk": "game:walk/stone",
            "place": "game:block/ceramicplace"
        },
        "*-thatch-*": {
            "place": "game:block/plant",
            "break": "game:block/plant",
            "hit": "game:block/plant"
        },
        "*-bamboo-*": {
            "place": "game:block/planks",
            "break": "game:block/planks",
            "hit": "game:block/planks"
        },
        "*-slate-*": {
			"walk": "game:walk/stone",
			"place": "game:block/ceramicplace"
		},
        "*-copper-*": {
			"place": "game:block/chute",
			"break": "game:block/chute",
			"hit": "game:block/chute",
			"walk": "game:walk/stone"
		},
		"*-sod-*": {
			"hit": "game:block/planks",
			"break": "game:block/planks",
			"place": "game:block/planks",
			"walk": "game:walk/grass*"
		}
    },
    "guiTransformByType": {
        "*": {
            "rotation": {
                "x": -22.6,
                "y": -40,
                "z": 0
            },
            "origin": {
                "x": 0.53,
                "y": 0.55,
                "z": 0.46
            },
            "scale": 0.85
        }
    },
    "drops": [ { "type": "block", "code": "oneroof-{material}-{fill}-none-free" } ]
}