[
	{
		"file": "game:itemtypes/resource/ingot",
		"op:": "replace",
		"path": "/attributes/onTongTransform/translation/x",
		"value": -0.48
	},
	{
		"file": "game:itemtypes/resource/ingot",
		"op:": "replace",
		"path": "/attributes/onTongTransform/translation/y",
		"value": -0.57
	},
	{
		"file": "game:itemtypes/resource/ingot",
		"op:": "replace",
		"path": "/attributes/onTongTransform/translation/z",
		"value": -0.39
	},
	{
		"file": "game:itemtypes/resource/ingot",
		"op:": "replace",
		"path": "/attributes/onTongTransform/rotation/x",
		"value": -23
	},
	{
		"file": "game:itemtypes/resource/ingot",
		"op:": "replace",
		"path": "/attributes/onTongTransform/rotation/y",
		"value": -92
	},
	{
		"file": "game:itemtypes/resource/ingot",
		"op:": "replace",
		"path": "/attributes/onTongTransform/rotation/z",
		"value": -2
	},
	{
		"file": "game:itemtypes/resource/ingot",
		"op:": "replace",
		"path": "/attributes/onTongTransform/scale",
		"value": 1.08
	}


]