[
	{
		"file": "game:itemtypes/resource/metalplate",
		"op:": "replace",
		"path": "/attributes/onTongTransform/translation/x",
		"value": -0.78
	},
	{
		"file": "game:itemtypes/resource/metalplate",
		"op:": "replace",
		"path": "/attributes/onTongTransform/translation/y",
		"value": -1.07
	},
	{
		"file": "game:itemtypes/resource/metalplate",
		"op:": "replace",
		"path": "/attributes/onTongTransform/translation/z",
		"value": -0
	},
	{
		"file": "game:itemtypes/resource/metalplate",
		"op:": "replace",
		"path": "/attributes/onTongTransform/rotation/x",
		"value": 65
	},
	{
		"file": "game:itemtypes/resource/metalplate",
		"op:": "replace",
		"path": "/attributes/onTongTransform/rotation/y",
		"value": 0
	},
	{
		"file": "game:itemtypes/resource/metalplate",
		"op:": "replace",
		"path": "/attributes/onTongTransform/rotation/z",
		"value": 41
	},
	{
		"file": "game:itemtypes/resource/metalplate",
		"op:": "replace",
		"path": "/attributes/onTongTransform/scale",
		"value": 0.8
	}


]
