[
	{
		"file": "game:blocktypes/clay/crucible",
		"op:": "replace",
		"path": "/attributesByType/crucible-smelted/onTongTransform/translation/x",
		"value": -0.68
	},
	{
		"file": "game:blocktypes/clay/crucible",
		"op:": "replace",
		"path": "/attributesByType/crucible-smelted/onTongTransform/translation/y",
		"value": -0.82
	},
	{
		"file": "game:blocktypes/clay/crucible",
		"op:": "replace",
		"path": "/attributesByType/crucible-smelted/onTongTransform/translation/z",
		"value": -0.7
	},
	{
		"file": "game:blocktypes/clay/crucible",
		"op:": "replace",
		"path": "/attributesByType/crucible-smelted/onTongTransform/rotation/x",
		"value": -24
	},
	{
		"file": "game:blocktypes/clay/crucible",
		"op:": "replace",
		"path": "/attributesByType/crucible-smelted/onTongTransform/rotation/y",
		"value": 0
	},
	{
		"file": "game:blocktypes/clay/crucible",
		"op:": "replace",
		"path": "/attributesByType/crucible-smelted/onTongTransform/rotation/z",
		"value": -95
	},
	{
		"file": "game:blocktypes/clay/crucible",
		"op:": "replace",
		"path": "/attributesByType/crucible-smelted/onTongTransform/scale",
		"value": 0.65
	}


]