﻿[
	{
		"op": "addmerge",
		"path": "/behaviorConfigs",
		"value": {},
		"file": "game:entities/land/gazelle",
		"side": "Server"
	},
	{
		"op": "addmerge",
		"path": "/behaviorConfigs/harvestable",
		"value": {},
		"file": "game:entities/land/gazelle",
		"side": "Server"
	},
	{
		"op": "addmerge",
		"path": "/behaviorConfigs/harvestable/drops",
		"value": [],
		"file": "game:entities/land/gazelle",
		"side": "Server"
	},
	{
		"op": "addmerge",
		"path": "/behaviorConfigs/harvestable/quantitySlots",
		"value": 8,
		"file": "game:entities/land/gazelle",
		"side": "Server"
	},
	{
		"op": "add",
		"path": "/behaviorConfigs/harvestable/drops/-",
		"value": {
			type: "item",
			code: "ancienttools:brain",
			quantityByType: {
				"*-calf": { avg: 0.0, var: 0 },
				"*-male": { avg: 0.25, var: 0 },
				"*-female": { avg: 0.25, var: 0 },
			}
		},
		"file": "game:entities/land/gazelle",
		"side": "Server"
	}
]