﻿[
	{
		"op": "addmerge",
		"path": "/behaviorConfigs",
		"value": {},
		"file": "game:entities/land/pig-wild-male",
		"side": "Server"
	},
	{
		"op": "addmerge",
		"path": "/behaviorConfigs",
		"value": {},
		"file": "game:entities/land/pig-wild-female",
		"side": "Server"
	},
	{
		"op": "addmerge",
		"path": "/behaviorConfigs",
		"value": {},
		"file": "game:entities/land/pig-wild-piglet",
		"side": "Server"
	},
	{
		"op": "addmerge",
		"path": "/behaviorConfigs/harvestable",
		"value": {},
		"file": "game:entities/land/pig-wild-male",
		"side": "Server"
	},
	{
		"op": "addmerge",
		"path": "/behaviorConfigs/harvestable",
		"value": {},
		"file": "game:entities/land/pig-wild-female",
		"side": "Server"
	},
	{
		"op": "addmerge",
		"path": "/behaviorConfigs/harvestable",
		"value": {},
		"file": "game:entities/land/pig-wild-piglet",
		"side": "Server"
	},
	{
		"op": "addmerge",
		"path": "/behaviorConfigs/harvestable/drops",
		"value": [],
		"file": "game:entities/land/pig-wild-male",
		"side": "Server"
	},
	{
		"op": "addmerge",
		"path": "/behaviorConfigs/harvestable/drops",
		"value": [],
		"file": "game:entities/land/pig-wild-female",
		"side": "Server"
	},
	{
		"op": "addmerge",
		"path": "/behaviorConfigs/harvestable/drops",
		"value": [],
		"file": "game:entities/land/pig-wild-piglet",
		"side": "Server"
	},
	{
		"op": "addmerge",
		"path": "/behaviorConfigs/harvestable/quantitySlots",
		"value": 8,
		"file": "game:entities/land/pig-wild-male",
		"side": "Server"
	},
	{
		"op": "addmerge",
		"path": "/behaviorConfigs/harvestable/quantitySlots",
		"value": 8,
		"file": "game:entities/land/pig-wild-female",
		"side": "Server"
	},
	{
		"op": "addmerge",
		"path": "/behaviorConfigs/harvestable/quantitySlots",
		"value": 8,
		"file": "game:entities/land/pig-wild-piglet",
		"side": "Server"
	},
	{
		"op": "add",
		"path": "/behaviorConfigs/harvestable/drops/-",
		"value": {
			type: "item",
			code: "ancienttools:brain",
			quantity: { avg: 0.35, var: 0 } 
		},
		"file": "game:entities/land/pig-wild-male",
		"side": "Server"
	},
	{
		"op": "add",
		"path": "/behaviorConfigs/harvestable/drops/-",
		"value": {
			type: "item",
			code: "ancienttools:brain",
			quantity: { avg: 0.35, var: 0 } 
		},
		"file": "game:entities/land/pig-wild-female",
		"side": "Server"
	},
	{
		"op": "add",
		"path": "/behaviorConfigs/harvestable/drops/-",
		"value": {
			type: "item",
			code: "ancienttools:brain",
			quantity: { avg: 0.25, var: 0 } 
		},
		"file": "game:entities/land/pig-wild-piglet",
		"side": "Server"
	}
]