[
    {
        "code": "cider",
        "sealHours": 168,
        "ingredients": [
            { "type": "item", "code": "wildcraftfruit:juiceportion-*",  "name": "fruit", "litres": 0.1 }
        ],
        "output": { "type": "item", "code": "wildcraftfruit:ciderportion-{fruit}", "litres": 0.1 }
    },
    {
	code: "sweetwater",
	ingredients: [
           { "type": "item", "code": "game:honeycomb", "quantity": 1 },
           { "type": "item", "code": "game:waterportion",  "litres": 10 }
	],
	output: { type: "item", code: "wildcraftfruit:sweetwaterportion", litres: 10 }
    },
    {
	code: "sweetwater",
	ingredients: [
           { "type": "item", "code": "wildcraftfruit:flower-honeypots", "quantity": 2 },
           { "type": "item", "code": "game:waterportion",  "litres": 1 }
	],
	output: { type: "item", code: "wildcraftfruit:sweetwaterportion", litres: 1 }
    },
    {
	code: "sweetwater",
	ingredients: [
           { "type": "item", "code": "wildcraftfruit:flower-honeysuckle", "quantity": 4 },
           { "type": "item", "code": "game:waterportion",  "litres": 1 }
	],
	output: { type: "item", code: "wildcraftfruit:sweetwaterportion", litres: 1 }
    },
    {
	code: "sweetwater",
	ingredients: [
           { "type": "item", "code": "wildcraftfruit:flower-currant", "quantity": 6 },
           { "type": "item", "code": "game:waterportion",  "litres": 1 }
	],
	output: { type: "item", code: "wildcraftfruit:sweetwaterportion", litres: 1 }
    },
    {
	code: "juniperwater",
        sealHours: 6,
	ingredients: [
           { "type": "item", "code": "wildcraftfruit:nut-juniper", "quantity": 5 },
           { "type": "item", "code": "wildcraftfruit:sweetwaterportion",  "litres": 1 }
	],
	output: { type: "item", code: "wildcraftfruit:juiceportion-juniper", litres: 1 }
    },
    {
	code: "sumacwater",
        sealHours: 6,
	ingredients: [
           { "type": "item", "code": "wildcraftfruit:nut-sumac", "quantity": 5 },
           { "type": "item", "code": "wildcraftfruit:sweetwaterportion",  "litres": 1 }
	],
	output: { type: "item", code: "wildcraftfruit:juiceportion-sumac", litres: 1 }
    },
    {
        "code": "pomacewine",
        "sealHours": 168,
        "ingredients": [
            { "type": "item", "code": "wildcraftfruit:pressedmash-*", name: "mash", allowedVariants: ["whitegrape", "redgrape", "blackgrape", "foxgrape"], "quantity": 1 },
            { "type": "item", "code": "game:waterportion",  "litres": 0.5 }
        ],
        "output": { "type": "item", "code": "wildcraftfruit:ciderportion-pomace", "litres": 0.5 }
    },
    {
        "code": "finespirit",
        "sealHours": 2880,
        "ingredients": [
            { "type": "item", "code": "wildcraftfruit:spiritportion-whitegrape", "litres": 0.1 }
        ],
        "output": { "type": "item", "code": "wildcraftfruit:finespiritportion-armagnac", "litres": 0.09 }
    },
    {
        "code": "finespirit",
        "sealHours": 2880,
        "ingredients": [
            { "type": "item", "code": "wildcraftfruit:spiritportion-redgrape", "litres": 0.1 }
        ],
        "output": { "type": "item", "code": "wildcraftfruit:finespiritportion-cognac", "litres": 0.09 }
    },
    {
        "code": "finespirit",
        "sealHours": 2880,
        "ingredients": [
            { "type": "item", "code": "game:spiritportion-cherry", "litres": 0.1 }
        ],
        "output": { "type": "item", "code": "wildcraftfruit:finespiritportion-guignolet", "litres": 0.09 }
    },
    {
        "code": "finespirit",
        "sealHours": 2880,
        "ingredients": [
            { "type": "item", "code": "game:spiritportion-orange", "litres": 0.1 }
        ],
        "output": { "type": "item", "code": "wildcraftfruit:finespiritportion-cointreau", "litres": 0.09 }
    },
    {
        "code": "finespirit",
        "sealHours": 2880,
        "ingredients": [
            { "type": "item", "code": "game:spiritportion-apple", "litres": 0.1 }
        ],
        "output": { "type": "item", "code": "wildcraftfruit:finespiritportion-calvados", "litres": 0.09 }
    },
    {
        "code": "finespirit",
        "sealHours": 2880,
        "ingredients": [
            { "type": "item", "code": "game:spiritportion-pear", "litres": 0.1 }
        ],
        "output": { "type": "item", "code": "wildcraftfruit:finespiritportion-calvados", "litres": 0.09 }
    },
    {
        "code": "finespirit",
        "sealHours": 2880,
        "ingredients": [
            { "type": "item", "code": "wildcraftfruit:spiritportion-*", name: "spirit", allowedVariants: ["whitegrape", "redgrape", "blackgrape", "foxgrape"], "litres": 0.2 },
            { "type": "item", "code": "wildcraftfruit:nut-*", name: "nut", allowedVariants: ["almondground", "apricotpitground"], "quantity": 1 },
        ],
        "output": { "type": "item", "code": "wildcraftfruit:finespiritportion-amaretto", "litres": 0.18 }
    },
    {
        "code": "cider",
        "sealHours": 168,
        "ingredients": [
            { "type": "item", "code": "wildcraftfruit:flower-*",  "name": "flower", "allowedVariants": ["rose", "hibiscus", "elder", "currant", "honeysuckle"], "quantity": 5 },
            { "type": "item", "code": "wildcraftfruit:sweetwaterportion",  "litres": 1 }
        ],
        "output": { "type": "item", "code": "wildcraftfruit:flowerwine-{flower}", "litres": 0.1 }
    },
    {
        "code": "finewine",
        "sealHours": 2160,
        "ingredients": [
            { "type": "item", "code": "wildcraftfruit:ciderportion-*", name: "fruit", allowedVariants: ["juniper", "illawarra", "creepingpine", "pandanbits", "maritabits", "crowseye", "kakaha", "flaxlily", "avocado", "engkala", "kawakawa", "gooseberry", "blackgrape", "redgrape", "whitegrape", "foxgrape", "virgingrape", "gardenstrawberry", "strawberry", "falsestrawberry", "raspberry", "blueraspberry", "brambleberry", "cloudberry", "knyazberry", "bushlawyer", "dogrose", "hawthorn", "rowanberry", "quince", "loquat", "apricot", "purpleplum", "cherryplum", "sallowthorn", "jujube", "fig", "falseorange", "silvernettle", "cucumber", "muskmelon", "mirzamelon", "kolkhoznitsa", "watermelon", "bryony", "passionfruit", "achacha", "spindle", "ugni", "midyimberry", "munthari", "guajava", "feijoa", "roseapple", "lillypillypink", "pittedbeachalmond", "bluetongue", "turkscap", "cocoa", "wolfberry", "caperberry", "citron", "pomelo", "fingerlime", "kumquat", "lemonaspen", "sumac", "cashewapple", "pittedchinaberry", "redquandong", "rubysaltbush", "pokeberry", "bunchberry", "cheeseberry", "pineheath", "pricklyheath", "honeypots", "crowberry", "lingonberry", "huckleberry", "kiwi", "honeysuckle", "snowberry", "blackelder", "elderberry", "ivy", "blacknightshade", "bitternightshade", "naranjilla", "husktomato", "beautyberry", "numnum", "seamango", "coralbead", "pilo", "mingimingi", "fractureberry"], "litres": 0.1 },
        ],
        "output": { "type": "item", "code": "wildcraftfruit:fineciderportion-{fruit}", "litres": 0.09 }
    },
    {
        "code": "finewine",
        "sealHours": 2160,
        "ingredients": [
            { "type": "item", "code": "wildcraftfruit:ciderportion-blacknightshadeunripe", "litres": 0.1 },
        ],
        "output": { "type": "item", "code": "wildcraftfruit:fineciderportion-blacknightshade", "litres": 0.09 }
    },
    {
        "code": "finewine",
        "sealHours": 2160,
        "ingredients": [
            { "type": "item", "code": "game:ciderportion-*", name: "fruit", allowedVariants: ["blueberry", "cranberry", "redcurrant", "blackcurrant", "whitecurrant", "saguaro", "pineapple", "apple", "cherry", "peach", "pear", "orange", "mango", "breadfruit", "lychee", "pomegranate", "mead" ], "litres": 0.1 },
        ],
        "output": { "type": "item", "code": "wildcraftfruit:fineciderportion-{fruit}", "litres": 0.09 }
    },
    {
        "code": "finewine",
        "sealHours": 2160,
        "ingredients": [
            { "type": "item", "code": "wildcraftfruit:flowerwine-*", name: "flower", allowedVariants: ["rose", "hibiscus", "elder", "honeysuckle", "currant"], "litres": 0.1 },
        ],
        "output": { "type": "item", "code": "wildcraftfruit:fineflowerwine-{flower}", "litres": 0.09 }
    },
]