{
  "code": "claysmokingpipebowl",
  "creativeinventory": { "general": [ "*" ] },
  "shape": { "base": "claysmokingpipebowl" },
  "blockmaterial": "Ceramic",
  "maxstacksize": 16,
  "variantgroups": [
    {
      "code": "color",
      "states": [ "fire", "blue" ]
    },
    {
      "code": "type",
      "states": [ "raw", "fired" ]
    }
  ],
  "behaviors": [
    {
      "name": "GroundStorable",
      "properties": {
        "layout": "Quadrants",
        "placeRemoveSound": "sounds/player/build",
        "collisionBox": {
          "x1": 0,
          "y1": 0,
          "z1": 0,
          "x2": 1,
          "y2": 0.3125,
          "z2": 1
        }
      }
    }
  ],
  "attributes": {
    "groundStorageTransform": {
      "translation": {
        "x": -0,
        "y": 0,
        "z": 0.3
      }
    }
  },
  "combustiblePropsByType": {
    "claysmokingpipebowl-*-raw": {
      "meltingPoint": 850,
      "meltingDuration": 7.5,
      "smeltingType": "fire",
      "smeltedStack": {
        "type": "item",
        "code": "claysmokingpipebowl-{color}-fired"
      },
      "requiresContainer": false
    }
  },
  "texturesByType": {
    "*": {
      "material": { "base": "game:block/soil/{color}clay" }
    }
  },
  "tpHandTransform": {
    "translation": {
      "x": -1.2,
      "y": -0.8,
      "z": -1.1
    },
    "scale": 0.41
  },
  "fpHandTransform": {
    "translation": {
      "x": -0.5,
      "y": 0.5,
      "z": 1.2
    },
    "rotation": {
      "x": -179,
      "y": -180,
      "z": -178
    },
    "scale": 1.11
  },
  "groundTransform": {
    "translation": {
      "x": 0,
      "y": 0.1,
      "z": 0
    },
    "rotation": {
      "x": 90,
      "y": 0,
      "z": 0
    },
    "origin": {
      "x": 0.5,
      "y": 0.5,
      "z": 0.5299
    },
    "scale": 3.64
  },
  "guiTransform": {
    "translation": {
      "x": 37.8,
      "y": -5.6,
      "z": 39.6
    },
    "rotation": {
      "x": 151,
      "y": -4,
      "z": -36
    },
    "scale": 3.04
  }
}