{
  "code": "claysmokingpipe",
  "class": "SmokingItem",
  "behaviors": [
    {
      "name": "GroundStorable",
      "properties": {
        "layout": "Quadrants",
        "collisionBox": {
          "x1": 0,
          "y1": 0,
          "z1": 0,
          "x2": 1,
          "y2": 0.125,
          "z2": 1
        }
      }
    }
  ],
  "creativeinventory": { "general": [ "*" ] },
  "blockmaterial": "Ceramic",
  "variantgroups": [
    {
      "code": "bowl-color",
      "states": [ "fire", "blue", "glass", "diamond" ]
    },
    {
      "code": "stem-color",
      "states": [ "fire", "blue", "glass", "diamond" ]
    }
  ],
  "allowedVariants": [
    "*-fire-fire",
    "*-fire-blue",
    "*-blue-fire",
    "*-blue-blue",
    "*-glass-glass",
    "*-diamond-diamond"
  ],
  "shape": { "base": "claysmokingpipe" },
  "texturesByType": {
    "*-diamond-diamond": {
      "bowl": { "base": "game:block/stone/gem/diamond" },
      "stem": { "base": "game:block/stone/gem/diamond" },
      "herb": { "base": "game:block/cloth/cloth-ruined" }
    },
    "*-glass-glass": {
      "bowl": { "base": "game:block/glass/blue" },
      "stem": { "base": "game:block/glass/blue" },
      "herb": { "base": "game:block/cloth/cloth-ruined" }
    },
    "*": {
      "bowl": { "base": "game:block/soil/{bowl-color}clay" },
      "stem": { "base": "game:block/soil/{stem-color}clay" },
      "herb": { "base": "game:block/cloth/cloth-ruined" }
    }
  },
  "heldTpIdleAnimation": "holdbothhands",
  "behaviors": [
    {
      "name": "GroundStorable",
      "properties": {
        "layout": "Quadrants",
        "collisionBox": {
          "x1": 0,
          "y1": 0,
          "z1": 0,
          "x2": 1,
          "y2": 0.125,
          "z2": 1
        }
      }
    }
  ],
  "attributes": {
    "handbook": {
      "groupBy": [ "claysmokingpipe-*" ],
      "extraSections": [
        {
          "title": "handbook-item-use",
          "text": "Hold right mouse button. If you have smokable herbs in your inventory, they be consumed. Don't inhale too long though or you will take damage!"
        }
      ]
    },
    "shelvable": true,
    "bookshelveable": true,
    "displaycaseable": true,
    "onshelfTransform": {
      "translation": {
        "x": 0,
        "y": -0.25,
        "z": 0
      },
      "rotation": {
        "x": 0,
        "y": -133,
        "z": 0
      },
      "scale": 0.48
    },
    "onDisplayTransform": {
      "translation": {
        "x": 0,
        "y": -0.2,
        "z": -0
      },
      "rotation": {
        "x": 2,
        "y": 83,
        "z": 0
      },
      "scale": 0.54
    },
    "groundStorageTransform": {
      "translation": {
        "x": 0,
        "y": -0.24,
        "z": 0.1
      },
      "rotation": {
        "x": 0,
        "y": -144,
        "z": 0
      },
      "scale": 0.5
    }
  },
  "groundTransform": {
    "translation": {
      "x": 0,
      "y": 0.4,
      "z": 0
    },
    "rotation": {
      "x": 4,
      "y": -91,
      "z": -11
    },
    "origin": {
      "x": 0.5,
      "y": 0.5,
      "z": 0.45
    },
    "scale": 3.68
  },
  "tpHandTransform": {
    "translation": {
      "x": -1.5,
      "y": -0.9,
      "z": -0.9
    },
    "rotation": {
      "x": 177,
      "y": 12,
      "z": -83
    },
    "scale": 0.58
  },
  "guiTransform": {
    "translation": {
      "x": -0.8,
      "y": 0.5,
      "z": 0
    },
    "rotation": {
      "x": -92,
      "y": 117,
      "z": -78
    },
    "origin": {
      "x": 0.48,
      "y": 0.1,
      "z": 0.5
    },
    "scale": 1.77
  },
  "fpHandTransform": {
    "translation": {
      "x": 0.4,
      "y": 0.2,
      "z": 2.2
    },
    "rotation": {
      "x": -20,
      "y": -42,
      "z": -14
    },
    "origin": {
      "x": 1.4,
      "y": 0.5,
      "z": -1.5
    },
    "scale": 1.79
  }
}