﻿{
  "code": "mace",
  "class": "CombatOverhaul:MeleeWeapon",
  "behaviorsByType": {
    "@.*-(copper|.*bronze|.*iron|steel)": [
      {
        "name": "GroundStorable",
        "properties": {
          "layout": "WallHalves",
          "wallOffY": 2,
          "sprintKey": true,
          "selectionBox": {"x1": 0, "y1": 0, "z1": 0, "x2": 1, "y2": 0.1, "z2": 1},
          "collisionBox": {"x1": 0, "y1": 0, "z1": 0, "x2": 0, "y2": 0, "z2": 0}
        }
      },
      {
        "name": "CombatOverhaul:TexturesFromAttributes",
        "properties": {
          "Textures": [
            {
              "Code": "handle",
              "Attribute": "handleTexture",
              "Default": "game:block/wood/debarked/oak",
              "HandbookValues": [
                "game:block/wood/debarked/aged",
                "game:block/wood/debarked/birch",
                "game:block/wood/debarked/oak",
                "game:block/wood/debarked/maple",
                "game:block/wood/debarked/pine",
                "game:block/wood/debarked/acacia",
                "game:block/wood/debarked/kapok",
                "game:block/wood/debarked/baldcypress",
                "game:block/wood/debarked/larch",
                "game:block/wood/debarked/redwood",
                "game:block/wood/debarked/ebony",
                "game:block/wood/debarked/walnut",
                "game:block/wood/debarked/purpleheart"
              ]
            }
          ],
          "CreativeTabs": ["general", "armory-colors"]
        }
      }
    ],
    "*": [
      {
        "name": "GroundStorable",
        "properties": {
          "layout": "WallHalves",
          "wallOffY": 2,
          "sprintKey": true,
          "selectionBox": {"x1": 0, "y1": 0, "z1": 0, "x2": 1, "y2": 0.1, "z2": 1},
          "collisionBox": {"x1": 0, "y1": 0, "z1": 0, "x2": 0, "y2": 0, "z2": 0}
        }
      }
    ]
  },
  "variantgroups": [
    {"code": "type", "states": ["plain"]},
    {
      "code": "material",
      "states": [
        "chert",
        "granite",
        "andesite",
        "basalt",
        "obsidian",
        "peridotite",
        "flint",
        "copper",
        "tinbronze",
        "bismuthbronze",
        "blackbronze",
        "iron",
        "meteoriciron",
        "steel"
      ]
    }
  ],
  "texturesByType": {
    "@.*-(chert|granite|andesite|basalt|obsidian|peridotite)": {"material": {"base": "game:block/stone/rock/{material}1"}},
    "*-flint": {"material": {"base": "game:block/stone/flint"}},
    "*": {"metal": {"base": "game:block/metal/plate/{material}"}}
  },
  "shapeByType": {
    "*-copper": {"base": "blunt/mace-copper"},
    "*-tinbronze": {"base": "blunt/mace-bronze"},
    "*-bismuthbronze": {"base": "blunt/mace-bronze"},
    "*-blackbronze": {"base": "blunt/mace-bronze"},
    "*-*iron": {"base": "blunt/mace-iron"},
    "*-steel": {"base": "blunt/warhammer-steel"},
    "*": {"base": "blunt/mace-stone"}
  },
  "tool": "mace",
  "attributes": {
    "handbook": {"groupBy": ["mace-plain-{material}"]},
    "groundStorageTransformByType": {
      "*-copper": {"translation": {"x": 0.5, "y": 1.3, "z": 0.65}, "rotation": {"x": 15, "y": 0, "z": -90}, "origin": {"x": 0, "y": 0, "z": 0}, "scale": 0.7},
      "*-*bronze": {"translation": {"x": 0.5, "y": 1.3, "z": 0.65}, "rotation": {"x": 15, "y": 0, "z": -90}, "origin": {"x": 0, "y": 0, "z": 0}, "scale": 0.7},
      "*-*iron": {"translation": {"x": 0.5, "y": 1.5, "z": 0.6}, "rotation": {"x": 15, "y": 0, "z": -90}, "origin": {"x": 0, "y": 0, "z": 0}, "scale": 0.8},
      "*-steel": {"translation": {"x": 0.5, "y": 1.4, "z": 0.6}, "rotation": {"x": 15, "y": 0, "z": -90}, "origin": {"x": 0, "y": 0, "z": 0}, "scale": 0.8},
      "*": {"translation": {"x": 0.5, "y": 1.15, "z": 0.7}, "rotation": {"x": 15, "y": 0, "z": -90}, "origin": {"x": 0, "y": 0, "z": 0}, "scale": 0.6}
    },
    "toolrackTransformByType": {
      "*-copper": {"translation": {"x": -0.8, "y": 0.56, "z": -0.1}, "rotation": {"x": 0, "y": 0, "z": -2}, "origin": {"x": 0, "y": 0, "z": 0}, "scale": 1.2},
      "*-*bronze": {"translation": {"x": -0.8, "y": 0.56, "z": -0.1}, "rotation": {"x": 0, "y": 0, "z": -2}, "origin": {"x": 0, "y": 0, "z": 0}, "scale": 1.2},
      "*-*iron": {"translation": {"x": -0.6, "y": 0.56, "z": -0.1}, "rotation": {"x": 0, "y": 0, "z": -2}, "origin": {"x": 0, "y": 0, "z": 0}, "scale": 1.2},
      "*-steel": {"translation": {"x": -1.1, "y": 1.16, "z": 0.5}, "rotation": {"x": 90, "y": -1, "z": 0}, "origin": {"x": 0, "y": 0, "z": 0}, "scale": 1.2},
      "*": {"translation": {"x": -0.8, "y": 0.56, "z": -0.1}, "rotation": {"x": 0, "y": 0, "z": -2}, "origin": {"x": 0, "y": 0, "z": 0}, "scale": 1.2}
    },
    "ProficiencyStat": "macesProficiency",
    "RenderingOffset": false,
    "OneHandedStance": {
      "CanAttack": true,
      "CanParry": false,
      "CanBlock": false,
      "CanSprint": true,
      "Attack": {
        "StopOnTerrainHit": true,
        "StopOnEntityHit": true,
        "CollideWithTerrain": true,
        "MaxReach": 9,
        "DamageTypesByType": {
          "*-copper": [
            {"Damage": {"DamageType": "BluntAttack", "Strength": 2, "Damage": 3.5}, "Knockback": 0, "DurabilityDamage": 1, "Collider": [0.7, -0.1, 0.5, 1.7, -0.2, 0.5]}
          ],
          "*-*bronze": [{"Damage": {"DamageType": "BluntAttack", "Strength": 3, "Damage": 4}, "Knockback": 0, "DurabilityDamage": 1, "Collider": [0.7, -0.1, 0.5, 1.7, -0.2, 0.5]}],
          "*-iron": [{"Damage": {"DamageType": "BluntAttack", "Strength": 4, "Damage": 4.5}, "Knockback": 0, "DurabilityDamage": 1, "Collider": [0.7, -0.1, 0.5, 1.7, -0.2, 0.5]}],
          "*-meteoriciron": [
            {"Damage": {"DamageType": "BluntAttack", "Strength": 5, "Damage": 4.5}, "Knockback": 0, "DurabilityDamage": 1, "Collider": [0.7, -0.1, 0.5, 1.7, -0.2, 0.5]}
          ],
          "*-steel": [{"Damage": {"DamageType": "BluntAttack", "Strength": 6, "Damage": 5}, "Knockback": 0, "DurabilityDamage": 1, "Collider": [0.7, -0.1, 0.5, 1.7, -0.2, 0.5]}],
          "*": [{"Damage": {"DamageType": "BluntAttack", "Strength": 1, "Damage": 3}, "Knockback": 0, "DurabilityDamage": 1, "Collider": [0.7, -0.1, 0.5, 1.7, -0.2, 0.5]}]
        }
      },
      "AttackHitSound": "game:sounds/thud",
      "AttackAnimation": {"Main": ["armory:mace-strike-1h-1", "armory:mace-strike-1h-2"]},
      "TpAttackAnimation": {"Main": "combatoverhaul-falx-slash"},
      "ReadyAnimation": "armory:mace-ready-1h",
      "IdleAnimation": "armory:mace-idle-1h",
      "AttackTpAnimation": "falx"
    }
  },
  "durabilitybytype": {"*-copper": 250, "*-tinbronze": 450, "*-bismuthbronze": 530, "*-blackbronze": 600, "*-iron": 850, "*-meteoriciron": 1100, "*-steel": 2125, "*": 150},
  "creativeinventory": {"armory": ["*"]},
  "guiTransformByType": {
    "*-copper": {"translation": {"x": 0, "y": 0, "z": 0}, "rotation": {"x": 40, "y": 0, "z": -52}, "origin": {"x": 1.7, "y": -0.3, "z": 0}, "scaleXyz": {"x": -2, "y": 2, "z": 2}},
    "*-*bronze": {"translation": {"x": 0, "y": 0, "z": 0}, "rotation": {"x": 40, "y": 0, "z": -52}, "origin": {"x": 1.7, "y": -0.3, "z": 0}, "scaleXyz": {"x": -2, "y": 2, "z": 2}},
    "*-*iron": {"translation": {"x": 0, "y": 0, "z": 0}, "rotation": {"x": 40, "y": 0, "z": -52}, "origin": {"x": 1.7, "y": -0.3, "z": 0}, "scaleXyz": {"x": -2, "y": 2, "z": 2}},
    "*-steel": {"translation": {"x": 0, "y": 0, "z": 0}, "rotation": {"x": 40, "y": 0, "z": -52}, "origin": {"x": 1.7, "y": -0.3, "z": 0}, "scaleXyz": {"x": -2, "y": 2, "z": 2}},
    "*": {"translation": {"x": 0, "y": 0, "z": 0}, "rotation": {"x": 40, "y": 0, "z": -52}, "origin": {"x": 1.7, "y": -0.3, "z": 0}, "scaleXyz": {"x": -2, "y": 2, "z": 2}}
  },
  "groundTransform": {"translation": {"x": 0, "y": 0, "z": 0}, "rotation": {"x": 0, "y": 0, "z": 0}, "origin": {"x": 0, "y": 0, "z": 0}, "scale": 4},
  "tpHandTransform": {"translation": {"x": 0.33, "y": 0.05, "z": 0.5}, "rotation": {"x": 0, "y": 0, "z": 0}, "origin": {"x": 0, "y": 0, "z": 0}, "scale": 0.6}
}