{
	"editor": {
		"allAngles": false,
		"entityTextureMode": false
	},
	"textureWidth": 16,
	"textureHeight": 16,
	"textureSizes": {
	},
	"textures": {
		"metal": "game:block/metal/ingot/tinbronze"
	},
	"elements": [
		{
			"name": "origin",
			"from": [ 8.0, 5.0, 8.0 ],
			"to": [ 8.0, 5.0, 8.0 ],
			"rotationOrigin": [ 8.0, 5.0, 8.0 ],
			"faces": {
			},
			"children": [
				{
					"name": "handleB2",
					"from": [ 1.8, 0.3, 3.0 ],
					"to": [ 2.6, 1.3, 10.0 ],
					"rotationOrigin": [ 1.8, 0.3, 3.0 ],
					"rotationY": 5.0,
					"rotationZ": 180.0,
					"faces": {
						"north": {
							"texture": "#metal",
							"uv": [ 0.0, 0.0, 0.5, 1.0 ]
						},
						"east": {
							"texture": "#metal",
							"uv": [ 6.0, 0.0, 13.0, 1.0 ]
						},
						"south": {
							"texture": "#metal",
							"uv": [ 0.0, 0.0, 0.5, 1.0 ]
						},
						"west": {
							"texture": "#metal",
							"uv": [ 7.0, 0.0, 14.0, 1.0 ]
						},
						"up": {
							"texture": "#metal",
							"uv": [ 2.0, 0.0, 2.5, 7.0 ]
						},
						"down": {
							"texture": "#metal",
							"uv": [ 2.0, 0.0, 2.5, 7.0 ]
						}
					},
					"children": [
						{
							"name": "bfore2",
							"from": [ 0.0, 0.0, 0.0 ],
							"to": [ 5.0, 1.0, 0.7 ],
							"rotationOrigin": [ 0.0, 0.0, 0.0 ],
							"rotationY": 90.0,
							"faces": {
								"north": {
									"texture": "#metal",
									"uv": [ 3.0, 0.0, 8.0, 1.0 ]
								},
								"east": {
									"texture": "#metal",
									"uv": [ 0.0, 0.0, 0.5, 1.0 ]
								},
								"south": {
									"texture": "#metal",
									"uv": [ 3.0, 0.0, 8.0, 1.0 ]
								},
								"west": {
									"texture": "#metal",
									"uv": [ 0.0, 0.0, 0.5, 1.0 ]
								},
								"up": {
									"texture": "#metal",
									"uv": [ 3.0, 0.0, 8.0, 0.5 ]
								},
								"down": {
									"texture": "#metal",
									"uv": [ 3.0, 0.0, 8.0, 0.5 ]
								}
							},
							"children": [
								{
									"name": "grabberupperB2",
									"from": [ 5.6, 1.0, 0.5 ],
									"to": [ 7.1, 2.0, 1.1 ],
									"rotationOrigin": [ 5.6, 1.0, 0.5 ],
									"rotationY": -90.0,
									"rotationZ": 180.0,
									"faces": {
										"north": {
											"texture": "#metal",
											"uv": [ 0.0, 0.0, 1.5, 1.0 ]
										},
										"east": {
											"texture": "#metal",
											"uv": [ 2.0, 0.0, 2.5, 1.0 ]
										},
										"south": {
											"texture": "#metal",
											"uv": [ 2.0, 0.0, 3.5, 1.0 ]
										},
										"west": {
											"texture": "#metal",
											"uv": [ 0.0, 0.0, 0.5, 1.0 ]
										},
										"up": {
											"texture": "#metal",
											"uv": [ 3.0, 0.0, 4.5, 0.5 ]
										},
										"down": {
											"texture": "#metal",
											"uv": [ 8.0, 0.0, 9.5, 0.5 ]
										}
									},
									"children": [
										{
											"name": "grabberlowerB5",
											"from": [ 0.9, 0.0, 0.0 ],
											"to": [ 1.9, 1.0, 0.6 ],
											"rotationOrigin": [ 0.9, 0.0, 0.0 ],
											"rotationY": 90.0,
											"faces": {
												"north": {
													"texture": "#metal",
													"uv": [ 0.0, 0.0, 1.0, 1.0 ]
												},
												"east": {
													"texture": "#metal",
													"uv": [ 0.0, 0.0, 0.5, 1.0 ]
												},
												"south": {
													"texture": "#metal",
													"uv": [ 3.0, 0.0, 4.0, 1.0 ]
												},
												"west": {
													"texture": "#metal",
													"uv": [ 0.0, 0.0, 0.5, 1.0 ]
												},
												"up": {
													"texture": "#metal",
													"uv": [ 6.0, 3.0, 7.0, 3.5 ]
												},
												"down": {
													"texture": "#metal",
													"uv": [ 8.0, 2.0, 9.0, 2.5 ]
												}
											},
											"children": [
												{
													"name": "grabberlowerB6",
													"from": [ 0.5, 0.0, 0.6 ],
													"to": [ 3.0, 1.0, 1.2 ],
													"rotationOrigin": [ 0.5, 0.0, 0.6 ],
													"faces": {
														"north": {
															"texture": "#metal",
															"uv": [ 3.0, 0.0, 5.5, 1.0 ]
														},
														"east": {
															"texture": "#metal",
															"uv": [ 3.0, 0.0, 3.5, 1.0 ]
														},
														"south": {
															"texture": "#metal",
															"uv": [ 2.0, 0.0, 4.5, 1.0 ]
														},
														"west": {
															"texture": "#metal",
															"uv": [ 4.0, 0.0, 4.5, 1.0 ]
														},
														"up": {
															"texture": "#metal",
															"uv": [ 3.0, 0.0, 5.5, 0.5 ]
														},
														"down": {
															"texture": "#metal",
															"uv": [ 5.0, 2.0, 7.5, 2.5 ]
														}
													},
													"children": [
														{
															"name": "grabberlowerB7",
															"from": [ 2.0, 0.0, -0.6 ],
															"to": [ 4.0, 1.0, 0.0 ],
															"rotationOrigin": [ 2.0, 0.0, -0.6 ],
															"faces": {
																"north": {
																	"texture": "#metal",
																	"uv": [ 0.0, 0.0, 2.0, 1.0 ]
																},
																"east": {
																	"texture": "#metal",
																	"uv": [ 0.0, 0.0, 0.5, 1.0 ]
																},
																"south": {
																	"texture": "#metal",
																	"uv": [ 0.0, 0.0, 2.0, 1.0 ]
																},
																"west": {
																	"texture": "#metal",
																	"uv": [ 0.0, 0.0, 0.5, 1.0 ]
																},
																"up": {
																	"texture": "#metal",
																	"uv": [ 0.0, 0.0, 2.0, 0.5 ]
																},
																"down": {
																	"texture": "#metal",
																	"uv": [ 0.0, 0.0, 2.0, 0.5 ]
																}
															}
														}
													]
												}
											]
										}
									]
								}
							]
						}
					]
				},
				{
					"name": "handleB3",
					"from": [ -0.465, -0.7, 2.997 ],
					"to": [ 0.335, 0.3, 9.997 ],
					"rotationOrigin": [ -0.5, -0.7, 3.0 ],
					"rotationY": -5.0,
					"faces": {
						"north": {
							"texture": "#metal",
							"uv": [ 0.0, 0.0, 0.5, 1.0 ]
						},
						"east": {
							"texture": "#metal",
							"uv": [ 2.0, 0.0, 9.0, 1.0 ]
						},
						"south": {
							"texture": "#metal",
							"uv": [ 0.0, 0.0, 0.5, 1.0 ]
						},
						"west": {
							"texture": "#metal",
							"uv": [ 6.0, 0.0, 13.0, 1.0 ]
						},
						"up": {
							"texture": "#metal",
							"uv": [ 7.0, 0.0, 7.5, 7.0 ]
						},
						"down": {
							"texture": "#metal",
							"uv": [ 4.0, 3.0, 4.5, 10.0 ]
						}
					},
					"children": [
						{
							"name": "bfore3",
							"from": [ 0.0, 0.0, 0.0 ],
							"to": [ 5.0, 1.0, 0.7 ],
							"rotationOrigin": [ 0.0, 0.0, 0.0 ],
							"rotationY": 90.0,
							"faces": {
								"north": {
									"texture": "#metal",
									"uv": [ 0.0, 0.0, 5.0, 1.0 ]
								},
								"east": {
									"texture": "#metal",
									"uv": [ 0.0, 0.0, 0.5, 1.0 ]
								},
								"south": {
									"texture": "#metal",
									"uv": [ 0.0, 3.0, 5.0, 4.0 ]
								},
								"west": {
									"texture": "#metal",
									"uv": [ 0.0, 0.0, 0.5, 1.0 ]
								},
								"up": {
									"texture": "#metal",
									"uv": [ 5.0, 0.0, 10.0, 0.5 ]
								},
								"down": {
									"texture": "#metal",
									"uv": [ 0.0, 0.0, 5.0, 0.5 ]
								}
							},
							"children": [
								{
									"name": "grabberupperB3",
									"from": [ 5.6, 1.0, 0.5 ],
									"to": [ 7.1, 2.0, 1.1 ],
									"rotationOrigin": [ 5.6, 1.0, 0.5 ],
									"rotationY": -90.0,
									"rotationZ": 180.0,
									"faces": {
										"north": {
											"texture": "#metal",
											"uv": [ 2.0, 0.0, 3.5, 1.0 ]
										},
										"east": {
											"texture": "#metal",
											"uv": [ 0.0, 0.0, 0.5, 1.0 ]
										},
										"south": {
											"texture": "#metal",
											"uv": [ 0.0, 0.0, 1.5, 1.0 ]
										},
										"west": {
											"texture": "#metal",
											"uv": [ 0.0, 0.0, 0.5, 1.0 ]
										},
										"up": {
											"texture": "#metal",
											"uv": [ 4.0, 0.0, 5.5, 0.5 ]
										},
										"down": {
											"texture": "#metal",
											"uv": [ 2.0, 0.0, 3.5, 0.5 ]
										}
									},
									"children": [
										{
											"name": "grabberlowerB9",
											"from": [ 0.9, 0.0, 0.0 ],
											"to": [ 1.9, 1.0, 0.6 ],
											"rotationOrigin": [ 0.9, 0.0, 0.0 ],
											"rotationY": 90.0,
											"faces": {
												"north": {
													"texture": "#metal",
													"uv": [ 0.0, 4.0, 1.0, 5.0 ]
												},
												"east": {
													"texture": "#metal",
													"uv": [ 1.0, 3.0, 1.5, 4.0 ]
												},
												"south": {
													"texture": "#metal",
													"uv": [ 9.0, 0.0, 10.0, 1.0 ]
												},
												"west": {
													"texture": "#metal",
													"uv": [ 5.0, 0.0, 5.5, 1.0 ]
												},
												"up": {
													"texture": "#metal",
													"uv": [ 0.0, 5.0, 1.0, 5.5 ]
												},
												"down": {
													"texture": "#metal",
													"uv": [ 0.0, 5.0, 1.0, 5.5 ]
												}
											},
											"children": [
												{
													"name": "grabberlowerB10",
													"from": [ 0.5, 0.0, 0.6 ],
													"to": [ 3.0, 1.0, 1.2 ],
													"rotationOrigin": [ 0.5, 0.0, 0.6 ],
													"faces": {
														"north": {
															"texture": "#metal",
															"uv": [ 4.0, 0.0, 6.5, 1.0 ]
														},
														"east": {
															"texture": "#metal",
															"uv": [ 0.0, 0.0, 0.5, 1.0 ]
														},
														"south": {
															"texture": "#metal",
															"uv": [ 4.0, 0.0, 6.5, 1.0 ]
														},
														"west": {
															"texture": "#metal",
															"uv": [ 4.0, 0.0, 4.5, 1.0 ]
														},
														"up": {
															"texture": "#metal",
															"uv": [ 8.0, 0.0, 10.5, 0.5 ]
														},
														"down": {
															"texture": "#metal",
															"uv": [ 4.0, 0.0, 6.5, 0.5 ]
														}
													},
													"children": [
														{
															"name": "grabberlowerB11",
															"from": [ 2.0, 0.0, -0.6 ],
															"to": [ 4.0, 1.0, 0.0 ],
															"rotationOrigin": [ 2.0, 0.0, -0.6 ],
															"faces": {
																"north": {
																	"texture": "#metal",
																	"uv": [ 0.0, 0.0, 2.0, 1.0 ]
																},
																"east": {
																	"texture": "#metal",
																	"uv": [ 0.0, 0.0, 0.5, 1.0 ]
																},
																"south": {
																	"texture": "#metal",
																	"uv": [ 3.0, 0.0, 5.0, 1.0 ]
																},
																"west": {
																	"texture": "#metal",
																	"uv": [ 0.0, 0.0, 0.5, 1.0 ]
																},
																"up": {
																	"texture": "#metal",
																	"uv": [ 3.0, 0.0, 5.0, 0.5 ]
																},
																"down": {
																	"texture": "#metal",
																	"uv": [ 2.0, 0.0, 4.0, 0.5 ]
																}
															}
														}
													]
												}
											]
										}
									]
								}
							]
						}
					]
				}
			]
		}
	]
}