{
	"editor": {
		"allAngles": false,
		"entityTextureMode": false
	},
	"textureWidth": 16,
	"textureHeight": 16,
	"textureSizes": {
	},
	"textures": {
		"tule": "block/plant/sedge/tule"
	},
	"elements": [
		{
			"name": "Cube1",
			"from": [ -3.0, 0.0, 14.0 ], 
			"to": [ 21.0, 56.0, 14.0 ], 
			"shade": false,
			"climateColorMap": "climateDarkerPlantTint",
			"seasonColorMap": "seasonalFoliage",
			"renderPass": 1,
			"rotationOrigin": [ 9.0, 0.0, 14.0 ],
			"faces": {
				"north": { "texture": "#tule", "uv": [ 0.0, 0.0, 16.0, 16.0 ], "autoUv": false, "windMode": [0,5,5,0], "windData": [0,3,3,0] },
				"east": { "texture": "#leaves", "uv": [ 0.0, 0.0, 0.5, 56.0 ], "enabled": false },
				"south": { "texture": "#leaves", "uv": [ 0.0, 0.0, 24.0, 56.0 ], "enabled": false },
				"west": { "texture": "#leaves", "uv": [ 0.0, 0.0, 0.5, 56.0 ], "enabled": false },
				"up": { "texture": "#leaves", "uv": [ 0.0, 0.0, 24.0, 0.5 ], "enabled": false },
				"down": { "texture": "#leaves", "uv": [ 0.0, 0.0, 24.0, 0.5 ], "enabled": false }
			}
		},
		{
			"name": "Cube2",
			"from": [ -5.0, 0.0, 2.0 ], 
			"to": [ 19.0, 56.0, 2.0 ], 
			"shade": false,
			"climateColorMap": "climateDarkerPlantTint",
			"seasonColorMap": "seasonalFoliage",
			"renderPass": 1,
			"rotationOrigin": [ 7.0, 0.0, 2.0 ],
			"faces": {
				"north": { "texture": "#tule", "uv": [ 0.0, 0.0, 16.0, 16.0 ], "autoUv": false, "windMode": [0,5,5,0], "windData": [0,3,3,0] },
				"east": { "texture": "#leaves", "uv": [ 0.0, 0.0, 0.5, 56.0 ], "enabled": false },
				"south": { "texture": "#leaves", "uv": [ 0.0, 0.0, 24.0, 56.0 ], "enabled": false },
				"west": { "texture": "#leaves", "uv": [ 0.0, 0.0, 0.5, 56.0 ], "enabled": false },
				"up": { "texture": "#leaves", "uv": [ 0.0, 0.0, 24.0, 0.5 ], "enabled": false },
				"down": { "texture": "#leaves", "uv": [ 0.0, 0.0, 24.0, 0.5 ], "enabled": false }
			}
		},
		{
			"name": "Cube3",
			"from": [ 2.0, 0.0, 7.0 ], 
			"to": [ 26.0, 56.0, 7.0 ], 
			"shade": false,
			"climateColorMap": "climateDarkerPlantTint",
			"seasonColorMap": "seasonalFoliage",
			"renderPass": 1,
			"rotationOrigin": [ 14.0, 0.0, 7.0 ],
			"rotationY": 90.0,
			"faces": {
				"north": { "texture": "#tule", "uv": [ 0.0, 0.0, 16.0, 16.0 ], "autoUv": false, "windMode": [0,5,5,0], "windData": [0,3,3,0] },
				"east": { "texture": "#leaves", "uv": [ 0.0, 0.0, 0.5, 56.0 ], "enabled": false },
				"south": { "texture": "#leaves", "uv": [ 0.0, 0.0, 24.0, 56.0 ], "enabled": false },
				"west": { "texture": "#leaves", "uv": [ 0.0, 0.0, 0.5, 56.0 ], "enabled": false },
				"up": { "texture": "#leaves", "uv": [ 0.0, 0.0, 24.0, 0.5 ], "enabled": false },
				"down": { "texture": "#leaves", "uv": [ 0.0, 0.0, 24.0, 0.5 ], "enabled": false }
			}
		},
		{
			"name": "Cube4",
			"from": [ -10.0, 0.0, 9.0 ], 
			"to": [ 14.0, 56.0, 9.0 ], 
			"shade": false,
			"climateColorMap": "climateDarkerPlantTint",
			"seasonColorMap": "seasonalFoliage",
			"renderPass": 1,
			"rotationOrigin": [ 2.0, 0.0, 9.0 ],
			"rotationY": 90.0,
			"faces": {
				"north": { "texture": "#tule", "uv": [ 0.0, 0.0, 16.0, 16.0 ], "autoUv": false, "windMode": [0,5,5,0], "windData": [0,3,3,0] },
				"east": { "texture": "#leaves", "uv": [ 0.0, 0.0, 0.5, 56.0 ], "enabled": false },
				"south": { "texture": "#leaves", "uv": [ 0.0, 0.0, 24.0, 56.0 ], "enabled": false },
				"west": { "texture": "#leaves", "uv": [ 0.0, 0.0, 0.5, 56.0 ], "enabled": false },
				"up": { "texture": "#leaves", "uv": [ 0.0, 0.0, 24.0, 0.5 ], "enabled": false },
				"down": { "texture": "#leaves", "uv": [ 0.0, 0.0, 24.0, 0.5 ], "enabled": false }
			}
		}
	]}