﻿[
	{
		ingredientPattern: "P",
		width: 1,
		height: 1,
		ingredients: {
			"P": { 
				type: "block",
				code: "pitchpot-empty" 
			}
		},
		output: { 
			type: "block", 
			code: "game:claypot-burned",
			quantity: 1
		}
	},
	{
		ingredientPattern: "P",
		width: 1,
		height: 1,
		ingredients: {
			"P": { 
				type: "block",
				code: "pitchpot-residuecovered" 
			}
		},
		output: { 
			type: "block", 
			code: "game:dirtyclaypot-empty",
			quantity: 1
		}
	},
	{
		ingredientPattern: "BP",
		width: 2,
		height: 1,
		shapeless: true,
		ingredients: {
			"B": {
				type: "item",
				name: "powderedcharcoal",
				code: "game:powder-charcoal",
				returnedStack: { type: "item", code: "game:powder-charcoal" }
			},
			"P": { 
				type: "block",
				code: "game:claypot-burned" 
			},
		},
		output: { 
			type: "block", 
			code: "pitchpot-empty",
			quantity: 1
		}
	},
	{
		ingredientPattern: "BP",
		width: 2,
		height: 1,
		shapeless: true,
		ingredients: {
			"B": {
				type: "item",
				name: "powderedcharcoal",
				code: "game:powder-charcoal",
				returnedStack: { type: "item", code: "game:powder-charcoal" }
			},
			"P": { 
				type: "block",
				code: "game:dirtyclaypot-empty" 
			},
		},
		output: { 
			type: "block", 
			code: "pitchpot-residuecovered",
			quantity: 1
		}
	},
	{
		ingredientPattern: "P",
		width: 1,
		height: 1,
		shapeless: true,
		ingredients: {
			"P": { 
				type: "block",
				code: "pitchpot-empty" 
			},
		},
		output: { 
			type: "block", 
			code: "game:claypot-burned",
			quantity: 1
		}
	},
	{
		ingredientPattern: "P",
		width: 1,
		height: 1,
		shapeless: true,
		ingredients: {
			"P": { 
				type: "block",
				code: "pitchpot-residuecovered" 
			},
		},
		output: { 
			type: "block", 
			code: "game:dirtyclaypot-empty",
			quantity: 1
		}
	}
]