﻿{
	code: "beam",
	creativeinventory: { "general": ["*"], "items": ["*"], "ancienttools": ["*"] },
	attributes: {
		handbook: {
			groupBy: ["beam-*"]
		}
	},
	behaviors: [{ 
		name: "GroundStorable",
		properties: {
			layout: "Stacking",
			placeRemoveSound: "game:sounds/block/planks",
			stackingModel: "ancienttools:block/piles/beams",
			stackingTextures: {
				side: "game:block/wood/debarked/{wood}",
				end: "game:block/wood/treetrunk/{wood}",
			},
			tessQuantityElements: 1,
			stackingCapacity: 12,
			collisionBox: { x1: 0, y1: 0, z1: 0, x2: 1, y2: 0.25, z2: 1 },
			cbScaleYByLayer: 0.33333333333333333333333333333333,
			transferQuantity: 1,
			bulkTransferQuantity: 3	
		}
	}],
	variantgroups: [
        { code: "wood", loadFromProperties: "game:block/wood", states:["aged", "veryaged", "veryagedrotten"] },
    ],
	shape: {
		base: "item/resource/beam"
	},
	drawtype: "json",
	textures: {
		"side": { base: "game:block/wood/debarked/{wood}", rotation: 90 },
		"end": { base: "game:block/wood/treetrunk/{wood}" },
	},
	combustibleProps: {
		burnTemperature: 800,
		burnDuration: 20,
	},
	maxStackSize: 16,
	materialDensity: 700,
	guiTransform: {
		rotation: { x: 0, y: 50, z: 63 },
		origin: { x: 0.7, y: -0.1, z: 0 },
		scale: 1.5
	},
	fpHandTransform: {
		origin: { x: 0.5, y: 0.3, z: 0.5 }
	},
	tpHandTransform: {
		translation: { x: -1.2, y: -1.1, z: -0.8 },
		rotation: { x: 4, y: 16, z: -78 },
		origin: { x: 0.3, y: 0.6, z: 0.45 },
		scale: 0.42
	},
	groundTransform: {
		translation: { x: 0, y: 0, z: 0 },
		rotation: { x: 90, y: 0, z: 0 },
		origin: { x: 0.5, y: 0.5, z: 0.6299 },
		scale: 3
	}
}