{
	"editor": {
		"allAngles": false,
		"entityTextureMode": false
	},
	"textureWidth": 16,
	"textureHeight": 16,
	"textureSizes": {
	},
	"textures": {
		"material": "block/clay/shingles/blue"
	},
	"elements": [
		{
			"name": "east",
			"from": [ 0.0, 0.0, 0.0 ],
			"to": [ 0.0, 0.0, 0.0 ],
			"renderInEditor": false,
			"faces": {
				"north": { "texture": "#material", "uv": [ 0.0, 0.0, 0.5, 0.5 ] },
				"east": { "texture": "#material", "uv": [ 0.0, 0.0, 0.5, 0.5 ] },
				"south": { "texture": "#material", "uv": [ 0.0, 0.0, 0.5, 0.5 ] },
				"west": { "texture": "#material", "uv": [ 0.0, 0.0, 0.5, 0.5 ] },
				"up": { "texture": "#material", "uv": [ 0.0, 0.0, 0.5, 0.5 ] },
				"down": { "texture": "#material", "uv": [ 0.0, 0.0, 0.5, 0.5 ] }
			},
			"children": [
				{
					"name": "slope-3",
					"from": [ 0.0, 0.0, 0.0 ],
					"to": [ 0.0, 0.0, 0.0 ],
					"renderInEditor": false,
					"faces": {
						"north": { "texture": "#material", "uv": [ 0.0, 0.0, 0.5, 0.5 ] },
						"east": { "texture": "#material", "uv": [ 0.0, 0.0, 0.5, 0.5 ] },
						"south": { "texture": "#material", "uv": [ 0.0, 0.0, 0.5, 0.5 ] },
						"west": { "texture": "#material", "uv": [ 0.0, 0.0, 0.5, 0.5 ] },
						"up": { "texture": "#material", "uv": [ 0.0, 0.0, 0.5, 0.5 ] },
						"down": { "texture": "#material", "uv": [ 0.0, 0.0, 0.5, 0.5 ] }
					},
					"children": [
						{
							"name": "main",
							"from": [ 0.0, 0.0, 0.0 ],
							"to": [ 0.0, 0.0, 0.0 ],
							"faces": {
								"north": { "texture": "#material", "uv": [ 0.0, 0.0, 0.5, 0.5 ] },
								"east": { "texture": "#material", "uv": [ 0.0, 0.0, 0.5, 0.5 ] },
								"south": { "texture": "#material", "uv": [ 0.0, 0.0, 0.5, 0.5 ] },
								"west": { "texture": "#material", "uv": [ 0.0, 0.0, 0.5, 0.5 ] },
								"up": { "texture": "#material", "uv": [ 0.0, 0.0, 0.5, 0.5 ] },
								"down": { "texture": "#material", "uv": [ 0.0, 0.0, 0.5, 0.5 ] }
							},
							"children": [
								{
									"name": "middle",
									"from": [ 0.0, 0.5, 0.0 ],
									"to": [ 0.0, 0.5, 0.0 ],
									"rotationOrigin": [ 1.0, 1.0, 0.0 ],
									"faces": {
										"north": { "texture": "#material", "uv": [ 0.0, 0.0, 0.5, 0.5 ] },
										"east": { "texture": "#material", "uv": [ 0.0, 0.0, 0.5, 0.5 ] },
										"south": { "texture": "#material", "uv": [ 0.0, 0.0, 0.5, 0.5 ] },
										"west": { "texture": "#material", "uv": [ 0.0, 0.0, 0.5, 0.5 ] },
										"up": { "texture": "#material", "uv": [ 0.0, 0.0, 0.5, 0.5 ] },
										"down": { "texture": "#material", "uv": [ 0.0, 0.0, 0.5, 0.5 ] }
									},
									"children": [
										{
											"name": "shingle9",
											"from": [ 0.0, -2.0, -0.02 ],
											"to": [ 6.0, 2.0, 16.02 ],
											"rotationOrigin": [ 0.0, -2.0, 0.0 ],
											"rotationZ": 22.5,
											"faces": {
												"north": { "texture": "#material", "uv": [ 0.0, 0.0, 6.0, 4.0 ] },
												"east": { "texture": "#material", "uv": [ 0.0, 0.0, 16.0, 4.0 ] },
												"south": { "texture": "#material", "uv": [ 0.0, 0.0, 6.0, 4.0 ] },
												"west": { "texture": "#material", "uv": [ 0.0, 0.0, 16.0, 4.0 ] },
												"up": { "texture": "#material", "uv": [ 0.0, 0.0, 16.0, 6.0 ], "rotation": 90 },
												"down": { "texture": "#material", "uv": [ 0.0, 0.0, 16.0, 6.0 ], "rotation": 90 }
											}
										},
										{
											"name": "shingle10",
											"from": [ 4.0, 2.0, -0.01 ],
											"to": [ 10.0, 6.0, 16.01 ],
											"rotationOrigin": [ 4.0, 2.0, 0.0 ],
											"rotationZ": 22.5,
											"faces": {
												"north": { "texture": "#material", "uv": [ 0.0, 0.0, 6.0, 4.0 ] },
												"east": { "texture": "#material", "uv": [ 0.0, 0.0, 16.0, 4.0 ] },
												"south": { "texture": "#material", "uv": [ 0.0, 0.0, 6.0, 4.0 ] },
												"west": { "texture": "#material", "uv": [ 0.0, 0.0, 16.0, 4.0 ] },
												"up": { "texture": "#material", "uv": [ 0.0, 0.0, 16.0, 6.0 ], "rotation": 90 },
												"down": { "texture": "#material", "uv": [ 0.0, 0.0, 16.0, 6.0 ], "rotation": 90 }
											}
										},
										{
											"name": "shingle11",
											"from": [ 8.0, 6.0, -0.02 ],
											"to": [ 14.0, 10.0, 16.02 ],
											"rotationOrigin": [ 8.0, 6.0, 0.0 ],
											"rotationZ": 22.5,
											"faces": {
												"north": { "texture": "#material", "uv": [ 0.0, 0.0, 6.0, 4.0 ] },
												"east": { "texture": "#material", "uv": [ 0.0, 0.0, 16.0, 4.0 ] },
												"south": { "texture": "#material", "uv": [ 0.0, 0.0, 6.0, 4.0 ] },
												"west": { "texture": "#material", "uv": [ 0.0, 0.0, 16.0, 4.0 ] },
												"up": { "texture": "#material", "uv": [ 0.0, 0.0, 16.0, 6.0 ], "rotation": 90 },
												"down": { "texture": "#material", "uv": [ 0.0, 0.0, 16.0, 6.0 ], "rotation": 90 }
											}
										},
										{
											"name": "shingle12",
											"from": [ 12.0, 10.0, -0.01 ],
											"to": [ 18.0, 14.0, 16.03 ],
											"rotationOrigin": [ 12.0, 10.0, 0.0 ],
											"rotationZ": 22.5,
											"faces": {
												"north": { "texture": "#material", "uv": [ 0.0, 0.0, 6.0, 4.0 ] },
												"east": { "texture": "#material", "uv": [ 0.0, 0.0, 16.0, 4.0 ] },
												"south": { "texture": "#material", "uv": [ 0.0, 0.0, 6.0, 4.0 ] },
												"west": { "texture": "#material", "uv": [ 0.0, 0.0, 16.0, 4.0 ] },
												"up": { "texture": "#material", "uv": [ 0.0, 0.0, 16.0, 6.0 ], "rotation": 90 },
												"down": { "texture": "#material", "uv": [ 0.0, 0.0, 16.0, 6.0 ], "rotation": 90 }
											}
										}
									]
								}
							]
						}
					]
				}
			]
		}
	]}